tag_id,platform,system,subsystem,equipment_id,equipment_type,signal_name,description_ko,io_type,data_type,unit,tag_class,value_basis,limit_basis,model_mapping,normal_or_initial,alarm_limits,trip_or_event_logic,priority,sample_ms,editable,gt_trip_behavior,source_url,notes
TSP.SYS.SIM_TIME,Thermo VPP,SYS,SIMULATION,SYS-001,Simulation Controller,SIM_TIME,시뮬레이션 시간,CALC,REAL,s,T,T,A,,0,USER_EDIT,,INFO,1000,Y,continuous,,TripLens alias
TSP.SYS.RUN_STATUS,Thermo VPP,SYS,SIMULATION,SYS-001,Simulation Controller,RUN_STATUS,시뮬레이션 실행상태,CALC,ENUM,-,T,T,A,,STOPPED,USER_EDIT,,INFO,1000,Y,RUNNING→COMPLETED,,TripLens alias
TSP.SYS.SCENARIO_ID,Thermo VPP,SYS,SIMULATION,SYS-001,Simulation Controller,SCENARIO_ID,선택 시나리오,CALC,STRING,-,T,T,A,,GT_TRIP,USER_EDIT,,INFO,1000,Y,GT_TRIP,,TripLens alias
TSP.SYS.SCENARIO_PHASE,Thermo VPP,SYS,SIMULATION,SYS-001,Simulation Controller,SCENARIO_PHASE,시나리오 단계,CALC,ENUM,-,T,T,A,,PRETRIP,USER_EDIT,,INFO,1000,Y,PRETRIP→RUNDOWN→POSTTRIP,,TripLens alias
TSP.SYS.DATA_QUALITY,Thermo VPP,SYS,SIMULATION,SYS-001,Simulation Controller,DATA_QUALITY,데이터 품질,CALC,ENUM,-,T,T,A,,GOOD,USER_EDIT,,INFO,1000,Y,GOOD/BAD/STALE,,TripLens alias
TSP.SYS.SOLVER_STATUS,Thermo VPP,SYS,SIMULATION,SYS-001,Simulation Controller,SOLVER_STATUS,해석기 상태,CALC,ENUM,-,T,T,A,,READY,USER_EDIT,,INFO,1000,Y,READY/RUN/FAIL,,TripLens alias
TSP.SYS.MODEL_TRAIN_COUNT,Thermo VPP,SYS,SIMULATION,SYS-001,Simulation Controller,MODEL_TRAIN_COUNT,모델링 Train 수,CALC,INT,count,M,M,A,,1,USER_EDIT,,INFO,1000,Y,constant,https://ep.liu.se/konferensartikel.aspx?Article_No=46&issue=132&series=,TripLens alias
TSP.SYS.PLANT_GT_COUNT_REF,Thermo VPP,SYS,SIMULATION,SYS-001,Simulation Controller,PLANT_GT_COUNT_REF,실제 발전소 GT 수 공개 참조,CALC,INT,count,M,M,A,,2,USER_EDIT,,INFO,1000,Y,constant,https://ep.liu.se/konferensartikel.aspx?Article_No=46&issue=132&series=,TripLens alias
TSP.SYS.TAGSET_REV,Thermo VPP,SYS,SIMULATION,SYS-001,Simulation Controller,TAGSET_REV,태그셋 개정번호,CALC,STRING,-,T,T,A,,REV0,USER_EDIT,,INFO,1000,Y,constant,,TripLens alias
TSP.SYS.EVENT_SEQUENCE_NO,Thermo VPP,SYS,SIMULATION,SYS-001,Simulation Controller,EVENT_SEQUENCE_NO,이벤트 순번,CALC,INT,count,T,T,A,,0,USER_EDIT,,INFO,1000,Y,increment on event,,TripLens alias
TSP.FG_IN.TEMP_IN,Thermo VPP,FG,FLUE_GAS_BOUNDARY,FG-SRC-001,Source/Sink Boundary,TEMP_IN,HRSG 입구 배기가스 온도,AI,REAL,K,M,M,A,GasTurbineTrip.flueGasBoundary.temp_in,894,N/A,,INFO,100,N,423 K over 600 s,https://ep.liu.se/konferensartikel.aspx?Article_No=46&issue=132&series=,공개 모델값의 TripLens alias
TSP.FG_IN.MASS_FLOW_IN,Thermo VPP,FG,FLUE_GAS_BOUNDARY,FG-SRC-001,Source/Sink Boundary,MASS_FLOW_IN,HRSG 입구 배기가스 질량유량,AI,REAL,kg/s,M,M,A,GasTurbineTrip.flueGasBoundary.mass_flow_in,607,N/A,,INFO,100,N,50 kg/s over 600 s,https://ep.liu.se/konferensartikel.aspx?Article_No=46&issue=132&series=,공개 모델값의 TripLens alias
TSP.FG_IN.PRESS_IN,Thermo VPP,FG,FLUE_GAS_BOUNDARY,FG-SRC-001,Source/Sink Boundary,PRESS_IN,HRSG 입구 배기가스 압력,AI,REAL,Pa,M,M,A,GasTurbineTrip.flueGasBoundary.press_in,USER_EDIT,N/A,,INFO,100,N,decreases with boundary,https://ep.liu.se/konferensartikel.aspx?Article_No=46&issue=132&series=,공개 모델값의 TripLens alias
TSP.FG_IN.SPEC_ENTHALPY_IN,Thermo VPP,FG,FLUE_GAS_BOUNDARY,FG-SRC-001,Source/Sink Boundary,SPEC_ENTHALPY_IN,HRSG 입구 배기가스 비엔탈피,AI,REAL,J/kg,M,M,A,GasTurbineTrip.flueGasBoundary.spec_enthalpy_in,MODEL,N/A,,INFO,100,N,decreases,https://ep.liu.se/konferensartikel.aspx?Article_No=46&issue=132&series=,공개 모델값의 TripLens alias
TSP.FG_IN.TEMP_OUT,Thermo VPP,FG,FLUE_GAS_BOUNDARY,FG-SRC-001,Source/Sink Boundary,TEMP_OUT,Stack 배기가스 온도,AI,REAL,K,M,M,A,GasTurbineTrip.flueGasBoundary.temp_out,MODEL,N/A,,INFO,100,N,decreases after delay,https://ep.liu.se/konferensartikel.aspx?Article_No=46&issue=132&series=,공개 모델값의 TripLens alias
TSP.FG_IN.MASS_FLOW_OUT,Thermo VPP,FG,FLUE_GAS_BOUNDARY,FG-SRC-001,Source/Sink Boundary,MASS_FLOW_OUT,Stack 배기가스 질량유량,AI,REAL,kg/s,M,M,A,GasTurbineTrip.flueGasBoundary.mass_flow_out,MODEL,N/A,,INFO,100,N,tracks inlet,https://ep.liu.se/konferensartikel.aspx?Article_No=46&issue=132&series=,공개 모델값의 TripLens alias
TSP.FG_IN.PRESS_OUT,Thermo VPP,FG,FLUE_GAS_BOUNDARY,FG-SRC-001,Source/Sink Boundary,PRESS_OUT,Stack 배기가스 압력,AI,REAL,Pa,M,M,A,GasTurbineTrip.flueGasBoundary.press_out,MODEL,N/A,,INFO,100,N,tracks sink boundary,https://ep.liu.se/konferensartikel.aspx?Article_No=46&issue=132&series=,공개 모델값의 TripLens alias
TSP.FG_IN.BOUNDARY_CMD,Thermo VPP,FG,FLUE_GAS_BOUNDARY,FG-SRC-001,Source/Sink Boundary,BOUNDARY_CMD,GT Trip 배기가스 경계조건 명령,AO,REAL,%,T,T,A,Derived from FG boundary values,100,USER_EDIT,,INFO,100,Y,100→0 command,https://build.openmodelica.org/Documentation/ThermoSysPro.Examples.Book.PowerPlants.CombinedCyclePowerPlant.GasTurbineTrip.html,합성 태그
TSP.FG_IN.RAMP_PROGRESS,Thermo VPP,FG,FLUE_GAS_BOUNDARY,FG-SRC-001,Source/Sink Boundary,RAMP_PROGRESS,배기가스 Trip Ramp 진행률,AI,REAL,%,T,T,A,Derived from FG boundary values,0,USER_EDIT,,INFO,100,Y,0→100,https://build.openmodelica.org/Documentation/ThermoSysPro.Examples.Book.PowerPlants.CombinedCyclePowerPlant.GasTurbineTrip.html,합성 태그
TSP.FG_IN.SOURCE_VALID,Thermo VPP,FG,FLUE_GAS_BOUNDARY,FG-SRC-001,Source/Sink Boundary,SOURCE_VALID,배기가스 Source 유효상태,DI,BOOL,BOOL,T,T,A,Derived from FG boundary values,1,USER_EDIT,,INFO,100,Y,remains valid,https://build.openmodelica.org/Documentation/ThermoSysPro.Examples.Book.PowerPlants.CombinedCyclePowerPlant.GasTurbineTrip.html,합성 태그
TSP.FG_IN.TEMP_RATE,Thermo VPP,FG,FLUE_GAS_BOUNDARY,FG-SRC-001,Source/Sink Boundary,TEMP_RATE,배기가스 온도 변화율,AI,REAL,K/s,T,T,A,Derived from FG boundary values,0,USER_EDIT,,INFO,100,Y,negative during rundown,https://build.openmodelica.org/Documentation/ThermoSysPro.Examples.Book.PowerPlants.CombinedCyclePowerPlant.GasTurbineTrip.html,합성 태그
TSP.FG_IN.FLOW_RATE,Thermo VPP,FG,FLUE_GAS_BOUNDARY,FG-SRC-001,Source/Sink Boundary,FLOW_RATE,배기가스 유량 변화율,AI,REAL,kg/s2,T,T,A,Derived from FG boundary values,0,USER_EDIT,,INFO,100,Y,negative during rundown,https://build.openmodelica.org/Documentation/ThermoSysPro.Examples.Book.PowerPlants.CombinedCyclePowerPlant.GasTurbineTrip.html,합성 태그
TSP.FG_IN.TRIP_DETECTED,Thermo VPP,FG,FLUE_GAS_BOUNDARY,FG-SRC-001,Source/Sink Boundary,TRIP_DETECTED,GT Trip 경계조건 감지,DI,BOOL,BOOL,T,T,A,Derived from FG boundary values,0,USER_EDIT,USER_EDIT,INFO,100,Y,0→1 at trip,https://build.openmodelica.org/Documentation/ThermoSysPro.Examples.Book.PowerPlants.CombinedCyclePowerPlant.GasTurbineTrip.html,합성 태그
TSP.FG_IN.TEMP_LOW_EVT,Thermo VPP,FG,FLUE_GAS_BOUNDARY,FG-SRC-001,Source/Sink Boundary,TEMP_LOW_EVT,배기가스 온도저하 이벤트,DI,BOOL,BOOL,T,T,A,Derived from FG boundary values,0,USER_EDIT,USER_EDIT,HIGH,100,Y,threshold crossing,https://build.openmodelica.org/Documentation/ThermoSysPro.Examples.Book.PowerPlants.CombinedCyclePowerPlant.GasTurbineTrip.html,합성 태그
TSP.FG_IN.FLOW_LOW_EVT,Thermo VPP,FG,FLUE_GAS_BOUNDARY,FG-SRC-001,Source/Sink Boundary,FLOW_LOW_EVT,배기가스 유량저하 이벤트,DI,BOOL,BOOL,T,T,A,Derived from FG boundary values,0,USER_EDIT,USER_EDIT,HIGH,100,Y,threshold crossing,https://build.openmodelica.org/Documentation/ThermoSysPro.Examples.Book.PowerPlants.CombinedCyclePowerPlant.GasTurbineTrip.html,합성 태그
TSP.HRSG.SH-01.Q_THERMAL,Thermo VPP,HRSG,HP_SUPERHEATER,A-SH-01,SUPERHEATER,Q_THERMAL,HP 열교환 열량,AI,REAL,W,M,M,A,DynamicExchangerWaterSteamFlueGases.q_thermal,MODEL,N/A,,INFO,500,N,decreases with thermal lag,https://ep.liu.se/konferensartikel.aspx?Article_No=46&issue=132&series=,HX count [M]; exact SH-01 allocation/order [A]
TSP.HRSG.SH-01.FG_TEMP_IN,Thermo VPP,HRSG,HP_SUPERHEATER,A-SH-01,SUPERHEATER,FG_TEMP_IN,HP 배기가스 입구온도,AI,REAL,K,M,M,A,DynamicExchangerWaterSteamFlueGases.fg_temp_in,MODEL,N/A,,INFO,500,N,decreases with thermal lag,https://ep.liu.se/konferensartikel.aspx?Article_No=46&issue=132&series=,HX count [M]; exact SH-01 allocation/order [A]
TSP.HRSG.SH-01.FG_TEMP_OUT,Thermo VPP,HRSG,HP_SUPERHEATER,A-SH-01,SUPERHEATER,FG_TEMP_OUT,HP 배기가스 출구온도,AI,REAL,K,M,M,A,DynamicExchangerWaterSteamFlueGases.fg_temp_out,MODEL,N/A,,INFO,500,N,decreases with thermal lag,https://ep.liu.se/konferensartikel.aspx?Article_No=46&issue=132&series=,HX count [M]; exact SH-01 allocation/order [A]
TSP.HRSG.SH-01.WS_TEMP_IN,Thermo VPP,HRSG,HP_SUPERHEATER,A-SH-01,SUPERHEATER,WS_TEMP_IN,HP 수·증기측 입구온도,AI,REAL,K,M,M,A,DynamicExchangerWaterSteamFlueGases.ws_temp_in,MODEL,N/A,,INFO,500,N,decreases with thermal lag,https://ep.liu.se/konferensartikel.aspx?Article_No=46&issue=132&series=,HX count [M]; exact SH-01 allocation/order [A]
TSP.HRSG.SH-01.WS_TEMP_OUT,Thermo VPP,HRSG,HP_SUPERHEATER,A-SH-01,SUPERHEATER,WS_TEMP_OUT,HP 수·증기측 출구온도,AI,REAL,K,M,M,A,DynamicExchangerWaterSteamFlueGases.ws_temp_out,MODEL,N/A,,INFO,500,N,decreases with thermal lag,https://ep.liu.se/konferensartikel.aspx?Article_No=46&issue=132&series=,HX count [M]; exact SH-01 allocation/order [A]
TSP.HRSG.SH-01.WS_PRESS_IN,Thermo VPP,HRSG,HP_SUPERHEATER,A-SH-01,SUPERHEATER,WS_PRESS_IN,HP 수·증기측 입구압력,AI,REAL,Pa,M,M,A,DynamicExchangerWaterSteamFlueGases.ws_press_in,MODEL,N/A,,INFO,500,N,model response,https://ep.liu.se/konferensartikel.aspx?Article_No=46&issue=132&series=,HX count [M]; exact SH-01 allocation/order [A]
TSP.HRSG.SH-01.WS_PRESS_OUT,Thermo VPP,HRSG,HP_SUPERHEATER,A-SH-01,SUPERHEATER,WS_PRESS_OUT,HP 수·증기측 출구압력,AI,REAL,Pa,M,M,A,DynamicExchangerWaterSteamFlueGases.ws_press_out,MODEL,N/A,,INFO,500,N,model response,https://ep.liu.se/konferensartikel.aspx?Article_No=46&issue=132&series=,HX count [M]; exact SH-01 allocation/order [A]
TSP.HRSG.SH-01.WS_MASS_FLOW,Thermo VPP,HRSG,HP_SUPERHEATER,A-SH-01,SUPERHEATER,WS_MASS_FLOW,HP 수·증기측 질량유량,AI,REAL,kg/s,M,M,A,DynamicExchangerWaterSteamFlueGases.ws_mass_flow,MODEL,N/A,,INFO,500,N,model response,https://ep.liu.se/konferensartikel.aspx?Article_No=46&issue=132&series=,HX count [M]; exact SH-01 allocation/order [A]
TSP.HRSG.SH-01.DP_FG,Thermo VPP,HRSG,HP_SUPERHEATER,A-SH-01,SUPERHEATER,DP_FG,HP 배기가스측 차압,CALC,REAL,Pa,T,T,A,Derived from exchanger variables,MODEL,USER_EDIT,,INFO,500,Y,model response,https://build.openmodelica.org/Documentation/ThermoSysPro.Examples.Book.PowerPlants.CombinedCyclePowerPlant.GasTurbineTrip.html,HX count [M]; exact SH-01 allocation/order [A]
TSP.HRSG.SH-01.DP_WS,Thermo VPP,HRSG,HP_SUPERHEATER,A-SH-01,SUPERHEATER,DP_WS,HP 수·증기측 차압,CALC,REAL,Pa,T,T,A,Derived from exchanger variables,MODEL,USER_EDIT,,INFO,500,Y,model response,https://build.openmodelica.org/Documentation/ThermoSysPro.Examples.Book.PowerPlants.CombinedCyclePowerPlant.GasTurbineTrip.html,HX count [M]; exact SH-01 allocation/order [A]
TSP.HRSG.SH-01.DUTY_RATIO,Thermo VPP,HRSG,HP_SUPERHEATER,A-SH-01,SUPERHEATER,DUTY_RATIO,HP 정상대비 열량비,CALC,REAL,%,T,T,A,Derived from exchanger variables,MODEL,USER_EDIT,,INFO,500,Y,decreases with thermal lag,https://build.openmodelica.org/Documentation/ThermoSysPro.Examples.Book.PowerPlants.CombinedCyclePowerPlant.GasTurbineTrip.html,HX count [M]; exact SH-01 allocation/order [A]
TSP.HRSG.SH-01.STATUS,Thermo VPP,HRSG,HP_SUPERHEATER,A-SH-01,SUPERHEATER,STATUS,HP 열교환기 상태,DI,ENUM,-,T,T,A,Derived from exchanger variables,MODEL,USER_EDIT,,INFO,500,Y,model response,https://build.openmodelica.org/Documentation/ThermoSysPro.Examples.Book.PowerPlants.CombinedCyclePowerPlant.GasTurbineTrip.html,HX count [M]; exact SH-01 allocation/order [A]
TSP.HRSG.SH-01.TEMP_DEV_EVT,Thermo VPP,HRSG,HP_SUPERHEATER,A-SH-01,SUPERHEATER,TEMP_DEV_EVT,HP 온도편차 이벤트,DI,BOOL,-,T,T,A,Derived from exchanger variables,MODEL,USER_EDIT,USER_EDIT,MEDIUM,500,Y,decreases with thermal lag,https://build.openmodelica.org/Documentation/ThermoSysPro.Examples.Book.PowerPlants.CombinedCyclePowerPlant.GasTurbineTrip.html,HX count [M]; exact SH-01 allocation/order [A]
TSP.HRSG.SH-01.LOW_DUTY_EVT,Thermo VPP,HRSG,HP_SUPERHEATER,A-SH-01,SUPERHEATER,LOW_DUTY_EVT,HP 열량저하 이벤트,DI,BOOL,-,T,T,A,Derived from exchanger variables,MODEL,USER_EDIT,USER_EDIT,MEDIUM,500,Y,decreases with thermal lag,https://build.openmodelica.org/Documentation/ThermoSysPro.Examples.Book.PowerPlants.CombinedCyclePowerPlant.GasTurbineTrip.html,HX count [M]; exact SH-01 allocation/order [A]
TSP.HRSG.SH-02.Q_THERMAL,Thermo VPP,HRSG,HP_SUPERHEATER,A-SH-02,SUPERHEATER,Q_THERMAL,HP 열교환 열량,AI,REAL,W,M,M,A,DynamicExchangerWaterSteamFlueGases.q_thermal,MODEL,N/A,,INFO,500,N,decreases with thermal lag,https://ep.liu.se/konferensartikel.aspx?Article_No=46&issue=132&series=,HX count [M]; exact SH-02 allocation/order [A]
TSP.HRSG.SH-02.FG_TEMP_IN,Thermo VPP,HRSG,HP_SUPERHEATER,A-SH-02,SUPERHEATER,FG_TEMP_IN,HP 배기가스 입구온도,AI,REAL,K,M,M,A,DynamicExchangerWaterSteamFlueGases.fg_temp_in,MODEL,N/A,,INFO,500,N,decreases with thermal lag,https://ep.liu.se/konferensartikel.aspx?Article_No=46&issue=132&series=,HX count [M]; exact SH-02 allocation/order [A]
TSP.HRSG.SH-02.FG_TEMP_OUT,Thermo VPP,HRSG,HP_SUPERHEATER,A-SH-02,SUPERHEATER,FG_TEMP_OUT,HP 배기가스 출구온도,AI,REAL,K,M,M,A,DynamicExchangerWaterSteamFlueGases.fg_temp_out,MODEL,N/A,,INFO,500,N,decreases with thermal lag,https://ep.liu.se/konferensartikel.aspx?Article_No=46&issue=132&series=,HX count [M]; exact SH-02 allocation/order [A]
TSP.HRSG.SH-02.WS_TEMP_IN,Thermo VPP,HRSG,HP_SUPERHEATER,A-SH-02,SUPERHEATER,WS_TEMP_IN,HP 수·증기측 입구온도,AI,REAL,K,M,M,A,DynamicExchangerWaterSteamFlueGases.ws_temp_in,MODEL,N/A,,INFO,500,N,decreases with thermal lag,https://ep.liu.se/konferensartikel.aspx?Article_No=46&issue=132&series=,HX count [M]; exact SH-02 allocation/order [A]
TSP.HRSG.SH-02.WS_TEMP_OUT,Thermo VPP,HRSG,HP_SUPERHEATER,A-SH-02,SUPERHEATER,WS_TEMP_OUT,HP 수·증기측 출구온도,AI,REAL,K,M,M,A,DynamicExchangerWaterSteamFlueGases.ws_temp_out,MODEL,N/A,,INFO,500,N,decreases with thermal lag,https://ep.liu.se/konferensartikel.aspx?Article_No=46&issue=132&series=,HX count [M]; exact SH-02 allocation/order [A]
TSP.HRSG.SH-02.WS_PRESS_IN,Thermo VPP,HRSG,HP_SUPERHEATER,A-SH-02,SUPERHEATER,WS_PRESS_IN,HP 수·증기측 입구압력,AI,REAL,Pa,M,M,A,DynamicExchangerWaterSteamFlueGases.ws_press_in,MODEL,N/A,,INFO,500,N,model response,https://ep.liu.se/konferensartikel.aspx?Article_No=46&issue=132&series=,HX count [M]; exact SH-02 allocation/order [A]
TSP.HRSG.SH-02.WS_PRESS_OUT,Thermo VPP,HRSG,HP_SUPERHEATER,A-SH-02,SUPERHEATER,WS_PRESS_OUT,HP 수·증기측 출구압력,AI,REAL,Pa,M,M,A,DynamicExchangerWaterSteamFlueGases.ws_press_out,MODEL,N/A,,INFO,500,N,model response,https://ep.liu.se/konferensartikel.aspx?Article_No=46&issue=132&series=,HX count [M]; exact SH-02 allocation/order [A]
TSP.HRSG.SH-02.WS_MASS_FLOW,Thermo VPP,HRSG,HP_SUPERHEATER,A-SH-02,SUPERHEATER,WS_MASS_FLOW,HP 수·증기측 질량유량,AI,REAL,kg/s,M,M,A,DynamicExchangerWaterSteamFlueGases.ws_mass_flow,MODEL,N/A,,INFO,500,N,model response,https://ep.liu.se/konferensartikel.aspx?Article_No=46&issue=132&series=,HX count [M]; exact SH-02 allocation/order [A]
TSP.HRSG.SH-02.DP_FG,Thermo VPP,HRSG,HP_SUPERHEATER,A-SH-02,SUPERHEATER,DP_FG,HP 배기가스측 차압,CALC,REAL,Pa,T,T,A,Derived from exchanger variables,MODEL,USER_EDIT,,INFO,500,Y,model response,https://build.openmodelica.org/Documentation/ThermoSysPro.Examples.Book.PowerPlants.CombinedCyclePowerPlant.GasTurbineTrip.html,HX count [M]; exact SH-02 allocation/order [A]
TSP.HRSG.SH-02.DP_WS,Thermo VPP,HRSG,HP_SUPERHEATER,A-SH-02,SUPERHEATER,DP_WS,HP 수·증기측 차압,CALC,REAL,Pa,T,T,A,Derived from exchanger variables,MODEL,USER_EDIT,,INFO,500,Y,model response,https://build.openmodelica.org/Documentation/ThermoSysPro.Examples.Book.PowerPlants.CombinedCyclePowerPlant.GasTurbineTrip.html,HX count [M]; exact SH-02 allocation/order [A]
TSP.HRSG.SH-02.DUTY_RATIO,Thermo VPP,HRSG,HP_SUPERHEATER,A-SH-02,SUPERHEATER,DUTY_RATIO,HP 정상대비 열량비,CALC,REAL,%,T,T,A,Derived from exchanger variables,MODEL,USER_EDIT,,INFO,500,Y,decreases with thermal lag,https://build.openmodelica.org/Documentation/ThermoSysPro.Examples.Book.PowerPlants.CombinedCyclePowerPlant.GasTurbineTrip.html,HX count [M]; exact SH-02 allocation/order [A]
TSP.HRSG.SH-02.STATUS,Thermo VPP,HRSG,HP_SUPERHEATER,A-SH-02,SUPERHEATER,STATUS,HP 열교환기 상태,DI,ENUM,-,T,T,A,Derived from exchanger variables,MODEL,USER_EDIT,,INFO,500,Y,model response,https://build.openmodelica.org/Documentation/ThermoSysPro.Examples.Book.PowerPlants.CombinedCyclePowerPlant.GasTurbineTrip.html,HX count [M]; exact SH-02 allocation/order [A]
TSP.HRSG.SH-02.TEMP_DEV_EVT,Thermo VPP,HRSG,HP_SUPERHEATER,A-SH-02,SUPERHEATER,TEMP_DEV_EVT,HP 온도편차 이벤트,DI,BOOL,-,T,T,A,Derived from exchanger variables,MODEL,USER_EDIT,USER_EDIT,MEDIUM,500,Y,decreases with thermal lag,https://build.openmodelica.org/Documentation/ThermoSysPro.Examples.Book.PowerPlants.CombinedCyclePowerPlant.GasTurbineTrip.html,HX count [M]; exact SH-02 allocation/order [A]
TSP.HRSG.SH-02.LOW_DUTY_EVT,Thermo VPP,HRSG,HP_SUPERHEATER,A-SH-02,SUPERHEATER,LOW_DUTY_EVT,HP 열량저하 이벤트,DI,BOOL,-,T,T,A,Derived from exchanger variables,MODEL,USER_EDIT,USER_EDIT,MEDIUM,500,Y,decreases with thermal lag,https://build.openmodelica.org/Documentation/ThermoSysPro.Examples.Book.PowerPlants.CombinedCyclePowerPlant.GasTurbineTrip.html,HX count [M]; exact SH-02 allocation/order [A]
TSP.HRSG.SH-03.Q_THERMAL,Thermo VPP,HRSG,HP_SUPERHEATER,A-SH-03,SUPERHEATER,Q_THERMAL,HP 열교환 열량,AI,REAL,W,M,M,A,DynamicExchangerWaterSteamFlueGases.q_thermal,MODEL,N/A,,INFO,500,N,decreases with thermal lag,https://ep.liu.se/konferensartikel.aspx?Article_No=46&issue=132&series=,HX count [M]; exact SH-03 allocation/order [A]
TSP.HRSG.SH-03.FG_TEMP_IN,Thermo VPP,HRSG,HP_SUPERHEATER,A-SH-03,SUPERHEATER,FG_TEMP_IN,HP 배기가스 입구온도,AI,REAL,K,M,M,A,DynamicExchangerWaterSteamFlueGases.fg_temp_in,MODEL,N/A,,INFO,500,N,decreases with thermal lag,https://ep.liu.se/konferensartikel.aspx?Article_No=46&issue=132&series=,HX count [M]; exact SH-03 allocation/order [A]
TSP.HRSG.SH-03.FG_TEMP_OUT,Thermo VPP,HRSG,HP_SUPERHEATER,A-SH-03,SUPERHEATER,FG_TEMP_OUT,HP 배기가스 출구온도,AI,REAL,K,M,M,A,DynamicExchangerWaterSteamFlueGases.fg_temp_out,MODEL,N/A,,INFO,500,N,decreases with thermal lag,https://ep.liu.se/konferensartikel.aspx?Article_No=46&issue=132&series=,HX count [M]; exact SH-03 allocation/order [A]
TSP.HRSG.SH-03.WS_TEMP_IN,Thermo VPP,HRSG,HP_SUPERHEATER,A-SH-03,SUPERHEATER,WS_TEMP_IN,HP 수·증기측 입구온도,AI,REAL,K,M,M,A,DynamicExchangerWaterSteamFlueGases.ws_temp_in,MODEL,N/A,,INFO,500,N,decreases with thermal lag,https://ep.liu.se/konferensartikel.aspx?Article_No=46&issue=132&series=,HX count [M]; exact SH-03 allocation/order [A]
TSP.HRSG.SH-03.WS_TEMP_OUT,Thermo VPP,HRSG,HP_SUPERHEATER,A-SH-03,SUPERHEATER,WS_TEMP_OUT,HP 수·증기측 출구온도,AI,REAL,K,M,M,A,DynamicExchangerWaterSteamFlueGases.ws_temp_out,MODEL,N/A,,INFO,500,N,decreases with thermal lag,https://ep.liu.se/konferensartikel.aspx?Article_No=46&issue=132&series=,HX count [M]; exact SH-03 allocation/order [A]
TSP.HRSG.SH-03.WS_PRESS_IN,Thermo VPP,HRSG,HP_SUPERHEATER,A-SH-03,SUPERHEATER,WS_PRESS_IN,HP 수·증기측 입구압력,AI,REAL,Pa,M,M,A,DynamicExchangerWaterSteamFlueGases.ws_press_in,MODEL,N/A,,INFO,500,N,model response,https://ep.liu.se/konferensartikel.aspx?Article_No=46&issue=132&series=,HX count [M]; exact SH-03 allocation/order [A]
TSP.HRSG.SH-03.WS_PRESS_OUT,Thermo VPP,HRSG,HP_SUPERHEATER,A-SH-03,SUPERHEATER,WS_PRESS_OUT,HP 수·증기측 출구압력,AI,REAL,Pa,M,M,A,DynamicExchangerWaterSteamFlueGases.ws_press_out,MODEL,N/A,,INFO,500,N,model response,https://ep.liu.se/konferensartikel.aspx?Article_No=46&issue=132&series=,HX count [M]; exact SH-03 allocation/order [A]
TSP.HRSG.SH-03.WS_MASS_FLOW,Thermo VPP,HRSG,HP_SUPERHEATER,A-SH-03,SUPERHEATER,WS_MASS_FLOW,HP 수·증기측 질량유량,AI,REAL,kg/s,M,M,A,DynamicExchangerWaterSteamFlueGases.ws_mass_flow,MODEL,N/A,,INFO,500,N,model response,https://ep.liu.se/konferensartikel.aspx?Article_No=46&issue=132&series=,HX count [M]; exact SH-03 allocation/order [A]
TSP.HRSG.SH-03.DP_FG,Thermo VPP,HRSG,HP_SUPERHEATER,A-SH-03,SUPERHEATER,DP_FG,HP 배기가스측 차압,CALC,REAL,Pa,T,T,A,Derived from exchanger variables,MODEL,USER_EDIT,,INFO,500,Y,model response,https://build.openmodelica.org/Documentation/ThermoSysPro.Examples.Book.PowerPlants.CombinedCyclePowerPlant.GasTurbineTrip.html,HX count [M]; exact SH-03 allocation/order [A]
TSP.HRSG.SH-03.DP_WS,Thermo VPP,HRSG,HP_SUPERHEATER,A-SH-03,SUPERHEATER,DP_WS,HP 수·증기측 차압,CALC,REAL,Pa,T,T,A,Derived from exchanger variables,MODEL,USER_EDIT,,INFO,500,Y,model response,https://build.openmodelica.org/Documentation/ThermoSysPro.Examples.Book.PowerPlants.CombinedCyclePowerPlant.GasTurbineTrip.html,HX count [M]; exact SH-03 allocation/order [A]
TSP.HRSG.SH-03.DUTY_RATIO,Thermo VPP,HRSG,HP_SUPERHEATER,A-SH-03,SUPERHEATER,DUTY_RATIO,HP 정상대비 열량비,CALC,REAL,%,T,T,A,Derived from exchanger variables,MODEL,USER_EDIT,,INFO,500,Y,decreases with thermal lag,https://build.openmodelica.org/Documentation/ThermoSysPro.Examples.Book.PowerPlants.CombinedCyclePowerPlant.GasTurbineTrip.html,HX count [M]; exact SH-03 allocation/order [A]
TSP.HRSG.SH-03.STATUS,Thermo VPP,HRSG,HP_SUPERHEATER,A-SH-03,SUPERHEATER,STATUS,HP 열교환기 상태,DI,ENUM,-,T,T,A,Derived from exchanger variables,MODEL,USER_EDIT,,INFO,500,Y,model response,https://build.openmodelica.org/Documentation/ThermoSysPro.Examples.Book.PowerPlants.CombinedCyclePowerPlant.GasTurbineTrip.html,HX count [M]; exact SH-03 allocation/order [A]
TSP.HRSG.SH-03.TEMP_DEV_EVT,Thermo VPP,HRSG,HP_SUPERHEATER,A-SH-03,SUPERHEATER,TEMP_DEV_EVT,HP 온도편차 이벤트,DI,BOOL,-,T,T,A,Derived from exchanger variables,MODEL,USER_EDIT,USER_EDIT,MEDIUM,500,Y,decreases with thermal lag,https://build.openmodelica.org/Documentation/ThermoSysPro.Examples.Book.PowerPlants.CombinedCyclePowerPlant.GasTurbineTrip.html,HX count [M]; exact SH-03 allocation/order [A]
TSP.HRSG.SH-03.LOW_DUTY_EVT,Thermo VPP,HRSG,HP_SUPERHEATER,A-SH-03,SUPERHEATER,LOW_DUTY_EVT,HP 열량저하 이벤트,DI,BOOL,-,T,T,A,Derived from exchanger variables,MODEL,USER_EDIT,USER_EDIT,MEDIUM,500,Y,decreases with thermal lag,https://build.openmodelica.org/Documentation/ThermoSysPro.Examples.Book.PowerPlants.CombinedCyclePowerPlant.GasTurbineTrip.html,HX count [M]; exact SH-03 allocation/order [A]
TSP.HRSG.SH-04.Q_THERMAL,Thermo VPP,HRSG,IP_SUPERHEATER,A-SH-04,SUPERHEATER,Q_THERMAL,IP 열교환 열량,AI,REAL,W,M,M,A,DynamicExchangerWaterSteamFlueGases.q_thermal,MODEL,N/A,,INFO,500,N,decreases with thermal lag,https://ep.liu.se/konferensartikel.aspx?Article_No=46&issue=132&series=,HX count [M]; exact SH-04 allocation/order [A]
TSP.HRSG.SH-04.FG_TEMP_IN,Thermo VPP,HRSG,IP_SUPERHEATER,A-SH-04,SUPERHEATER,FG_TEMP_IN,IP 배기가스 입구온도,AI,REAL,K,M,M,A,DynamicExchangerWaterSteamFlueGases.fg_temp_in,MODEL,N/A,,INFO,500,N,decreases with thermal lag,https://ep.liu.se/konferensartikel.aspx?Article_No=46&issue=132&series=,HX count [M]; exact SH-04 allocation/order [A]
TSP.HRSG.SH-04.FG_TEMP_OUT,Thermo VPP,HRSG,IP_SUPERHEATER,A-SH-04,SUPERHEATER,FG_TEMP_OUT,IP 배기가스 출구온도,AI,REAL,K,M,M,A,DynamicExchangerWaterSteamFlueGases.fg_temp_out,MODEL,N/A,,INFO,500,N,decreases with thermal lag,https://ep.liu.se/konferensartikel.aspx?Article_No=46&issue=132&series=,HX count [M]; exact SH-04 allocation/order [A]
TSP.HRSG.SH-04.WS_TEMP_IN,Thermo VPP,HRSG,IP_SUPERHEATER,A-SH-04,SUPERHEATER,WS_TEMP_IN,IP 수·증기측 입구온도,AI,REAL,K,M,M,A,DynamicExchangerWaterSteamFlueGases.ws_temp_in,MODEL,N/A,,INFO,500,N,decreases with thermal lag,https://ep.liu.se/konferensartikel.aspx?Article_No=46&issue=132&series=,HX count [M]; exact SH-04 allocation/order [A]
TSP.HRSG.SH-04.WS_TEMP_OUT,Thermo VPP,HRSG,IP_SUPERHEATER,A-SH-04,SUPERHEATER,WS_TEMP_OUT,IP 수·증기측 출구온도,AI,REAL,K,M,M,A,DynamicExchangerWaterSteamFlueGases.ws_temp_out,MODEL,N/A,,INFO,500,N,decreases with thermal lag,https://ep.liu.se/konferensartikel.aspx?Article_No=46&issue=132&series=,HX count [M]; exact SH-04 allocation/order [A]
TSP.HRSG.SH-04.WS_PRESS_IN,Thermo VPP,HRSG,IP_SUPERHEATER,A-SH-04,SUPERHEATER,WS_PRESS_IN,IP 수·증기측 입구압력,AI,REAL,Pa,M,M,A,DynamicExchangerWaterSteamFlueGases.ws_press_in,MODEL,N/A,,INFO,500,N,model response,https://ep.liu.se/konferensartikel.aspx?Article_No=46&issue=132&series=,HX count [M]; exact SH-04 allocation/order [A]
TSP.HRSG.SH-04.WS_PRESS_OUT,Thermo VPP,HRSG,IP_SUPERHEATER,A-SH-04,SUPERHEATER,WS_PRESS_OUT,IP 수·증기측 출구압력,AI,REAL,Pa,M,M,A,DynamicExchangerWaterSteamFlueGases.ws_press_out,MODEL,N/A,,INFO,500,N,model response,https://ep.liu.se/konferensartikel.aspx?Article_No=46&issue=132&series=,HX count [M]; exact SH-04 allocation/order [A]
TSP.HRSG.SH-04.WS_MASS_FLOW,Thermo VPP,HRSG,IP_SUPERHEATER,A-SH-04,SUPERHEATER,WS_MASS_FLOW,IP 수·증기측 질량유량,AI,REAL,kg/s,M,M,A,DynamicExchangerWaterSteamFlueGases.ws_mass_flow,MODEL,N/A,,INFO,500,N,model response,https://ep.liu.se/konferensartikel.aspx?Article_No=46&issue=132&series=,HX count [M]; exact SH-04 allocation/order [A]
TSP.HRSG.SH-04.DP_FG,Thermo VPP,HRSG,IP_SUPERHEATER,A-SH-04,SUPERHEATER,DP_FG,IP 배기가스측 차압,CALC,REAL,Pa,T,T,A,Derived from exchanger variables,MODEL,USER_EDIT,,INFO,500,Y,model response,https://build.openmodelica.org/Documentation/ThermoSysPro.Examples.Book.PowerPlants.CombinedCyclePowerPlant.GasTurbineTrip.html,HX count [M]; exact SH-04 allocation/order [A]
TSP.HRSG.SH-04.DP_WS,Thermo VPP,HRSG,IP_SUPERHEATER,A-SH-04,SUPERHEATER,DP_WS,IP 수·증기측 차압,CALC,REAL,Pa,T,T,A,Derived from exchanger variables,MODEL,USER_EDIT,,INFO,500,Y,model response,https://build.openmodelica.org/Documentation/ThermoSysPro.Examples.Book.PowerPlants.CombinedCyclePowerPlant.GasTurbineTrip.html,HX count [M]; exact SH-04 allocation/order [A]
TSP.HRSG.SH-04.DUTY_RATIO,Thermo VPP,HRSG,IP_SUPERHEATER,A-SH-04,SUPERHEATER,DUTY_RATIO,IP 정상대비 열량비,CALC,REAL,%,T,T,A,Derived from exchanger variables,MODEL,USER_EDIT,,INFO,500,Y,decreases with thermal lag,https://build.openmodelica.org/Documentation/ThermoSysPro.Examples.Book.PowerPlants.CombinedCyclePowerPlant.GasTurbineTrip.html,HX count [M]; exact SH-04 allocation/order [A]
TSP.HRSG.SH-04.STATUS,Thermo VPP,HRSG,IP_SUPERHEATER,A-SH-04,SUPERHEATER,STATUS,IP 열교환기 상태,DI,ENUM,-,T,T,A,Derived from exchanger variables,MODEL,USER_EDIT,,INFO,500,Y,model response,https://build.openmodelica.org/Documentation/ThermoSysPro.Examples.Book.PowerPlants.CombinedCyclePowerPlant.GasTurbineTrip.html,HX count [M]; exact SH-04 allocation/order [A]
TSP.HRSG.SH-04.TEMP_DEV_EVT,Thermo VPP,HRSG,IP_SUPERHEATER,A-SH-04,SUPERHEATER,TEMP_DEV_EVT,IP 온도편차 이벤트,DI,BOOL,-,T,T,A,Derived from exchanger variables,MODEL,USER_EDIT,USER_EDIT,MEDIUM,500,Y,decreases with thermal lag,https://build.openmodelica.org/Documentation/ThermoSysPro.Examples.Book.PowerPlants.CombinedCyclePowerPlant.GasTurbineTrip.html,HX count [M]; exact SH-04 allocation/order [A]
TSP.HRSG.SH-04.LOW_DUTY_EVT,Thermo VPP,HRSG,IP_SUPERHEATER,A-SH-04,SUPERHEATER,LOW_DUTY_EVT,IP 열량저하 이벤트,DI,BOOL,-,T,T,A,Derived from exchanger variables,MODEL,USER_EDIT,USER_EDIT,MEDIUM,500,Y,decreases with thermal lag,https://build.openmodelica.org/Documentation/ThermoSysPro.Examples.Book.PowerPlants.CombinedCyclePowerPlant.GasTurbineTrip.html,HX count [M]; exact SH-04 allocation/order [A]
TSP.HRSG.SH-05.Q_THERMAL,Thermo VPP,HRSG,IP_SUPERHEATER,A-SH-05,SUPERHEATER,Q_THERMAL,IP 열교환 열량,AI,REAL,W,M,M,A,DynamicExchangerWaterSteamFlueGases.q_thermal,MODEL,N/A,,INFO,500,N,decreases with thermal lag,https://ep.liu.se/konferensartikel.aspx?Article_No=46&issue=132&series=,HX count [M]; exact SH-05 allocation/order [A]
TSP.HRSG.SH-05.FG_TEMP_IN,Thermo VPP,HRSG,IP_SUPERHEATER,A-SH-05,SUPERHEATER,FG_TEMP_IN,IP 배기가스 입구온도,AI,REAL,K,M,M,A,DynamicExchangerWaterSteamFlueGases.fg_temp_in,MODEL,N/A,,INFO,500,N,decreases with thermal lag,https://ep.liu.se/konferensartikel.aspx?Article_No=46&issue=132&series=,HX count [M]; exact SH-05 allocation/order [A]
TSP.HRSG.SH-05.FG_TEMP_OUT,Thermo VPP,HRSG,IP_SUPERHEATER,A-SH-05,SUPERHEATER,FG_TEMP_OUT,IP 배기가스 출구온도,AI,REAL,K,M,M,A,DynamicExchangerWaterSteamFlueGases.fg_temp_out,MODEL,N/A,,INFO,500,N,decreases with thermal lag,https://ep.liu.se/konferensartikel.aspx?Article_No=46&issue=132&series=,HX count [M]; exact SH-05 allocation/order [A]
TSP.HRSG.SH-05.WS_TEMP_IN,Thermo VPP,HRSG,IP_SUPERHEATER,A-SH-05,SUPERHEATER,WS_TEMP_IN,IP 수·증기측 입구온도,AI,REAL,K,M,M,A,DynamicExchangerWaterSteamFlueGases.ws_temp_in,MODEL,N/A,,INFO,500,N,decreases with thermal lag,https://ep.liu.se/konferensartikel.aspx?Article_No=46&issue=132&series=,HX count [M]; exact SH-05 allocation/order [A]
TSP.HRSG.SH-05.WS_TEMP_OUT,Thermo VPP,HRSG,IP_SUPERHEATER,A-SH-05,SUPERHEATER,WS_TEMP_OUT,IP 수·증기측 출구온도,AI,REAL,K,M,M,A,DynamicExchangerWaterSteamFlueGases.ws_temp_out,MODEL,N/A,,INFO,500,N,decreases with thermal lag,https://ep.liu.se/konferensartikel.aspx?Article_No=46&issue=132&series=,HX count [M]; exact SH-05 allocation/order [A]
TSP.HRSG.SH-05.WS_PRESS_IN,Thermo VPP,HRSG,IP_SUPERHEATER,A-SH-05,SUPERHEATER,WS_PRESS_IN,IP 수·증기측 입구압력,AI,REAL,Pa,M,M,A,DynamicExchangerWaterSteamFlueGases.ws_press_in,MODEL,N/A,,INFO,500,N,model response,https://ep.liu.se/konferensartikel.aspx?Article_No=46&issue=132&series=,HX count [M]; exact SH-05 allocation/order [A]
TSP.HRSG.SH-05.WS_PRESS_OUT,Thermo VPP,HRSG,IP_SUPERHEATER,A-SH-05,SUPERHEATER,WS_PRESS_OUT,IP 수·증기측 출구압력,AI,REAL,Pa,M,M,A,DynamicExchangerWaterSteamFlueGases.ws_press_out,MODEL,N/A,,INFO,500,N,model response,https://ep.liu.se/konferensartikel.aspx?Article_No=46&issue=132&series=,HX count [M]; exact SH-05 allocation/order [A]
TSP.HRSG.SH-05.WS_MASS_FLOW,Thermo VPP,HRSG,IP_SUPERHEATER,A-SH-05,SUPERHEATER,WS_MASS_FLOW,IP 수·증기측 질량유량,AI,REAL,kg/s,M,M,A,DynamicExchangerWaterSteamFlueGases.ws_mass_flow,MODEL,N/A,,INFO,500,N,model response,https://ep.liu.se/konferensartikel.aspx?Article_No=46&issue=132&series=,HX count [M]; exact SH-05 allocation/order [A]
TSP.HRSG.SH-05.DP_FG,Thermo VPP,HRSG,IP_SUPERHEATER,A-SH-05,SUPERHEATER,DP_FG,IP 배기가스측 차압,CALC,REAL,Pa,T,T,A,Derived from exchanger variables,MODEL,USER_EDIT,,INFO,500,Y,model response,https://build.openmodelica.org/Documentation/ThermoSysPro.Examples.Book.PowerPlants.CombinedCyclePowerPlant.GasTurbineTrip.html,HX count [M]; exact SH-05 allocation/order [A]
TSP.HRSG.SH-05.DP_WS,Thermo VPP,HRSG,IP_SUPERHEATER,A-SH-05,SUPERHEATER,DP_WS,IP 수·증기측 차압,CALC,REAL,Pa,T,T,A,Derived from exchanger variables,MODEL,USER_EDIT,,INFO,500,Y,model response,https://build.openmodelica.org/Documentation/ThermoSysPro.Examples.Book.PowerPlants.CombinedCyclePowerPlant.GasTurbineTrip.html,HX count [M]; exact SH-05 allocation/order [A]
TSP.HRSG.SH-05.DUTY_RATIO,Thermo VPP,HRSG,IP_SUPERHEATER,A-SH-05,SUPERHEATER,DUTY_RATIO,IP 정상대비 열량비,CALC,REAL,%,T,T,A,Derived from exchanger variables,MODEL,USER_EDIT,,INFO,500,Y,decreases with thermal lag,https://build.openmodelica.org/Documentation/ThermoSysPro.Examples.Book.PowerPlants.CombinedCyclePowerPlant.GasTurbineTrip.html,HX count [M]; exact SH-05 allocation/order [A]
TSP.HRSG.SH-05.STATUS,Thermo VPP,HRSG,IP_SUPERHEATER,A-SH-05,SUPERHEATER,STATUS,IP 열교환기 상태,DI,ENUM,-,T,T,A,Derived from exchanger variables,MODEL,USER_EDIT,,INFO,500,Y,model response,https://build.openmodelica.org/Documentation/ThermoSysPro.Examples.Book.PowerPlants.CombinedCyclePowerPlant.GasTurbineTrip.html,HX count [M]; exact SH-05 allocation/order [A]
TSP.HRSG.SH-05.TEMP_DEV_EVT,Thermo VPP,HRSG,IP_SUPERHEATER,A-SH-05,SUPERHEATER,TEMP_DEV_EVT,IP 온도편차 이벤트,DI,BOOL,-,T,T,A,Derived from exchanger variables,MODEL,USER_EDIT,USER_EDIT,MEDIUM,500,Y,decreases with thermal lag,https://build.openmodelica.org/Documentation/ThermoSysPro.Examples.Book.PowerPlants.CombinedCyclePowerPlant.GasTurbineTrip.html,HX count [M]; exact SH-05 allocation/order [A]
TSP.HRSG.SH-05.LOW_DUTY_EVT,Thermo VPP,HRSG,IP_SUPERHEATER,A-SH-05,SUPERHEATER,LOW_DUTY_EVT,IP 열량저하 이벤트,DI,BOOL,-,T,T,A,Derived from exchanger variables,MODEL,USER_EDIT,USER_EDIT,MEDIUM,500,Y,decreases with thermal lag,https://build.openmodelica.org/Documentation/ThermoSysPro.Examples.Book.PowerPlants.CombinedCyclePowerPlant.GasTurbineTrip.html,HX count [M]; exact SH-05 allocation/order [A]
TSP.HRSG.SH-06.Q_THERMAL,Thermo VPP,HRSG,LP_SUPERHEATER,A-SH-06,SUPERHEATER,Q_THERMAL,LP 열교환 열량,AI,REAL,W,M,M,A,DynamicExchangerWaterSteamFlueGases.q_thermal,MODEL,N/A,,INFO,500,N,decreases with thermal lag,https://ep.liu.se/konferensartikel.aspx?Article_No=46&issue=132&series=,HX count [M]; exact SH-06 allocation/order [A]
TSP.HRSG.SH-06.FG_TEMP_IN,Thermo VPP,HRSG,LP_SUPERHEATER,A-SH-06,SUPERHEATER,FG_TEMP_IN,LP 배기가스 입구온도,AI,REAL,K,M,M,A,DynamicExchangerWaterSteamFlueGases.fg_temp_in,MODEL,N/A,,INFO,500,N,decreases with thermal lag,https://ep.liu.se/konferensartikel.aspx?Article_No=46&issue=132&series=,HX count [M]; exact SH-06 allocation/order [A]
TSP.HRSG.SH-06.FG_TEMP_OUT,Thermo VPP,HRSG,LP_SUPERHEATER,A-SH-06,SUPERHEATER,FG_TEMP_OUT,LP 배기가스 출구온도,AI,REAL,K,M,M,A,DynamicExchangerWaterSteamFlueGases.fg_temp_out,MODEL,N/A,,INFO,500,N,decreases with thermal lag,https://ep.liu.se/konferensartikel.aspx?Article_No=46&issue=132&series=,HX count [M]; exact SH-06 allocation/order [A]
TSP.HRSG.SH-06.WS_TEMP_IN,Thermo VPP,HRSG,LP_SUPERHEATER,A-SH-06,SUPERHEATER,WS_TEMP_IN,LP 수·증기측 입구온도,AI,REAL,K,M,M,A,DynamicExchangerWaterSteamFlueGases.ws_temp_in,MODEL,N/A,,INFO,500,N,decreases with thermal lag,https://ep.liu.se/konferensartikel.aspx?Article_No=46&issue=132&series=,HX count [M]; exact SH-06 allocation/order [A]
TSP.HRSG.SH-06.WS_TEMP_OUT,Thermo VPP,HRSG,LP_SUPERHEATER,A-SH-06,SUPERHEATER,WS_TEMP_OUT,LP 수·증기측 출구온도,AI,REAL,K,M,M,A,DynamicExchangerWaterSteamFlueGases.ws_temp_out,MODEL,N/A,,INFO,500,N,decreases with thermal lag,https://ep.liu.se/konferensartikel.aspx?Article_No=46&issue=132&series=,HX count [M]; exact SH-06 allocation/order [A]
TSP.HRSG.SH-06.WS_PRESS_IN,Thermo VPP,HRSG,LP_SUPERHEATER,A-SH-06,SUPERHEATER,WS_PRESS_IN,LP 수·증기측 입구압력,AI,REAL,Pa,M,M,A,DynamicExchangerWaterSteamFlueGases.ws_press_in,MODEL,N/A,,INFO,500,N,model response,https://ep.liu.se/konferensartikel.aspx?Article_No=46&issue=132&series=,HX count [M]; exact SH-06 allocation/order [A]
TSP.HRSG.SH-06.WS_PRESS_OUT,Thermo VPP,HRSG,LP_SUPERHEATER,A-SH-06,SUPERHEATER,WS_PRESS_OUT,LP 수·증기측 출구압력,AI,REAL,Pa,M,M,A,DynamicExchangerWaterSteamFlueGases.ws_press_out,MODEL,N/A,,INFO,500,N,model response,https://ep.liu.se/konferensartikel.aspx?Article_No=46&issue=132&series=,HX count [M]; exact SH-06 allocation/order [A]
TSP.HRSG.SH-06.WS_MASS_FLOW,Thermo VPP,HRSG,LP_SUPERHEATER,A-SH-06,SUPERHEATER,WS_MASS_FLOW,LP 수·증기측 질량유량,AI,REAL,kg/s,M,M,A,DynamicExchangerWaterSteamFlueGases.ws_mass_flow,MODEL,N/A,,INFO,500,N,model response,https://ep.liu.se/konferensartikel.aspx?Article_No=46&issue=132&series=,HX count [M]; exact SH-06 allocation/order [A]
TSP.HRSG.SH-06.DP_FG,Thermo VPP,HRSG,LP_SUPERHEATER,A-SH-06,SUPERHEATER,DP_FG,LP 배기가스측 차압,CALC,REAL,Pa,T,T,A,Derived from exchanger variables,MODEL,USER_EDIT,,INFO,500,Y,model response,https://build.openmodelica.org/Documentation/ThermoSysPro.Examples.Book.PowerPlants.CombinedCyclePowerPlant.GasTurbineTrip.html,HX count [M]; exact SH-06 allocation/order [A]
TSP.HRSG.SH-06.DP_WS,Thermo VPP,HRSG,LP_SUPERHEATER,A-SH-06,SUPERHEATER,DP_WS,LP 수·증기측 차압,CALC,REAL,Pa,T,T,A,Derived from exchanger variables,MODEL,USER_EDIT,,INFO,500,Y,model response,https://build.openmodelica.org/Documentation/ThermoSysPro.Examples.Book.PowerPlants.CombinedCyclePowerPlant.GasTurbineTrip.html,HX count [M]; exact SH-06 allocation/order [A]
TSP.HRSG.SH-06.DUTY_RATIO,Thermo VPP,HRSG,LP_SUPERHEATER,A-SH-06,SUPERHEATER,DUTY_RATIO,LP 정상대비 열량비,CALC,REAL,%,T,T,A,Derived from exchanger variables,MODEL,USER_EDIT,,INFO,500,Y,decreases with thermal lag,https://build.openmodelica.org/Documentation/ThermoSysPro.Examples.Book.PowerPlants.CombinedCyclePowerPlant.GasTurbineTrip.html,HX count [M]; exact SH-06 allocation/order [A]
TSP.HRSG.SH-06.STATUS,Thermo VPP,HRSG,LP_SUPERHEATER,A-SH-06,SUPERHEATER,STATUS,LP 열교환기 상태,DI,ENUM,-,T,T,A,Derived from exchanger variables,MODEL,USER_EDIT,,INFO,500,Y,model response,https://build.openmodelica.org/Documentation/ThermoSysPro.Examples.Book.PowerPlants.CombinedCyclePowerPlant.GasTurbineTrip.html,HX count [M]; exact SH-06 allocation/order [A]
TSP.HRSG.SH-06.TEMP_DEV_EVT,Thermo VPP,HRSG,LP_SUPERHEATER,A-SH-06,SUPERHEATER,TEMP_DEV_EVT,LP 온도편차 이벤트,DI,BOOL,-,T,T,A,Derived from exchanger variables,MODEL,USER_EDIT,USER_EDIT,MEDIUM,500,Y,decreases with thermal lag,https://build.openmodelica.org/Documentation/ThermoSysPro.Examples.Book.PowerPlants.CombinedCyclePowerPlant.GasTurbineTrip.html,HX count [M]; exact SH-06 allocation/order [A]
TSP.HRSG.SH-06.LOW_DUTY_EVT,Thermo VPP,HRSG,LP_SUPERHEATER,A-SH-06,SUPERHEATER,LOW_DUTY_EVT,LP 열량저하 이벤트,DI,BOOL,-,T,T,A,Derived from exchanger variables,MODEL,USER_EDIT,USER_EDIT,MEDIUM,500,Y,decreases with thermal lag,https://build.openmodelica.org/Documentation/ThermoSysPro.Examples.Book.PowerPlants.CombinedCyclePowerPlant.GasTurbineTrip.html,HX count [M]; exact SH-06 allocation/order [A]
TSP.HRSG.SH-07.Q_THERMAL,Thermo VPP,HRSG,LP_SUPERHEATER,A-SH-07,SUPERHEATER,Q_THERMAL,LP 열교환 열량,AI,REAL,W,M,M,A,DynamicExchangerWaterSteamFlueGases.q_thermal,MODEL,N/A,,INFO,500,N,decreases with thermal lag,https://ep.liu.se/konferensartikel.aspx?Article_No=46&issue=132&series=,HX count [M]; exact SH-07 allocation/order [A]
TSP.HRSG.SH-07.FG_TEMP_IN,Thermo VPP,HRSG,LP_SUPERHEATER,A-SH-07,SUPERHEATER,FG_TEMP_IN,LP 배기가스 입구온도,AI,REAL,K,M,M,A,DynamicExchangerWaterSteamFlueGases.fg_temp_in,MODEL,N/A,,INFO,500,N,decreases with thermal lag,https://ep.liu.se/konferensartikel.aspx?Article_No=46&issue=132&series=,HX count [M]; exact SH-07 allocation/order [A]
TSP.HRSG.SH-07.FG_TEMP_OUT,Thermo VPP,HRSG,LP_SUPERHEATER,A-SH-07,SUPERHEATER,FG_TEMP_OUT,LP 배기가스 출구온도,AI,REAL,K,M,M,A,DynamicExchangerWaterSteamFlueGases.fg_temp_out,MODEL,N/A,,INFO,500,N,decreases with thermal lag,https://ep.liu.se/konferensartikel.aspx?Article_No=46&issue=132&series=,HX count [M]; exact SH-07 allocation/order [A]
TSP.HRSG.SH-07.WS_TEMP_IN,Thermo VPP,HRSG,LP_SUPERHEATER,A-SH-07,SUPERHEATER,WS_TEMP_IN,LP 수·증기측 입구온도,AI,REAL,K,M,M,A,DynamicExchangerWaterSteamFlueGases.ws_temp_in,MODEL,N/A,,INFO,500,N,decreases with thermal lag,https://ep.liu.se/konferensartikel.aspx?Article_No=46&issue=132&series=,HX count [M]; exact SH-07 allocation/order [A]
TSP.HRSG.SH-07.WS_TEMP_OUT,Thermo VPP,HRSG,LP_SUPERHEATER,A-SH-07,SUPERHEATER,WS_TEMP_OUT,LP 수·증기측 출구온도,AI,REAL,K,M,M,A,DynamicExchangerWaterSteamFlueGases.ws_temp_out,MODEL,N/A,,INFO,500,N,decreases with thermal lag,https://ep.liu.se/konferensartikel.aspx?Article_No=46&issue=132&series=,HX count [M]; exact SH-07 allocation/order [A]
TSP.HRSG.SH-07.WS_PRESS_IN,Thermo VPP,HRSG,LP_SUPERHEATER,A-SH-07,SUPERHEATER,WS_PRESS_IN,LP 수·증기측 입구압력,AI,REAL,Pa,M,M,A,DynamicExchangerWaterSteamFlueGases.ws_press_in,MODEL,N/A,,INFO,500,N,model response,https://ep.liu.se/konferensartikel.aspx?Article_No=46&issue=132&series=,HX count [M]; exact SH-07 allocation/order [A]
TSP.HRSG.SH-07.WS_PRESS_OUT,Thermo VPP,HRSG,LP_SUPERHEATER,A-SH-07,SUPERHEATER,WS_PRESS_OUT,LP 수·증기측 출구압력,AI,REAL,Pa,M,M,A,DynamicExchangerWaterSteamFlueGases.ws_press_out,MODEL,N/A,,INFO,500,N,model response,https://ep.liu.se/konferensartikel.aspx?Article_No=46&issue=132&series=,HX count [M]; exact SH-07 allocation/order [A]
TSP.HRSG.SH-07.WS_MASS_FLOW,Thermo VPP,HRSG,LP_SUPERHEATER,A-SH-07,SUPERHEATER,WS_MASS_FLOW,LP 수·증기측 질량유량,AI,REAL,kg/s,M,M,A,DynamicExchangerWaterSteamFlueGases.ws_mass_flow,MODEL,N/A,,INFO,500,N,model response,https://ep.liu.se/konferensartikel.aspx?Article_No=46&issue=132&series=,HX count [M]; exact SH-07 allocation/order [A]
TSP.HRSG.SH-07.DP_FG,Thermo VPP,HRSG,LP_SUPERHEATER,A-SH-07,SUPERHEATER,DP_FG,LP 배기가스측 차압,CALC,REAL,Pa,T,T,A,Derived from exchanger variables,MODEL,USER_EDIT,,INFO,500,Y,model response,https://build.openmodelica.org/Documentation/ThermoSysPro.Examples.Book.PowerPlants.CombinedCyclePowerPlant.GasTurbineTrip.html,HX count [M]; exact SH-07 allocation/order [A]
TSP.HRSG.SH-07.DP_WS,Thermo VPP,HRSG,LP_SUPERHEATER,A-SH-07,SUPERHEATER,DP_WS,LP 수·증기측 차압,CALC,REAL,Pa,T,T,A,Derived from exchanger variables,MODEL,USER_EDIT,,INFO,500,Y,model response,https://build.openmodelica.org/Documentation/ThermoSysPro.Examples.Book.PowerPlants.CombinedCyclePowerPlant.GasTurbineTrip.html,HX count [M]; exact SH-07 allocation/order [A]
TSP.HRSG.SH-07.DUTY_RATIO,Thermo VPP,HRSG,LP_SUPERHEATER,A-SH-07,SUPERHEATER,DUTY_RATIO,LP 정상대비 열량비,CALC,REAL,%,T,T,A,Derived from exchanger variables,MODEL,USER_EDIT,,INFO,500,Y,decreases with thermal lag,https://build.openmodelica.org/Documentation/ThermoSysPro.Examples.Book.PowerPlants.CombinedCyclePowerPlant.GasTurbineTrip.html,HX count [M]; exact SH-07 allocation/order [A]
TSP.HRSG.SH-07.STATUS,Thermo VPP,HRSG,LP_SUPERHEATER,A-SH-07,SUPERHEATER,STATUS,LP 열교환기 상태,DI,ENUM,-,T,T,A,Derived from exchanger variables,MODEL,USER_EDIT,,INFO,500,Y,model response,https://build.openmodelica.org/Documentation/ThermoSysPro.Examples.Book.PowerPlants.CombinedCyclePowerPlant.GasTurbineTrip.html,HX count [M]; exact SH-07 allocation/order [A]
TSP.HRSG.SH-07.TEMP_DEV_EVT,Thermo VPP,HRSG,LP_SUPERHEATER,A-SH-07,SUPERHEATER,TEMP_DEV_EVT,LP 온도편차 이벤트,DI,BOOL,-,T,T,A,Derived from exchanger variables,MODEL,USER_EDIT,USER_EDIT,MEDIUM,500,Y,decreases with thermal lag,https://build.openmodelica.org/Documentation/ThermoSysPro.Examples.Book.PowerPlants.CombinedCyclePowerPlant.GasTurbineTrip.html,HX count [M]; exact SH-07 allocation/order [A]
TSP.HRSG.SH-07.LOW_DUTY_EVT,Thermo VPP,HRSG,LP_SUPERHEATER,A-SH-07,SUPERHEATER,LOW_DUTY_EVT,LP 열량저하 이벤트,DI,BOOL,-,T,T,A,Derived from exchanger variables,MODEL,USER_EDIT,USER_EDIT,MEDIUM,500,Y,decreases with thermal lag,https://build.openmodelica.org/Documentation/ThermoSysPro.Examples.Book.PowerPlants.CombinedCyclePowerPlant.GasTurbineTrip.html,HX count [M]; exact SH-07 allocation/order [A]
TSP.HRSG.EVAP-HP.Q_THERMAL,Thermo VPP,HRSG,HP_EVAPORATOR,A-EVAP-HP,EVAPORATOR,Q_THERMAL,HP 열교환 열량,AI,REAL,W,M,M,A,DynamicExchangerWaterSteamFlueGases.q_thermal,MODEL,N/A,,INFO,500,N,decreases with thermal lag,https://ep.liu.se/konferensartikel.aspx?Article_No=46&issue=132&series=,HX count [M]; exact EVAP-HP allocation/order [M]
TSP.HRSG.EVAP-HP.FG_TEMP_IN,Thermo VPP,HRSG,HP_EVAPORATOR,A-EVAP-HP,EVAPORATOR,FG_TEMP_IN,HP 배기가스 입구온도,AI,REAL,K,M,M,A,DynamicExchangerWaterSteamFlueGases.fg_temp_in,MODEL,N/A,,INFO,500,N,decreases with thermal lag,https://ep.liu.se/konferensartikel.aspx?Article_No=46&issue=132&series=,HX count [M]; exact EVAP-HP allocation/order [M]
TSP.HRSG.EVAP-HP.FG_TEMP_OUT,Thermo VPP,HRSG,HP_EVAPORATOR,A-EVAP-HP,EVAPORATOR,FG_TEMP_OUT,HP 배기가스 출구온도,AI,REAL,K,M,M,A,DynamicExchangerWaterSteamFlueGases.fg_temp_out,MODEL,N/A,,INFO,500,N,decreases with thermal lag,https://ep.liu.se/konferensartikel.aspx?Article_No=46&issue=132&series=,HX count [M]; exact EVAP-HP allocation/order [M]
TSP.HRSG.EVAP-HP.WS_TEMP_IN,Thermo VPP,HRSG,HP_EVAPORATOR,A-EVAP-HP,EVAPORATOR,WS_TEMP_IN,HP 수·증기측 입구온도,AI,REAL,K,M,M,A,DynamicExchangerWaterSteamFlueGases.ws_temp_in,MODEL,N/A,,INFO,500,N,decreases with thermal lag,https://ep.liu.se/konferensartikel.aspx?Article_No=46&issue=132&series=,HX count [M]; exact EVAP-HP allocation/order [M]
TSP.HRSG.EVAP-HP.WS_TEMP_OUT,Thermo VPP,HRSG,HP_EVAPORATOR,A-EVAP-HP,EVAPORATOR,WS_TEMP_OUT,HP 수·증기측 출구온도,AI,REAL,K,M,M,A,DynamicExchangerWaterSteamFlueGases.ws_temp_out,MODEL,N/A,,INFO,500,N,decreases with thermal lag,https://ep.liu.se/konferensartikel.aspx?Article_No=46&issue=132&series=,HX count [M]; exact EVAP-HP allocation/order [M]
TSP.HRSG.EVAP-HP.WS_PRESS_IN,Thermo VPP,HRSG,HP_EVAPORATOR,A-EVAP-HP,EVAPORATOR,WS_PRESS_IN,HP 수·증기측 입구압력,AI,REAL,Pa,M,M,A,DynamicExchangerWaterSteamFlueGases.ws_press_in,MODEL,N/A,,INFO,500,N,model response,https://ep.liu.se/konferensartikel.aspx?Article_No=46&issue=132&series=,HX count [M]; exact EVAP-HP allocation/order [M]
TSP.HRSG.EVAP-HP.WS_PRESS_OUT,Thermo VPP,HRSG,HP_EVAPORATOR,A-EVAP-HP,EVAPORATOR,WS_PRESS_OUT,HP 수·증기측 출구압력,AI,REAL,Pa,M,M,A,DynamicExchangerWaterSteamFlueGases.ws_press_out,MODEL,N/A,,INFO,500,N,model response,https://ep.liu.se/konferensartikel.aspx?Article_No=46&issue=132&series=,HX count [M]; exact EVAP-HP allocation/order [M]
TSP.HRSG.EVAP-HP.WS_MASS_FLOW,Thermo VPP,HRSG,HP_EVAPORATOR,A-EVAP-HP,EVAPORATOR,WS_MASS_FLOW,HP 수·증기측 질량유량,AI,REAL,kg/s,M,M,A,DynamicExchangerWaterSteamFlueGases.ws_mass_flow,MODEL,N/A,,INFO,500,N,model response,https://ep.liu.se/konferensartikel.aspx?Article_No=46&issue=132&series=,HX count [M]; exact EVAP-HP allocation/order [M]
TSP.HRSG.EVAP-HP.DP_FG,Thermo VPP,HRSG,HP_EVAPORATOR,A-EVAP-HP,EVAPORATOR,DP_FG,HP 배기가스측 차압,CALC,REAL,Pa,T,T,A,Derived from exchanger variables,MODEL,USER_EDIT,,INFO,500,Y,model response,https://build.openmodelica.org/Documentation/ThermoSysPro.Examples.Book.PowerPlants.CombinedCyclePowerPlant.GasTurbineTrip.html,HX count [M]; exact EVAP-HP allocation/order [M]
TSP.HRSG.EVAP-HP.DP_WS,Thermo VPP,HRSG,HP_EVAPORATOR,A-EVAP-HP,EVAPORATOR,DP_WS,HP 수·증기측 차압,CALC,REAL,Pa,T,T,A,Derived from exchanger variables,MODEL,USER_EDIT,,INFO,500,Y,model response,https://build.openmodelica.org/Documentation/ThermoSysPro.Examples.Book.PowerPlants.CombinedCyclePowerPlant.GasTurbineTrip.html,HX count [M]; exact EVAP-HP allocation/order [M]
TSP.HRSG.EVAP-HP.DUTY_RATIO,Thermo VPP,HRSG,HP_EVAPORATOR,A-EVAP-HP,EVAPORATOR,DUTY_RATIO,HP 정상대비 열량비,CALC,REAL,%,T,T,A,Derived from exchanger variables,MODEL,USER_EDIT,,INFO,500,Y,decreases with thermal lag,https://build.openmodelica.org/Documentation/ThermoSysPro.Examples.Book.PowerPlants.CombinedCyclePowerPlant.GasTurbineTrip.html,HX count [M]; exact EVAP-HP allocation/order [M]
TSP.HRSG.EVAP-HP.STATUS,Thermo VPP,HRSG,HP_EVAPORATOR,A-EVAP-HP,EVAPORATOR,STATUS,HP 열교환기 상태,DI,ENUM,-,T,T,A,Derived from exchanger variables,MODEL,USER_EDIT,,INFO,500,Y,model response,https://build.openmodelica.org/Documentation/ThermoSysPro.Examples.Book.PowerPlants.CombinedCyclePowerPlant.GasTurbineTrip.html,HX count [M]; exact EVAP-HP allocation/order [M]
TSP.HRSG.EVAP-HP.TEMP_DEV_EVT,Thermo VPP,HRSG,HP_EVAPORATOR,A-EVAP-HP,EVAPORATOR,TEMP_DEV_EVT,HP 온도편차 이벤트,DI,BOOL,-,T,T,A,Derived from exchanger variables,MODEL,USER_EDIT,USER_EDIT,MEDIUM,500,Y,decreases with thermal lag,https://build.openmodelica.org/Documentation/ThermoSysPro.Examples.Book.PowerPlants.CombinedCyclePowerPlant.GasTurbineTrip.html,HX count [M]; exact EVAP-HP allocation/order [M]
TSP.HRSG.EVAP-HP.LOW_DUTY_EVT,Thermo VPP,HRSG,HP_EVAPORATOR,A-EVAP-HP,EVAPORATOR,LOW_DUTY_EVT,HP 열량저하 이벤트,DI,BOOL,-,T,T,A,Derived from exchanger variables,MODEL,USER_EDIT,USER_EDIT,MEDIUM,500,Y,decreases with thermal lag,https://build.openmodelica.org/Documentation/ThermoSysPro.Examples.Book.PowerPlants.CombinedCyclePowerPlant.GasTurbineTrip.html,HX count [M]; exact EVAP-HP allocation/order [M]
TSP.HRSG.EVAP-IP.Q_THERMAL,Thermo VPP,HRSG,IP_EVAPORATOR,A-EVAP-IP,EVAPORATOR,Q_THERMAL,IP 열교환 열량,AI,REAL,W,M,M,A,DynamicExchangerWaterSteamFlueGases.q_thermal,MODEL,N/A,,INFO,500,N,decreases with thermal lag,https://ep.liu.se/konferensartikel.aspx?Article_No=46&issue=132&series=,HX count [M]; exact EVAP-IP allocation/order [M]
TSP.HRSG.EVAP-IP.FG_TEMP_IN,Thermo VPP,HRSG,IP_EVAPORATOR,A-EVAP-IP,EVAPORATOR,FG_TEMP_IN,IP 배기가스 입구온도,AI,REAL,K,M,M,A,DynamicExchangerWaterSteamFlueGases.fg_temp_in,MODEL,N/A,,INFO,500,N,decreases with thermal lag,https://ep.liu.se/konferensartikel.aspx?Article_No=46&issue=132&series=,HX count [M]; exact EVAP-IP allocation/order [M]
TSP.HRSG.EVAP-IP.FG_TEMP_OUT,Thermo VPP,HRSG,IP_EVAPORATOR,A-EVAP-IP,EVAPORATOR,FG_TEMP_OUT,IP 배기가스 출구온도,AI,REAL,K,M,M,A,DynamicExchangerWaterSteamFlueGases.fg_temp_out,MODEL,N/A,,INFO,500,N,decreases with thermal lag,https://ep.liu.se/konferensartikel.aspx?Article_No=46&issue=132&series=,HX count [M]; exact EVAP-IP allocation/order [M]
TSP.HRSG.EVAP-IP.WS_TEMP_IN,Thermo VPP,HRSG,IP_EVAPORATOR,A-EVAP-IP,EVAPORATOR,WS_TEMP_IN,IP 수·증기측 입구온도,AI,REAL,K,M,M,A,DynamicExchangerWaterSteamFlueGases.ws_temp_in,MODEL,N/A,,INFO,500,N,decreases with thermal lag,https://ep.liu.se/konferensartikel.aspx?Article_No=46&issue=132&series=,HX count [M]; exact EVAP-IP allocation/order [M]
TSP.HRSG.EVAP-IP.WS_TEMP_OUT,Thermo VPP,HRSG,IP_EVAPORATOR,A-EVAP-IP,EVAPORATOR,WS_TEMP_OUT,IP 수·증기측 출구온도,AI,REAL,K,M,M,A,DynamicExchangerWaterSteamFlueGases.ws_temp_out,MODEL,N/A,,INFO,500,N,decreases with thermal lag,https://ep.liu.se/konferensartikel.aspx?Article_No=46&issue=132&series=,HX count [M]; exact EVAP-IP allocation/order [M]
TSP.HRSG.EVAP-IP.WS_PRESS_IN,Thermo VPP,HRSG,IP_EVAPORATOR,A-EVAP-IP,EVAPORATOR,WS_PRESS_IN,IP 수·증기측 입구압력,AI,REAL,Pa,M,M,A,DynamicExchangerWaterSteamFlueGases.ws_press_in,MODEL,N/A,,INFO,500,N,model response,https://ep.liu.se/konferensartikel.aspx?Article_No=46&issue=132&series=,HX count [M]; exact EVAP-IP allocation/order [M]
TSP.HRSG.EVAP-IP.WS_PRESS_OUT,Thermo VPP,HRSG,IP_EVAPORATOR,A-EVAP-IP,EVAPORATOR,WS_PRESS_OUT,IP 수·증기측 출구압력,AI,REAL,Pa,M,M,A,DynamicExchangerWaterSteamFlueGases.ws_press_out,MODEL,N/A,,INFO,500,N,model response,https://ep.liu.se/konferensartikel.aspx?Article_No=46&issue=132&series=,HX count [M]; exact EVAP-IP allocation/order [M]
TSP.HRSG.EVAP-IP.WS_MASS_FLOW,Thermo VPP,HRSG,IP_EVAPORATOR,A-EVAP-IP,EVAPORATOR,WS_MASS_FLOW,IP 수·증기측 질량유량,AI,REAL,kg/s,M,M,A,DynamicExchangerWaterSteamFlueGases.ws_mass_flow,MODEL,N/A,,INFO,500,N,model response,https://ep.liu.se/konferensartikel.aspx?Article_No=46&issue=132&series=,HX count [M]; exact EVAP-IP allocation/order [M]
TSP.HRSG.EVAP-IP.DP_FG,Thermo VPP,HRSG,IP_EVAPORATOR,A-EVAP-IP,EVAPORATOR,DP_FG,IP 배기가스측 차압,CALC,REAL,Pa,T,T,A,Derived from exchanger variables,MODEL,USER_EDIT,,INFO,500,Y,model response,https://build.openmodelica.org/Documentation/ThermoSysPro.Examples.Book.PowerPlants.CombinedCyclePowerPlant.GasTurbineTrip.html,HX count [M]; exact EVAP-IP allocation/order [M]
TSP.HRSG.EVAP-IP.DP_WS,Thermo VPP,HRSG,IP_EVAPORATOR,A-EVAP-IP,EVAPORATOR,DP_WS,IP 수·증기측 차압,CALC,REAL,Pa,T,T,A,Derived from exchanger variables,MODEL,USER_EDIT,,INFO,500,Y,model response,https://build.openmodelica.org/Documentation/ThermoSysPro.Examples.Book.PowerPlants.CombinedCyclePowerPlant.GasTurbineTrip.html,HX count [M]; exact EVAP-IP allocation/order [M]
TSP.HRSG.EVAP-IP.DUTY_RATIO,Thermo VPP,HRSG,IP_EVAPORATOR,A-EVAP-IP,EVAPORATOR,DUTY_RATIO,IP 정상대비 열량비,CALC,REAL,%,T,T,A,Derived from exchanger variables,MODEL,USER_EDIT,,INFO,500,Y,decreases with thermal lag,https://build.openmodelica.org/Documentation/ThermoSysPro.Examples.Book.PowerPlants.CombinedCyclePowerPlant.GasTurbineTrip.html,HX count [M]; exact EVAP-IP allocation/order [M]
TSP.HRSG.EVAP-IP.STATUS,Thermo VPP,HRSG,IP_EVAPORATOR,A-EVAP-IP,EVAPORATOR,STATUS,IP 열교환기 상태,DI,ENUM,-,T,T,A,Derived from exchanger variables,MODEL,USER_EDIT,,INFO,500,Y,model response,https://build.openmodelica.org/Documentation/ThermoSysPro.Examples.Book.PowerPlants.CombinedCyclePowerPlant.GasTurbineTrip.html,HX count [M]; exact EVAP-IP allocation/order [M]
TSP.HRSG.EVAP-IP.TEMP_DEV_EVT,Thermo VPP,HRSG,IP_EVAPORATOR,A-EVAP-IP,EVAPORATOR,TEMP_DEV_EVT,IP 온도편차 이벤트,DI,BOOL,-,T,T,A,Derived from exchanger variables,MODEL,USER_EDIT,USER_EDIT,MEDIUM,500,Y,decreases with thermal lag,https://build.openmodelica.org/Documentation/ThermoSysPro.Examples.Book.PowerPlants.CombinedCyclePowerPlant.GasTurbineTrip.html,HX count [M]; exact EVAP-IP allocation/order [M]
TSP.HRSG.EVAP-IP.LOW_DUTY_EVT,Thermo VPP,HRSG,IP_EVAPORATOR,A-EVAP-IP,EVAPORATOR,LOW_DUTY_EVT,IP 열량저하 이벤트,DI,BOOL,-,T,T,A,Derived from exchanger variables,MODEL,USER_EDIT,USER_EDIT,MEDIUM,500,Y,decreases with thermal lag,https://build.openmodelica.org/Documentation/ThermoSysPro.Examples.Book.PowerPlants.CombinedCyclePowerPlant.GasTurbineTrip.html,HX count [M]; exact EVAP-IP allocation/order [M]
TSP.HRSG.EVAP-LP.Q_THERMAL,Thermo VPP,HRSG,LP_EVAPORATOR,A-EVAP-LP,EVAPORATOR,Q_THERMAL,LP 열교환 열량,AI,REAL,W,M,M,A,DynamicExchangerWaterSteamFlueGases.q_thermal,MODEL,N/A,,INFO,500,N,decreases with thermal lag,https://ep.liu.se/konferensartikel.aspx?Article_No=46&issue=132&series=,HX count [M]; exact EVAP-LP allocation/order [M]
TSP.HRSG.EVAP-LP.FG_TEMP_IN,Thermo VPP,HRSG,LP_EVAPORATOR,A-EVAP-LP,EVAPORATOR,FG_TEMP_IN,LP 배기가스 입구온도,AI,REAL,K,M,M,A,DynamicExchangerWaterSteamFlueGases.fg_temp_in,MODEL,N/A,,INFO,500,N,decreases with thermal lag,https://ep.liu.se/konferensartikel.aspx?Article_No=46&issue=132&series=,HX count [M]; exact EVAP-LP allocation/order [M]
TSP.HRSG.EVAP-LP.FG_TEMP_OUT,Thermo VPP,HRSG,LP_EVAPORATOR,A-EVAP-LP,EVAPORATOR,FG_TEMP_OUT,LP 배기가스 출구온도,AI,REAL,K,M,M,A,DynamicExchangerWaterSteamFlueGases.fg_temp_out,MODEL,N/A,,INFO,500,N,decreases with thermal lag,https://ep.liu.se/konferensartikel.aspx?Article_No=46&issue=132&series=,HX count [M]; exact EVAP-LP allocation/order [M]
TSP.HRSG.EVAP-LP.WS_TEMP_IN,Thermo VPP,HRSG,LP_EVAPORATOR,A-EVAP-LP,EVAPORATOR,WS_TEMP_IN,LP 수·증기측 입구온도,AI,REAL,K,M,M,A,DynamicExchangerWaterSteamFlueGases.ws_temp_in,MODEL,N/A,,INFO,500,N,decreases with thermal lag,https://ep.liu.se/konferensartikel.aspx?Article_No=46&issue=132&series=,HX count [M]; exact EVAP-LP allocation/order [M]
TSP.HRSG.EVAP-LP.WS_TEMP_OUT,Thermo VPP,HRSG,LP_EVAPORATOR,A-EVAP-LP,EVAPORATOR,WS_TEMP_OUT,LP 수·증기측 출구온도,AI,REAL,K,M,M,A,DynamicExchangerWaterSteamFlueGases.ws_temp_out,MODEL,N/A,,INFO,500,N,decreases with thermal lag,https://ep.liu.se/konferensartikel.aspx?Article_No=46&issue=132&series=,HX count [M]; exact EVAP-LP allocation/order [M]
TSP.HRSG.EVAP-LP.WS_PRESS_IN,Thermo VPP,HRSG,LP_EVAPORATOR,A-EVAP-LP,EVAPORATOR,WS_PRESS_IN,LP 수·증기측 입구압력,AI,REAL,Pa,M,M,A,DynamicExchangerWaterSteamFlueGases.ws_press_in,MODEL,N/A,,INFO,500,N,model response,https://ep.liu.se/konferensartikel.aspx?Article_No=46&issue=132&series=,HX count [M]; exact EVAP-LP allocation/order [M]
TSP.HRSG.EVAP-LP.WS_PRESS_OUT,Thermo VPP,HRSG,LP_EVAPORATOR,A-EVAP-LP,EVAPORATOR,WS_PRESS_OUT,LP 수·증기측 출구압력,AI,REAL,Pa,M,M,A,DynamicExchangerWaterSteamFlueGases.ws_press_out,MODEL,N/A,,INFO,500,N,model response,https://ep.liu.se/konferensartikel.aspx?Article_No=46&issue=132&series=,HX count [M]; exact EVAP-LP allocation/order [M]
TSP.HRSG.EVAP-LP.WS_MASS_FLOW,Thermo VPP,HRSG,LP_EVAPORATOR,A-EVAP-LP,EVAPORATOR,WS_MASS_FLOW,LP 수·증기측 질량유량,AI,REAL,kg/s,M,M,A,DynamicExchangerWaterSteamFlueGases.ws_mass_flow,MODEL,N/A,,INFO,500,N,model response,https://ep.liu.se/konferensartikel.aspx?Article_No=46&issue=132&series=,HX count [M]; exact EVAP-LP allocation/order [M]
TSP.HRSG.EVAP-LP.DP_FG,Thermo VPP,HRSG,LP_EVAPORATOR,A-EVAP-LP,EVAPORATOR,DP_FG,LP 배기가스측 차압,CALC,REAL,Pa,T,T,A,Derived from exchanger variables,MODEL,USER_EDIT,,INFO,500,Y,model response,https://build.openmodelica.org/Documentation/ThermoSysPro.Examples.Book.PowerPlants.CombinedCyclePowerPlant.GasTurbineTrip.html,HX count [M]; exact EVAP-LP allocation/order [M]
TSP.HRSG.EVAP-LP.DP_WS,Thermo VPP,HRSG,LP_EVAPORATOR,A-EVAP-LP,EVAPORATOR,DP_WS,LP 수·증기측 차압,CALC,REAL,Pa,T,T,A,Derived from exchanger variables,MODEL,USER_EDIT,,INFO,500,Y,model response,https://build.openmodelica.org/Documentation/ThermoSysPro.Examples.Book.PowerPlants.CombinedCyclePowerPlant.GasTurbineTrip.html,HX count [M]; exact EVAP-LP allocation/order [M]
TSP.HRSG.EVAP-LP.DUTY_RATIO,Thermo VPP,HRSG,LP_EVAPORATOR,A-EVAP-LP,EVAPORATOR,DUTY_RATIO,LP 정상대비 열량비,CALC,REAL,%,T,T,A,Derived from exchanger variables,MODEL,USER_EDIT,,INFO,500,Y,decreases with thermal lag,https://build.openmodelica.org/Documentation/ThermoSysPro.Examples.Book.PowerPlants.CombinedCyclePowerPlant.GasTurbineTrip.html,HX count [M]; exact EVAP-LP allocation/order [M]
TSP.HRSG.EVAP-LP.STATUS,Thermo VPP,HRSG,LP_EVAPORATOR,A-EVAP-LP,EVAPORATOR,STATUS,LP 열교환기 상태,DI,ENUM,-,T,T,A,Derived from exchanger variables,MODEL,USER_EDIT,,INFO,500,Y,model response,https://build.openmodelica.org/Documentation/ThermoSysPro.Examples.Book.PowerPlants.CombinedCyclePowerPlant.GasTurbineTrip.html,HX count [M]; exact EVAP-LP allocation/order [M]
TSP.HRSG.EVAP-LP.TEMP_DEV_EVT,Thermo VPP,HRSG,LP_EVAPORATOR,A-EVAP-LP,EVAPORATOR,TEMP_DEV_EVT,LP 온도편차 이벤트,DI,BOOL,-,T,T,A,Derived from exchanger variables,MODEL,USER_EDIT,USER_EDIT,MEDIUM,500,Y,decreases with thermal lag,https://build.openmodelica.org/Documentation/ThermoSysPro.Examples.Book.PowerPlants.CombinedCyclePowerPlant.GasTurbineTrip.html,HX count [M]; exact EVAP-LP allocation/order [M]
TSP.HRSG.EVAP-LP.LOW_DUTY_EVT,Thermo VPP,HRSG,LP_EVAPORATOR,A-EVAP-LP,EVAPORATOR,LOW_DUTY_EVT,LP 열량저하 이벤트,DI,BOOL,-,T,T,A,Derived from exchanger variables,MODEL,USER_EDIT,USER_EDIT,MEDIUM,500,Y,decreases with thermal lag,https://build.openmodelica.org/Documentation/ThermoSysPro.Examples.Book.PowerPlants.CombinedCyclePowerPlant.GasTurbineTrip.html,HX count [M]; exact EVAP-LP allocation/order [M]
TSP.HRSG.ECO-01.Q_THERMAL,Thermo VPP,HRSG,HP_ECONOMIZER,A-ECO-01,ECONOMIZER,Q_THERMAL,HP 열교환 열량,AI,REAL,W,M,M,A,DynamicExchangerWaterSteamFlueGases.q_thermal,MODEL,N/A,,INFO,500,N,decreases with thermal lag,https://ep.liu.se/konferensartikel.aspx?Article_No=46&issue=132&series=,HX count [M]; exact ECO-01 allocation/order [A]
TSP.HRSG.ECO-01.FG_TEMP_IN,Thermo VPP,HRSG,HP_ECONOMIZER,A-ECO-01,ECONOMIZER,FG_TEMP_IN,HP 배기가스 입구온도,AI,REAL,K,M,M,A,DynamicExchangerWaterSteamFlueGases.fg_temp_in,MODEL,N/A,,INFO,500,N,decreases with thermal lag,https://ep.liu.se/konferensartikel.aspx?Article_No=46&issue=132&series=,HX count [M]; exact ECO-01 allocation/order [A]
TSP.HRSG.ECO-01.FG_TEMP_OUT,Thermo VPP,HRSG,HP_ECONOMIZER,A-ECO-01,ECONOMIZER,FG_TEMP_OUT,HP 배기가스 출구온도,AI,REAL,K,M,M,A,DynamicExchangerWaterSteamFlueGases.fg_temp_out,MODEL,N/A,,INFO,500,N,decreases with thermal lag,https://ep.liu.se/konferensartikel.aspx?Article_No=46&issue=132&series=,HX count [M]; exact ECO-01 allocation/order [A]
TSP.HRSG.ECO-01.WS_TEMP_IN,Thermo VPP,HRSG,HP_ECONOMIZER,A-ECO-01,ECONOMIZER,WS_TEMP_IN,HP 수·증기측 입구온도,AI,REAL,K,M,M,A,DynamicExchangerWaterSteamFlueGases.ws_temp_in,MODEL,N/A,,INFO,500,N,decreases with thermal lag,https://ep.liu.se/konferensartikel.aspx?Article_No=46&issue=132&series=,HX count [M]; exact ECO-01 allocation/order [A]
TSP.HRSG.ECO-01.WS_TEMP_OUT,Thermo VPP,HRSG,HP_ECONOMIZER,A-ECO-01,ECONOMIZER,WS_TEMP_OUT,HP 수·증기측 출구온도,AI,REAL,K,M,M,A,DynamicExchangerWaterSteamFlueGases.ws_temp_out,MODEL,N/A,,INFO,500,N,decreases with thermal lag,https://ep.liu.se/konferensartikel.aspx?Article_No=46&issue=132&series=,HX count [M]; exact ECO-01 allocation/order [A]
TSP.HRSG.ECO-01.WS_PRESS_IN,Thermo VPP,HRSG,HP_ECONOMIZER,A-ECO-01,ECONOMIZER,WS_PRESS_IN,HP 수·증기측 입구압력,AI,REAL,Pa,M,M,A,DynamicExchangerWaterSteamFlueGases.ws_press_in,MODEL,N/A,,INFO,500,N,model response,https://ep.liu.se/konferensartikel.aspx?Article_No=46&issue=132&series=,HX count [M]; exact ECO-01 allocation/order [A]
TSP.HRSG.ECO-01.WS_PRESS_OUT,Thermo VPP,HRSG,HP_ECONOMIZER,A-ECO-01,ECONOMIZER,WS_PRESS_OUT,HP 수·증기측 출구압력,AI,REAL,Pa,M,M,A,DynamicExchangerWaterSteamFlueGases.ws_press_out,MODEL,N/A,,INFO,500,N,model response,https://ep.liu.se/konferensartikel.aspx?Article_No=46&issue=132&series=,HX count [M]; exact ECO-01 allocation/order [A]
TSP.HRSG.ECO-01.WS_MASS_FLOW,Thermo VPP,HRSG,HP_ECONOMIZER,A-ECO-01,ECONOMIZER,WS_MASS_FLOW,HP 수·증기측 질량유량,AI,REAL,kg/s,M,M,A,DynamicExchangerWaterSteamFlueGases.ws_mass_flow,MODEL,N/A,,INFO,500,N,model response,https://ep.liu.se/konferensartikel.aspx?Article_No=46&issue=132&series=,HX count [M]; exact ECO-01 allocation/order [A]
TSP.HRSG.ECO-01.DP_FG,Thermo VPP,HRSG,HP_ECONOMIZER,A-ECO-01,ECONOMIZER,DP_FG,HP 배기가스측 차압,CALC,REAL,Pa,T,T,A,Derived from exchanger variables,MODEL,USER_EDIT,,INFO,500,Y,model response,https://build.openmodelica.org/Documentation/ThermoSysPro.Examples.Book.PowerPlants.CombinedCyclePowerPlant.GasTurbineTrip.html,HX count [M]; exact ECO-01 allocation/order [A]
TSP.HRSG.ECO-01.DP_WS,Thermo VPP,HRSG,HP_ECONOMIZER,A-ECO-01,ECONOMIZER,DP_WS,HP 수·증기측 차압,CALC,REAL,Pa,T,T,A,Derived from exchanger variables,MODEL,USER_EDIT,,INFO,500,Y,model response,https://build.openmodelica.org/Documentation/ThermoSysPro.Examples.Book.PowerPlants.CombinedCyclePowerPlant.GasTurbineTrip.html,HX count [M]; exact ECO-01 allocation/order [A]
TSP.HRSG.ECO-01.DUTY_RATIO,Thermo VPP,HRSG,HP_ECONOMIZER,A-ECO-01,ECONOMIZER,DUTY_RATIO,HP 정상대비 열량비,CALC,REAL,%,T,T,A,Derived from exchanger variables,MODEL,USER_EDIT,,INFO,500,Y,decreases with thermal lag,https://build.openmodelica.org/Documentation/ThermoSysPro.Examples.Book.PowerPlants.CombinedCyclePowerPlant.GasTurbineTrip.html,HX count [M]; exact ECO-01 allocation/order [A]
TSP.HRSG.ECO-01.STATUS,Thermo VPP,HRSG,HP_ECONOMIZER,A-ECO-01,ECONOMIZER,STATUS,HP 열교환기 상태,DI,ENUM,-,T,T,A,Derived from exchanger variables,MODEL,USER_EDIT,,INFO,500,Y,model response,https://build.openmodelica.org/Documentation/ThermoSysPro.Examples.Book.PowerPlants.CombinedCyclePowerPlant.GasTurbineTrip.html,HX count [M]; exact ECO-01 allocation/order [A]
TSP.HRSG.ECO-01.TEMP_DEV_EVT,Thermo VPP,HRSG,HP_ECONOMIZER,A-ECO-01,ECONOMIZER,TEMP_DEV_EVT,HP 온도편차 이벤트,DI,BOOL,-,T,T,A,Derived from exchanger variables,MODEL,USER_EDIT,USER_EDIT,MEDIUM,500,Y,decreases with thermal lag,https://build.openmodelica.org/Documentation/ThermoSysPro.Examples.Book.PowerPlants.CombinedCyclePowerPlant.GasTurbineTrip.html,HX count [M]; exact ECO-01 allocation/order [A]
TSP.HRSG.ECO-01.LOW_DUTY_EVT,Thermo VPP,HRSG,HP_ECONOMIZER,A-ECO-01,ECONOMIZER,LOW_DUTY_EVT,HP 열량저하 이벤트,DI,BOOL,-,T,T,A,Derived from exchanger variables,MODEL,USER_EDIT,USER_EDIT,MEDIUM,500,Y,decreases with thermal lag,https://build.openmodelica.org/Documentation/ThermoSysPro.Examples.Book.PowerPlants.CombinedCyclePowerPlant.GasTurbineTrip.html,HX count [M]; exact ECO-01 allocation/order [A]
TSP.HRSG.ECO-02.Q_THERMAL,Thermo VPP,HRSG,HP_ECONOMIZER,A-ECO-02,ECONOMIZER,Q_THERMAL,HP 열교환 열량,AI,REAL,W,M,M,A,DynamicExchangerWaterSteamFlueGases.q_thermal,MODEL,N/A,,INFO,500,N,decreases with thermal lag,https://ep.liu.se/konferensartikel.aspx?Article_No=46&issue=132&series=,HX count [M]; exact ECO-02 allocation/order [A]
TSP.HRSG.ECO-02.FG_TEMP_IN,Thermo VPP,HRSG,HP_ECONOMIZER,A-ECO-02,ECONOMIZER,FG_TEMP_IN,HP 배기가스 입구온도,AI,REAL,K,M,M,A,DynamicExchangerWaterSteamFlueGases.fg_temp_in,MODEL,N/A,,INFO,500,N,decreases with thermal lag,https://ep.liu.se/konferensartikel.aspx?Article_No=46&issue=132&series=,HX count [M]; exact ECO-02 allocation/order [A]
TSP.HRSG.ECO-02.FG_TEMP_OUT,Thermo VPP,HRSG,HP_ECONOMIZER,A-ECO-02,ECONOMIZER,FG_TEMP_OUT,HP 배기가스 출구온도,AI,REAL,K,M,M,A,DynamicExchangerWaterSteamFlueGases.fg_temp_out,MODEL,N/A,,INFO,500,N,decreases with thermal lag,https://ep.liu.se/konferensartikel.aspx?Article_No=46&issue=132&series=,HX count [M]; exact ECO-02 allocation/order [A]
TSP.HRSG.ECO-02.WS_TEMP_IN,Thermo VPP,HRSG,HP_ECONOMIZER,A-ECO-02,ECONOMIZER,WS_TEMP_IN,HP 수·증기측 입구온도,AI,REAL,K,M,M,A,DynamicExchangerWaterSteamFlueGases.ws_temp_in,MODEL,N/A,,INFO,500,N,decreases with thermal lag,https://ep.liu.se/konferensartikel.aspx?Article_No=46&issue=132&series=,HX count [M]; exact ECO-02 allocation/order [A]
TSP.HRSG.ECO-02.WS_TEMP_OUT,Thermo VPP,HRSG,HP_ECONOMIZER,A-ECO-02,ECONOMIZER,WS_TEMP_OUT,HP 수·증기측 출구온도,AI,REAL,K,M,M,A,DynamicExchangerWaterSteamFlueGases.ws_temp_out,MODEL,N/A,,INFO,500,N,decreases with thermal lag,https://ep.liu.se/konferensartikel.aspx?Article_No=46&issue=132&series=,HX count [M]; exact ECO-02 allocation/order [A]
TSP.HRSG.ECO-02.WS_PRESS_IN,Thermo VPP,HRSG,HP_ECONOMIZER,A-ECO-02,ECONOMIZER,WS_PRESS_IN,HP 수·증기측 입구압력,AI,REAL,Pa,M,M,A,DynamicExchangerWaterSteamFlueGases.ws_press_in,MODEL,N/A,,INFO,500,N,model response,https://ep.liu.se/konferensartikel.aspx?Article_No=46&issue=132&series=,HX count [M]; exact ECO-02 allocation/order [A]
TSP.HRSG.ECO-02.WS_PRESS_OUT,Thermo VPP,HRSG,HP_ECONOMIZER,A-ECO-02,ECONOMIZER,WS_PRESS_OUT,HP 수·증기측 출구압력,AI,REAL,Pa,M,M,A,DynamicExchangerWaterSteamFlueGases.ws_press_out,MODEL,N/A,,INFO,500,N,model response,https://ep.liu.se/konferensartikel.aspx?Article_No=46&issue=132&series=,HX count [M]; exact ECO-02 allocation/order [A]
TSP.HRSG.ECO-02.WS_MASS_FLOW,Thermo VPP,HRSG,HP_ECONOMIZER,A-ECO-02,ECONOMIZER,WS_MASS_FLOW,HP 수·증기측 질량유량,AI,REAL,kg/s,M,M,A,DynamicExchangerWaterSteamFlueGases.ws_mass_flow,MODEL,N/A,,INFO,500,N,model response,https://ep.liu.se/konferensartikel.aspx?Article_No=46&issue=132&series=,HX count [M]; exact ECO-02 allocation/order [A]
TSP.HRSG.ECO-02.DP_FG,Thermo VPP,HRSG,HP_ECONOMIZER,A-ECO-02,ECONOMIZER,DP_FG,HP 배기가스측 차압,CALC,REAL,Pa,T,T,A,Derived from exchanger variables,MODEL,USER_EDIT,,INFO,500,Y,model response,https://build.openmodelica.org/Documentation/ThermoSysPro.Examples.Book.PowerPlants.CombinedCyclePowerPlant.GasTurbineTrip.html,HX count [M]; exact ECO-02 allocation/order [A]
TSP.HRSG.ECO-02.DP_WS,Thermo VPP,HRSG,HP_ECONOMIZER,A-ECO-02,ECONOMIZER,DP_WS,HP 수·증기측 차압,CALC,REAL,Pa,T,T,A,Derived from exchanger variables,MODEL,USER_EDIT,,INFO,500,Y,model response,https://build.openmodelica.org/Documentation/ThermoSysPro.Examples.Book.PowerPlants.CombinedCyclePowerPlant.GasTurbineTrip.html,HX count [M]; exact ECO-02 allocation/order [A]
TSP.HRSG.ECO-02.DUTY_RATIO,Thermo VPP,HRSG,HP_ECONOMIZER,A-ECO-02,ECONOMIZER,DUTY_RATIO,HP 정상대비 열량비,CALC,REAL,%,T,T,A,Derived from exchanger variables,MODEL,USER_EDIT,,INFO,500,Y,decreases with thermal lag,https://build.openmodelica.org/Documentation/ThermoSysPro.Examples.Book.PowerPlants.CombinedCyclePowerPlant.GasTurbineTrip.html,HX count [M]; exact ECO-02 allocation/order [A]
TSP.HRSG.ECO-02.STATUS,Thermo VPP,HRSG,HP_ECONOMIZER,A-ECO-02,ECONOMIZER,STATUS,HP 열교환기 상태,DI,ENUM,-,T,T,A,Derived from exchanger variables,MODEL,USER_EDIT,,INFO,500,Y,model response,https://build.openmodelica.org/Documentation/ThermoSysPro.Examples.Book.PowerPlants.CombinedCyclePowerPlant.GasTurbineTrip.html,HX count [M]; exact ECO-02 allocation/order [A]
TSP.HRSG.ECO-02.TEMP_DEV_EVT,Thermo VPP,HRSG,HP_ECONOMIZER,A-ECO-02,ECONOMIZER,TEMP_DEV_EVT,HP 온도편차 이벤트,DI,BOOL,-,T,T,A,Derived from exchanger variables,MODEL,USER_EDIT,USER_EDIT,MEDIUM,500,Y,decreases with thermal lag,https://build.openmodelica.org/Documentation/ThermoSysPro.Examples.Book.PowerPlants.CombinedCyclePowerPlant.GasTurbineTrip.html,HX count [M]; exact ECO-02 allocation/order [A]
TSP.HRSG.ECO-02.LOW_DUTY_EVT,Thermo VPP,HRSG,HP_ECONOMIZER,A-ECO-02,ECONOMIZER,LOW_DUTY_EVT,HP 열량저하 이벤트,DI,BOOL,-,T,T,A,Derived from exchanger variables,MODEL,USER_EDIT,USER_EDIT,MEDIUM,500,Y,decreases with thermal lag,https://build.openmodelica.org/Documentation/ThermoSysPro.Examples.Book.PowerPlants.CombinedCyclePowerPlant.GasTurbineTrip.html,HX count [M]; exact ECO-02 allocation/order [A]
TSP.HRSG.ECO-03.Q_THERMAL,Thermo VPP,HRSG,IP_ECONOMIZER,A-ECO-03,ECONOMIZER,Q_THERMAL,IP 열교환 열량,AI,REAL,W,M,M,A,DynamicExchangerWaterSteamFlueGases.q_thermal,MODEL,N/A,,INFO,500,N,decreases with thermal lag,https://ep.liu.se/konferensartikel.aspx?Article_No=46&issue=132&series=,HX count [M]; exact ECO-03 allocation/order [A]
TSP.HRSG.ECO-03.FG_TEMP_IN,Thermo VPP,HRSG,IP_ECONOMIZER,A-ECO-03,ECONOMIZER,FG_TEMP_IN,IP 배기가스 입구온도,AI,REAL,K,M,M,A,DynamicExchangerWaterSteamFlueGases.fg_temp_in,MODEL,N/A,,INFO,500,N,decreases with thermal lag,https://ep.liu.se/konferensartikel.aspx?Article_No=46&issue=132&series=,HX count [M]; exact ECO-03 allocation/order [A]
TSP.HRSG.ECO-03.FG_TEMP_OUT,Thermo VPP,HRSG,IP_ECONOMIZER,A-ECO-03,ECONOMIZER,FG_TEMP_OUT,IP 배기가스 출구온도,AI,REAL,K,M,M,A,DynamicExchangerWaterSteamFlueGases.fg_temp_out,MODEL,N/A,,INFO,500,N,decreases with thermal lag,https://ep.liu.se/konferensartikel.aspx?Article_No=46&issue=132&series=,HX count [M]; exact ECO-03 allocation/order [A]
TSP.HRSG.ECO-03.WS_TEMP_IN,Thermo VPP,HRSG,IP_ECONOMIZER,A-ECO-03,ECONOMIZER,WS_TEMP_IN,IP 수·증기측 입구온도,AI,REAL,K,M,M,A,DynamicExchangerWaterSteamFlueGases.ws_temp_in,MODEL,N/A,,INFO,500,N,decreases with thermal lag,https://ep.liu.se/konferensartikel.aspx?Article_No=46&issue=132&series=,HX count [M]; exact ECO-03 allocation/order [A]
TSP.HRSG.ECO-03.WS_TEMP_OUT,Thermo VPP,HRSG,IP_ECONOMIZER,A-ECO-03,ECONOMIZER,WS_TEMP_OUT,IP 수·증기측 출구온도,AI,REAL,K,M,M,A,DynamicExchangerWaterSteamFlueGases.ws_temp_out,MODEL,N/A,,INFO,500,N,decreases with thermal lag,https://ep.liu.se/konferensartikel.aspx?Article_No=46&issue=132&series=,HX count [M]; exact ECO-03 allocation/order [A]
TSP.HRSG.ECO-03.WS_PRESS_IN,Thermo VPP,HRSG,IP_ECONOMIZER,A-ECO-03,ECONOMIZER,WS_PRESS_IN,IP 수·증기측 입구압력,AI,REAL,Pa,M,M,A,DynamicExchangerWaterSteamFlueGases.ws_press_in,MODEL,N/A,,INFO,500,N,model response,https://ep.liu.se/konferensartikel.aspx?Article_No=46&issue=132&series=,HX count [M]; exact ECO-03 allocation/order [A]
TSP.HRSG.ECO-03.WS_PRESS_OUT,Thermo VPP,HRSG,IP_ECONOMIZER,A-ECO-03,ECONOMIZER,WS_PRESS_OUT,IP 수·증기측 출구압력,AI,REAL,Pa,M,M,A,DynamicExchangerWaterSteamFlueGases.ws_press_out,MODEL,N/A,,INFO,500,N,model response,https://ep.liu.se/konferensartikel.aspx?Article_No=46&issue=132&series=,HX count [M]; exact ECO-03 allocation/order [A]
TSP.HRSG.ECO-03.WS_MASS_FLOW,Thermo VPP,HRSG,IP_ECONOMIZER,A-ECO-03,ECONOMIZER,WS_MASS_FLOW,IP 수·증기측 질량유량,AI,REAL,kg/s,M,M,A,DynamicExchangerWaterSteamFlueGases.ws_mass_flow,MODEL,N/A,,INFO,500,N,model response,https://ep.liu.se/konferensartikel.aspx?Article_No=46&issue=132&series=,HX count [M]; exact ECO-03 allocation/order [A]
TSP.HRSG.ECO-03.DP_FG,Thermo VPP,HRSG,IP_ECONOMIZER,A-ECO-03,ECONOMIZER,DP_FG,IP 배기가스측 차압,CALC,REAL,Pa,T,T,A,Derived from exchanger variables,MODEL,USER_EDIT,,INFO,500,Y,model response,https://build.openmodelica.org/Documentation/ThermoSysPro.Examples.Book.PowerPlants.CombinedCyclePowerPlant.GasTurbineTrip.html,HX count [M]; exact ECO-03 allocation/order [A]
TSP.HRSG.ECO-03.DP_WS,Thermo VPP,HRSG,IP_ECONOMIZER,A-ECO-03,ECONOMIZER,DP_WS,IP 수·증기측 차압,CALC,REAL,Pa,T,T,A,Derived from exchanger variables,MODEL,USER_EDIT,,INFO,500,Y,model response,https://build.openmodelica.org/Documentation/ThermoSysPro.Examples.Book.PowerPlants.CombinedCyclePowerPlant.GasTurbineTrip.html,HX count [M]; exact ECO-03 allocation/order [A]
TSP.HRSG.ECO-03.DUTY_RATIO,Thermo VPP,HRSG,IP_ECONOMIZER,A-ECO-03,ECONOMIZER,DUTY_RATIO,IP 정상대비 열량비,CALC,REAL,%,T,T,A,Derived from exchanger variables,MODEL,USER_EDIT,,INFO,500,Y,decreases with thermal lag,https://build.openmodelica.org/Documentation/ThermoSysPro.Examples.Book.PowerPlants.CombinedCyclePowerPlant.GasTurbineTrip.html,HX count [M]; exact ECO-03 allocation/order [A]
TSP.HRSG.ECO-03.STATUS,Thermo VPP,HRSG,IP_ECONOMIZER,A-ECO-03,ECONOMIZER,STATUS,IP 열교환기 상태,DI,ENUM,-,T,T,A,Derived from exchanger variables,MODEL,USER_EDIT,,INFO,500,Y,model response,https://build.openmodelica.org/Documentation/ThermoSysPro.Examples.Book.PowerPlants.CombinedCyclePowerPlant.GasTurbineTrip.html,HX count [M]; exact ECO-03 allocation/order [A]
TSP.HRSG.ECO-03.TEMP_DEV_EVT,Thermo VPP,HRSG,IP_ECONOMIZER,A-ECO-03,ECONOMIZER,TEMP_DEV_EVT,IP 온도편차 이벤트,DI,BOOL,-,T,T,A,Derived from exchanger variables,MODEL,USER_EDIT,USER_EDIT,MEDIUM,500,Y,decreases with thermal lag,https://build.openmodelica.org/Documentation/ThermoSysPro.Examples.Book.PowerPlants.CombinedCyclePowerPlant.GasTurbineTrip.html,HX count [M]; exact ECO-03 allocation/order [A]
TSP.HRSG.ECO-03.LOW_DUTY_EVT,Thermo VPP,HRSG,IP_ECONOMIZER,A-ECO-03,ECONOMIZER,LOW_DUTY_EVT,IP 열량저하 이벤트,DI,BOOL,-,T,T,A,Derived from exchanger variables,MODEL,USER_EDIT,USER_EDIT,MEDIUM,500,Y,decreases with thermal lag,https://build.openmodelica.org/Documentation/ThermoSysPro.Examples.Book.PowerPlants.CombinedCyclePowerPlant.GasTurbineTrip.html,HX count [M]; exact ECO-03 allocation/order [A]
TSP.HRSG.ECO-04.Q_THERMAL,Thermo VPP,HRSG,IP_ECONOMIZER,A-ECO-04,ECONOMIZER,Q_THERMAL,IP 열교환 열량,AI,REAL,W,M,M,A,DynamicExchangerWaterSteamFlueGases.q_thermal,MODEL,N/A,,INFO,500,N,decreases with thermal lag,https://ep.liu.se/konferensartikel.aspx?Article_No=46&issue=132&series=,HX count [M]; exact ECO-04 allocation/order [A]
TSP.HRSG.ECO-04.FG_TEMP_IN,Thermo VPP,HRSG,IP_ECONOMIZER,A-ECO-04,ECONOMIZER,FG_TEMP_IN,IP 배기가스 입구온도,AI,REAL,K,M,M,A,DynamicExchangerWaterSteamFlueGases.fg_temp_in,MODEL,N/A,,INFO,500,N,decreases with thermal lag,https://ep.liu.se/konferensartikel.aspx?Article_No=46&issue=132&series=,HX count [M]; exact ECO-04 allocation/order [A]
TSP.HRSG.ECO-04.FG_TEMP_OUT,Thermo VPP,HRSG,IP_ECONOMIZER,A-ECO-04,ECONOMIZER,FG_TEMP_OUT,IP 배기가스 출구온도,AI,REAL,K,M,M,A,DynamicExchangerWaterSteamFlueGases.fg_temp_out,MODEL,N/A,,INFO,500,N,decreases with thermal lag,https://ep.liu.se/konferensartikel.aspx?Article_No=46&issue=132&series=,HX count [M]; exact ECO-04 allocation/order [A]
TSP.HRSG.ECO-04.WS_TEMP_IN,Thermo VPP,HRSG,IP_ECONOMIZER,A-ECO-04,ECONOMIZER,WS_TEMP_IN,IP 수·증기측 입구온도,AI,REAL,K,M,M,A,DynamicExchangerWaterSteamFlueGases.ws_temp_in,MODEL,N/A,,INFO,500,N,decreases with thermal lag,https://ep.liu.se/konferensartikel.aspx?Article_No=46&issue=132&series=,HX count [M]; exact ECO-04 allocation/order [A]
TSP.HRSG.ECO-04.WS_TEMP_OUT,Thermo VPP,HRSG,IP_ECONOMIZER,A-ECO-04,ECONOMIZER,WS_TEMP_OUT,IP 수·증기측 출구온도,AI,REAL,K,M,M,A,DynamicExchangerWaterSteamFlueGases.ws_temp_out,MODEL,N/A,,INFO,500,N,decreases with thermal lag,https://ep.liu.se/konferensartikel.aspx?Article_No=46&issue=132&series=,HX count [M]; exact ECO-04 allocation/order [A]
TSP.HRSG.ECO-04.WS_PRESS_IN,Thermo VPP,HRSG,IP_ECONOMIZER,A-ECO-04,ECONOMIZER,WS_PRESS_IN,IP 수·증기측 입구압력,AI,REAL,Pa,M,M,A,DynamicExchangerWaterSteamFlueGases.ws_press_in,MODEL,N/A,,INFO,500,N,model response,https://ep.liu.se/konferensartikel.aspx?Article_No=46&issue=132&series=,HX count [M]; exact ECO-04 allocation/order [A]
TSP.HRSG.ECO-04.WS_PRESS_OUT,Thermo VPP,HRSG,IP_ECONOMIZER,A-ECO-04,ECONOMIZER,WS_PRESS_OUT,IP 수·증기측 출구압력,AI,REAL,Pa,M,M,A,DynamicExchangerWaterSteamFlueGases.ws_press_out,MODEL,N/A,,INFO,500,N,model response,https://ep.liu.se/konferensartikel.aspx?Article_No=46&issue=132&series=,HX count [M]; exact ECO-04 allocation/order [A]
TSP.HRSG.ECO-04.WS_MASS_FLOW,Thermo VPP,HRSG,IP_ECONOMIZER,A-ECO-04,ECONOMIZER,WS_MASS_FLOW,IP 수·증기측 질량유량,AI,REAL,kg/s,M,M,A,DynamicExchangerWaterSteamFlueGases.ws_mass_flow,MODEL,N/A,,INFO,500,N,model response,https://ep.liu.se/konferensartikel.aspx?Article_No=46&issue=132&series=,HX count [M]; exact ECO-04 allocation/order [A]
TSP.HRSG.ECO-04.DP_FG,Thermo VPP,HRSG,IP_ECONOMIZER,A-ECO-04,ECONOMIZER,DP_FG,IP 배기가스측 차압,CALC,REAL,Pa,T,T,A,Derived from exchanger variables,MODEL,USER_EDIT,,INFO,500,Y,model response,https://build.openmodelica.org/Documentation/ThermoSysPro.Examples.Book.PowerPlants.CombinedCyclePowerPlant.GasTurbineTrip.html,HX count [M]; exact ECO-04 allocation/order [A]
TSP.HRSG.ECO-04.DP_WS,Thermo VPP,HRSG,IP_ECONOMIZER,A-ECO-04,ECONOMIZER,DP_WS,IP 수·증기측 차압,CALC,REAL,Pa,T,T,A,Derived from exchanger variables,MODEL,USER_EDIT,,INFO,500,Y,model response,https://build.openmodelica.org/Documentation/ThermoSysPro.Examples.Book.PowerPlants.CombinedCyclePowerPlant.GasTurbineTrip.html,HX count [M]; exact ECO-04 allocation/order [A]
TSP.HRSG.ECO-04.DUTY_RATIO,Thermo VPP,HRSG,IP_ECONOMIZER,A-ECO-04,ECONOMIZER,DUTY_RATIO,IP 정상대비 열량비,CALC,REAL,%,T,T,A,Derived from exchanger variables,MODEL,USER_EDIT,,INFO,500,Y,decreases with thermal lag,https://build.openmodelica.org/Documentation/ThermoSysPro.Examples.Book.PowerPlants.CombinedCyclePowerPlant.GasTurbineTrip.html,HX count [M]; exact ECO-04 allocation/order [A]
TSP.HRSG.ECO-04.STATUS,Thermo VPP,HRSG,IP_ECONOMIZER,A-ECO-04,ECONOMIZER,STATUS,IP 열교환기 상태,DI,ENUM,-,T,T,A,Derived from exchanger variables,MODEL,USER_EDIT,,INFO,500,Y,model response,https://build.openmodelica.org/Documentation/ThermoSysPro.Examples.Book.PowerPlants.CombinedCyclePowerPlant.GasTurbineTrip.html,HX count [M]; exact ECO-04 allocation/order [A]
TSP.HRSG.ECO-04.TEMP_DEV_EVT,Thermo VPP,HRSG,IP_ECONOMIZER,A-ECO-04,ECONOMIZER,TEMP_DEV_EVT,IP 온도편차 이벤트,DI,BOOL,-,T,T,A,Derived from exchanger variables,MODEL,USER_EDIT,USER_EDIT,MEDIUM,500,Y,decreases with thermal lag,https://build.openmodelica.org/Documentation/ThermoSysPro.Examples.Book.PowerPlants.CombinedCyclePowerPlant.GasTurbineTrip.html,HX count [M]; exact ECO-04 allocation/order [A]
TSP.HRSG.ECO-04.LOW_DUTY_EVT,Thermo VPP,HRSG,IP_ECONOMIZER,A-ECO-04,ECONOMIZER,LOW_DUTY_EVT,IP 열량저하 이벤트,DI,BOOL,-,T,T,A,Derived from exchanger variables,MODEL,USER_EDIT,USER_EDIT,MEDIUM,500,Y,decreases with thermal lag,https://build.openmodelica.org/Documentation/ThermoSysPro.Examples.Book.PowerPlants.CombinedCyclePowerPlant.GasTurbineTrip.html,HX count [M]; exact ECO-04 allocation/order [A]
TSP.HRSG.ECO-05.Q_THERMAL,Thermo VPP,HRSG,LP_ECONOMIZER,A-ECO-05,ECONOMIZER,Q_THERMAL,LP 열교환 열량,AI,REAL,W,M,M,A,DynamicExchangerWaterSteamFlueGases.q_thermal,MODEL,N/A,,INFO,500,N,decreases with thermal lag,https://ep.liu.se/konferensartikel.aspx?Article_No=46&issue=132&series=,HX count [M]; exact ECO-05 allocation/order [A]
TSP.HRSG.ECO-05.FG_TEMP_IN,Thermo VPP,HRSG,LP_ECONOMIZER,A-ECO-05,ECONOMIZER,FG_TEMP_IN,LP 배기가스 입구온도,AI,REAL,K,M,M,A,DynamicExchangerWaterSteamFlueGases.fg_temp_in,MODEL,N/A,,INFO,500,N,decreases with thermal lag,https://ep.liu.se/konferensartikel.aspx?Article_No=46&issue=132&series=,HX count [M]; exact ECO-05 allocation/order [A]
TSP.HRSG.ECO-05.FG_TEMP_OUT,Thermo VPP,HRSG,LP_ECONOMIZER,A-ECO-05,ECONOMIZER,FG_TEMP_OUT,LP 배기가스 출구온도,AI,REAL,K,M,M,A,DynamicExchangerWaterSteamFlueGases.fg_temp_out,MODEL,N/A,,INFO,500,N,decreases with thermal lag,https://ep.liu.se/konferensartikel.aspx?Article_No=46&issue=132&series=,HX count [M]; exact ECO-05 allocation/order [A]
TSP.HRSG.ECO-05.WS_TEMP_IN,Thermo VPP,HRSG,LP_ECONOMIZER,A-ECO-05,ECONOMIZER,WS_TEMP_IN,LP 수·증기측 입구온도,AI,REAL,K,M,M,A,DynamicExchangerWaterSteamFlueGases.ws_temp_in,MODEL,N/A,,INFO,500,N,decreases with thermal lag,https://ep.liu.se/konferensartikel.aspx?Article_No=46&issue=132&series=,HX count [M]; exact ECO-05 allocation/order [A]
TSP.HRSG.ECO-05.WS_TEMP_OUT,Thermo VPP,HRSG,LP_ECONOMIZER,A-ECO-05,ECONOMIZER,WS_TEMP_OUT,LP 수·증기측 출구온도,AI,REAL,K,M,M,A,DynamicExchangerWaterSteamFlueGases.ws_temp_out,MODEL,N/A,,INFO,500,N,decreases with thermal lag,https://ep.liu.se/konferensartikel.aspx?Article_No=46&issue=132&series=,HX count [M]; exact ECO-05 allocation/order [A]
TSP.HRSG.ECO-05.WS_PRESS_IN,Thermo VPP,HRSG,LP_ECONOMIZER,A-ECO-05,ECONOMIZER,WS_PRESS_IN,LP 수·증기측 입구압력,AI,REAL,Pa,M,M,A,DynamicExchangerWaterSteamFlueGases.ws_press_in,MODEL,N/A,,INFO,500,N,model response,https://ep.liu.se/konferensartikel.aspx?Article_No=46&issue=132&series=,HX count [M]; exact ECO-05 allocation/order [A]
TSP.HRSG.ECO-05.WS_PRESS_OUT,Thermo VPP,HRSG,LP_ECONOMIZER,A-ECO-05,ECONOMIZER,WS_PRESS_OUT,LP 수·증기측 출구압력,AI,REAL,Pa,M,M,A,DynamicExchangerWaterSteamFlueGases.ws_press_out,MODEL,N/A,,INFO,500,N,model response,https://ep.liu.se/konferensartikel.aspx?Article_No=46&issue=132&series=,HX count [M]; exact ECO-05 allocation/order [A]
TSP.HRSG.ECO-05.WS_MASS_FLOW,Thermo VPP,HRSG,LP_ECONOMIZER,A-ECO-05,ECONOMIZER,WS_MASS_FLOW,LP 수·증기측 질량유량,AI,REAL,kg/s,M,M,A,DynamicExchangerWaterSteamFlueGases.ws_mass_flow,MODEL,N/A,,INFO,500,N,model response,https://ep.liu.se/konferensartikel.aspx?Article_No=46&issue=132&series=,HX count [M]; exact ECO-05 allocation/order [A]
TSP.HRSG.ECO-05.DP_FG,Thermo VPP,HRSG,LP_ECONOMIZER,A-ECO-05,ECONOMIZER,DP_FG,LP 배기가스측 차압,CALC,REAL,Pa,T,T,A,Derived from exchanger variables,MODEL,USER_EDIT,,INFO,500,Y,model response,https://build.openmodelica.org/Documentation/ThermoSysPro.Examples.Book.PowerPlants.CombinedCyclePowerPlant.GasTurbineTrip.html,HX count [M]; exact ECO-05 allocation/order [A]
TSP.HRSG.ECO-05.DP_WS,Thermo VPP,HRSG,LP_ECONOMIZER,A-ECO-05,ECONOMIZER,DP_WS,LP 수·증기측 차압,CALC,REAL,Pa,T,T,A,Derived from exchanger variables,MODEL,USER_EDIT,,INFO,500,Y,model response,https://build.openmodelica.org/Documentation/ThermoSysPro.Examples.Book.PowerPlants.CombinedCyclePowerPlant.GasTurbineTrip.html,HX count [M]; exact ECO-05 allocation/order [A]
TSP.HRSG.ECO-05.DUTY_RATIO,Thermo VPP,HRSG,LP_ECONOMIZER,A-ECO-05,ECONOMIZER,DUTY_RATIO,LP 정상대비 열량비,CALC,REAL,%,T,T,A,Derived from exchanger variables,MODEL,USER_EDIT,,INFO,500,Y,decreases with thermal lag,https://build.openmodelica.org/Documentation/ThermoSysPro.Examples.Book.PowerPlants.CombinedCyclePowerPlant.GasTurbineTrip.html,HX count [M]; exact ECO-05 allocation/order [A]
TSP.HRSG.ECO-05.STATUS,Thermo VPP,HRSG,LP_ECONOMIZER,A-ECO-05,ECONOMIZER,STATUS,LP 열교환기 상태,DI,ENUM,-,T,T,A,Derived from exchanger variables,MODEL,USER_EDIT,,INFO,500,Y,model response,https://build.openmodelica.org/Documentation/ThermoSysPro.Examples.Book.PowerPlants.CombinedCyclePowerPlant.GasTurbineTrip.html,HX count [M]; exact ECO-05 allocation/order [A]
TSP.HRSG.ECO-05.TEMP_DEV_EVT,Thermo VPP,HRSG,LP_ECONOMIZER,A-ECO-05,ECONOMIZER,TEMP_DEV_EVT,LP 온도편차 이벤트,DI,BOOL,-,T,T,A,Derived from exchanger variables,MODEL,USER_EDIT,USER_EDIT,MEDIUM,500,Y,decreases with thermal lag,https://build.openmodelica.org/Documentation/ThermoSysPro.Examples.Book.PowerPlants.CombinedCyclePowerPlant.GasTurbineTrip.html,HX count [M]; exact ECO-05 allocation/order [A]
TSP.HRSG.ECO-05.LOW_DUTY_EVT,Thermo VPP,HRSG,LP_ECONOMIZER,A-ECO-05,ECONOMIZER,LOW_DUTY_EVT,LP 열량저하 이벤트,DI,BOOL,-,T,T,A,Derived from exchanger variables,MODEL,USER_EDIT,USER_EDIT,MEDIUM,500,Y,decreases with thermal lag,https://build.openmodelica.org/Documentation/ThermoSysPro.Examples.Book.PowerPlants.CombinedCyclePowerPlant.GasTurbineTrip.html,HX count [M]; exact ECO-05 allocation/order [A]
TSP.HRSG.ECO-06.Q_THERMAL,Thermo VPP,HRSG,LP_ECONOMIZER,A-ECO-06,ECONOMIZER,Q_THERMAL,LP 열교환 열량,AI,REAL,W,M,M,A,DynamicExchangerWaterSteamFlueGases.q_thermal,MODEL,N/A,,INFO,500,N,decreases with thermal lag,https://ep.liu.se/konferensartikel.aspx?Article_No=46&issue=132&series=,HX count [M]; exact ECO-06 allocation/order [A]
TSP.HRSG.ECO-06.FG_TEMP_IN,Thermo VPP,HRSG,LP_ECONOMIZER,A-ECO-06,ECONOMIZER,FG_TEMP_IN,LP 배기가스 입구온도,AI,REAL,K,M,M,A,DynamicExchangerWaterSteamFlueGases.fg_temp_in,MODEL,N/A,,INFO,500,N,decreases with thermal lag,https://ep.liu.se/konferensartikel.aspx?Article_No=46&issue=132&series=,HX count [M]; exact ECO-06 allocation/order [A]
TSP.HRSG.ECO-06.FG_TEMP_OUT,Thermo VPP,HRSG,LP_ECONOMIZER,A-ECO-06,ECONOMIZER,FG_TEMP_OUT,LP 배기가스 출구온도,AI,REAL,K,M,M,A,DynamicExchangerWaterSteamFlueGases.fg_temp_out,MODEL,N/A,,INFO,500,N,decreases with thermal lag,https://ep.liu.se/konferensartikel.aspx?Article_No=46&issue=132&series=,HX count [M]; exact ECO-06 allocation/order [A]
TSP.HRSG.ECO-06.WS_TEMP_IN,Thermo VPP,HRSG,LP_ECONOMIZER,A-ECO-06,ECONOMIZER,WS_TEMP_IN,LP 수·증기측 입구온도,AI,REAL,K,M,M,A,DynamicExchangerWaterSteamFlueGases.ws_temp_in,MODEL,N/A,,INFO,500,N,decreases with thermal lag,https://ep.liu.se/konferensartikel.aspx?Article_No=46&issue=132&series=,HX count [M]; exact ECO-06 allocation/order [A]
TSP.HRSG.ECO-06.WS_TEMP_OUT,Thermo VPP,HRSG,LP_ECONOMIZER,A-ECO-06,ECONOMIZER,WS_TEMP_OUT,LP 수·증기측 출구온도,AI,REAL,K,M,M,A,DynamicExchangerWaterSteamFlueGases.ws_temp_out,MODEL,N/A,,INFO,500,N,decreases with thermal lag,https://ep.liu.se/konferensartikel.aspx?Article_No=46&issue=132&series=,HX count [M]; exact ECO-06 allocation/order [A]
TSP.HRSG.ECO-06.WS_PRESS_IN,Thermo VPP,HRSG,LP_ECONOMIZER,A-ECO-06,ECONOMIZER,WS_PRESS_IN,LP 수·증기측 입구압력,AI,REAL,Pa,M,M,A,DynamicExchangerWaterSteamFlueGases.ws_press_in,MODEL,N/A,,INFO,500,N,model response,https://ep.liu.se/konferensartikel.aspx?Article_No=46&issue=132&series=,HX count [M]; exact ECO-06 allocation/order [A]
TSP.HRSG.ECO-06.WS_PRESS_OUT,Thermo VPP,HRSG,LP_ECONOMIZER,A-ECO-06,ECONOMIZER,WS_PRESS_OUT,LP 수·증기측 출구압력,AI,REAL,Pa,M,M,A,DynamicExchangerWaterSteamFlueGases.ws_press_out,MODEL,N/A,,INFO,500,N,model response,https://ep.liu.se/konferensartikel.aspx?Article_No=46&issue=132&series=,HX count [M]; exact ECO-06 allocation/order [A]
TSP.HRSG.ECO-06.WS_MASS_FLOW,Thermo VPP,HRSG,LP_ECONOMIZER,A-ECO-06,ECONOMIZER,WS_MASS_FLOW,LP 수·증기측 질량유량,AI,REAL,kg/s,M,M,A,DynamicExchangerWaterSteamFlueGases.ws_mass_flow,MODEL,N/A,,INFO,500,N,model response,https://ep.liu.se/konferensartikel.aspx?Article_No=46&issue=132&series=,HX count [M]; exact ECO-06 allocation/order [A]
TSP.HRSG.ECO-06.DP_FG,Thermo VPP,HRSG,LP_ECONOMIZER,A-ECO-06,ECONOMIZER,DP_FG,LP 배기가스측 차압,CALC,REAL,Pa,T,T,A,Derived from exchanger variables,MODEL,USER_EDIT,,INFO,500,Y,model response,https://build.openmodelica.org/Documentation/ThermoSysPro.Examples.Book.PowerPlants.CombinedCyclePowerPlant.GasTurbineTrip.html,HX count [M]; exact ECO-06 allocation/order [A]
TSP.HRSG.ECO-06.DP_WS,Thermo VPP,HRSG,LP_ECONOMIZER,A-ECO-06,ECONOMIZER,DP_WS,LP 수·증기측 차압,CALC,REAL,Pa,T,T,A,Derived from exchanger variables,MODEL,USER_EDIT,,INFO,500,Y,model response,https://build.openmodelica.org/Documentation/ThermoSysPro.Examples.Book.PowerPlants.CombinedCyclePowerPlant.GasTurbineTrip.html,HX count [M]; exact ECO-06 allocation/order [A]
TSP.HRSG.ECO-06.DUTY_RATIO,Thermo VPP,HRSG,LP_ECONOMIZER,A-ECO-06,ECONOMIZER,DUTY_RATIO,LP 정상대비 열량비,CALC,REAL,%,T,T,A,Derived from exchanger variables,MODEL,USER_EDIT,,INFO,500,Y,decreases with thermal lag,https://build.openmodelica.org/Documentation/ThermoSysPro.Examples.Book.PowerPlants.CombinedCyclePowerPlant.GasTurbineTrip.html,HX count [M]; exact ECO-06 allocation/order [A]
TSP.HRSG.ECO-06.STATUS,Thermo VPP,HRSG,LP_ECONOMIZER,A-ECO-06,ECONOMIZER,STATUS,LP 열교환기 상태,DI,ENUM,-,T,T,A,Derived from exchanger variables,MODEL,USER_EDIT,,INFO,500,Y,model response,https://build.openmodelica.org/Documentation/ThermoSysPro.Examples.Book.PowerPlants.CombinedCyclePowerPlant.GasTurbineTrip.html,HX count [M]; exact ECO-06 allocation/order [A]
TSP.HRSG.ECO-06.TEMP_DEV_EVT,Thermo VPP,HRSG,LP_ECONOMIZER,A-ECO-06,ECONOMIZER,TEMP_DEV_EVT,LP 온도편차 이벤트,DI,BOOL,-,T,T,A,Derived from exchanger variables,MODEL,USER_EDIT,USER_EDIT,MEDIUM,500,Y,decreases with thermal lag,https://build.openmodelica.org/Documentation/ThermoSysPro.Examples.Book.PowerPlants.CombinedCyclePowerPlant.GasTurbineTrip.html,HX count [M]; exact ECO-06 allocation/order [A]
TSP.HRSG.ECO-06.LOW_DUTY_EVT,Thermo VPP,HRSG,LP_ECONOMIZER,A-ECO-06,ECONOMIZER,LOW_DUTY_EVT,LP 열량저하 이벤트,DI,BOOL,-,T,T,A,Derived from exchanger variables,MODEL,USER_EDIT,USER_EDIT,MEDIUM,500,Y,decreases with thermal lag,https://build.openmodelica.org/Documentation/ThermoSysPro.Examples.Book.PowerPlants.CombinedCyclePowerPlant.GasTurbineTrip.html,HX count [M]; exact ECO-06 allocation/order [A]
TSP.DRUM.HP.PRESS,Thermo VPP,HRSG,HP_DRUM,A-V-HP-101,DynamicDrum,PRESS,HP 드럼 압력,AI,REAL,Pa,M,M,A,DynamicDrum.press,A:12.0 MPa,N/A,,INFO,100,N,decreases after GT trip,https://ep.liu.se/konferensartikel.aspx?Article_No=46&issue=132&series=,Drum and drum-level control existence [M]; tag/setpoint [A/T]
TSP.DRUM.HP.LEVEL,Thermo VPP,HRSG,HP_DRUM,A-V-HP-101,DynamicDrum,LEVEL,HP 드럼 수위,AI,REAL,%,M,M,A,DynamicDrum.level,A:0 % deviation,N/A,,INFO,100,N,transient response,https://ep.liu.se/konferensartikel.aspx?Article_No=46&issue=132&series=,Drum and drum-level control existence [M]; tag/setpoint [A/T]
TSP.DRUM.HP.TEMP,Thermo VPP,HRSG,HP_DRUM,A-V-HP-101,DynamicDrum,TEMP,HP 드럼 온도,AI,REAL,K,M,M,A,DynamicDrum.temp,MODEL,N/A,,INFO,100,N,transient response,https://ep.liu.se/konferensartikel.aspx?Article_No=46&issue=132&series=,Drum and drum-level control existence [M]; tag/setpoint [A/T]
TSP.DRUM.HP.MASS_LIQ,Thermo VPP,HRSG,HP_DRUM,A-V-HP-101,DynamicDrum,MASS_LIQ,HP 드럼 액상 질량,AI,REAL,kg,M,M,A,DynamicDrum.mass_liq,MODEL,N/A,,INFO,100,N,transient response,https://ep.liu.se/konferensartikel.aspx?Article_No=46&issue=132&series=,Drum and drum-level control existence [M]; tag/setpoint [A/T]
TSP.DRUM.HP.MASS_STEAM,Thermo VPP,HRSG,HP_DRUM,A-V-HP-101,DynamicDrum,MASS_STEAM,HP 드럼 증기질량,AI,REAL,kg,M,M,A,DynamicDrum.mass_steam,MODEL,N/A,,INFO,100,N,transient response,https://ep.liu.se/konferensartikel.aspx?Article_No=46&issue=132&series=,Drum and drum-level control existence [M]; tag/setpoint [A/T]
TSP.DRUM.HP.FW_FLOW,Thermo VPP,HRSG,HP_DRUM,A-V-HP-101,DynamicDrum,FW_FLOW,HP 드럼 급수유량,AI,REAL,kg/s,M,M,A,DynamicDrum.fw_flow,MODEL,N/A,,INFO,100,N,transient response,https://ep.liu.se/konferensartikel.aspx?Article_No=46&issue=132&series=,Drum and drum-level control existence [M]; tag/setpoint [A/T]
TSP.DRUM.HP.STEAM_FLOW,Thermo VPP,HRSG,HP_DRUM,A-V-HP-101,DynamicDrum,STEAM_FLOW,HP 드럼 발생증기유량,AI,REAL,kg/s,M,M,A,DynamicDrum.steam_flow,MODEL,N/A,,INFO,100,N,decreases after GT trip,https://ep.liu.se/konferensartikel.aspx?Article_No=46&issue=132&series=,Drum and drum-level control existence [M]; tag/setpoint [A/T]
TSP.DRUM.HP.RECIRC_FLOW,Thermo VPP,HRSG,HP_DRUM,A-V-HP-101,DynamicDrum,RECIRC_FLOW,HP 증발기 순환유량,AI,REAL,kg/s,M,M,A,DynamicDrum.recirc_flow,MODEL,N/A,,INFO,100,N,transient response,https://ep.liu.se/konferensartikel.aspx?Article_No=46&issue=132&series=,Drum and drum-level control existence [M]; tag/setpoint [A/T]
TSP.DRUM.HP.LEVEL_SP,Thermo VPP,HRSG,HP_DRUM,A-V-HP-101,DynamicDrum,LEVEL_SP,HP 드럼 수위 설정값,AO,REAL,%,A,A,A,User assumption,A:0 % deviation,A:L=-10%; LL=-20%; H=+10%; HH=+20%,,INFO,100,Y,transient response,https://build.openmodelica.org/Documentation/ThermoSysPro.Examples.Book.PowerPlants.CombinedCyclePowerPlant.GasTurbineTrip.html,Drum and drum-level control existence [M]; tag/setpoint [A/T]
TSP.DRUM.HP.LIC_OUT,Thermo VPP,HRSG,HP_DRUM,A-V-HP-101,DynamicDrum,LIC_OUT,HP 드럼 수위조절기 출력,AO,REAL,%,M,M,A,DynamicDrum.lic_out,MODEL,N/A,,INFO,100,N,transient response,https://ep.liu.se/konferensartikel.aspx?Article_No=46&issue=132&series=,Drum and drum-level control existence [M]; tag/setpoint [A/T]
TSP.DRUM.HP.FCV_POS,Thermo VPP,HRSG,HP_DRUM,A-V-HP-101,DynamicDrum,FCV_POS,HP 급수조절밸브 개도,AI,REAL,%,A,A,A,User assumption,MODEL,N/A,,INFO,100,Y,transient response,https://build.openmodelica.org/Documentation/ThermoSysPro.Examples.Book.PowerPlants.CombinedCyclePowerPlant.GasTurbineTrip.html,Drum and drum-level control existence [M]; tag/setpoint [A/T]
TSP.DRUM.HP.LEVEL_L,Thermo VPP,HRSG,HP_DRUM,A-V-HP-101,DynamicDrum,LEVEL_L,HP 드럼 수위 Low 알람,DI,BOOL,BOOL,T,T,A,Derived alarm/event,MODEL,A:L=-10%; LL=-20%; H=+10%; HH=+20%,,HIGH,100,Y,transient response,https://build.openmodelica.org/Documentation/ThermoSysPro.Examples.Book.PowerPlants.CombinedCyclePowerPlant.GasTurbineTrip.html,Drum and drum-level control existence [M]; tag/setpoint [A/T]
TSP.DRUM.HP.LEVEL_LL,Thermo VPP,HRSG,HP_DRUM,A-V-HP-101,DynamicDrum,LEVEL_LL,HP 드럼 수위 Low-Low Trip,DI,BOOL,BOOL,T,T,A,Derived alarm/event,MODEL,A:L=-10%; LL=-20%; H=+10%; HH=+20%,LEVEL_LL=1 for USER_EDIT delay,TRIP,100,Y,transient response,https://build.openmodelica.org/Documentation/ThermoSysPro.Examples.Book.PowerPlants.CombinedCyclePowerPlant.GasTurbineTrip.html,Drum and drum-level control existence [M]; tag/setpoint [A/T]
TSP.DRUM.HP.LEVEL_H,Thermo VPP,HRSG,HP_DRUM,A-V-HP-101,DynamicDrum,LEVEL_H,HP 드럼 수위 High 알람,DI,BOOL,BOOL,T,T,A,Derived alarm/event,MODEL,A:L=-10%; LL=-20%; H=+10%; HH=+20%,,HIGH,100,Y,transient response,https://build.openmodelica.org/Documentation/ThermoSysPro.Examples.Book.PowerPlants.CombinedCyclePowerPlant.GasTurbineTrip.html,Drum and drum-level control existence [M]; tag/setpoint [A/T]
TSP.DRUM.HP.LEVEL_HH,Thermo VPP,HRSG,HP_DRUM,A-V-HP-101,DynamicDrum,LEVEL_HH,HP 드럼 수위 High-High Trip,DI,BOOL,BOOL,T,T,A,Derived alarm/event,MODEL,A:L=-10%; LL=-20%; H=+10%; HH=+20%,LEVEL_HH=1 for USER_EDIT delay,TRIP,100,Y,transient response,https://build.openmodelica.org/Documentation/ThermoSysPro.Examples.Book.PowerPlants.CombinedCyclePowerPlant.GasTurbineTrip.html,Drum and drum-level control existence [M]; tag/setpoint [A/T]
TSP.DRUM.HP.PRESS_H,Thermo VPP,HRSG,HP_DRUM,A-V-HP-101,DynamicDrum,PRESS_H,HP 드럼 압력 High 알람,DI,BOOL,BOOL,T,T,A,Derived alarm/event,MODEL,USER_EDIT,,HIGH,100,Y,decreases after GT trip,https://build.openmodelica.org/Documentation/ThermoSysPro.Examples.Book.PowerPlants.CombinedCyclePowerPlant.GasTurbineTrip.html,Drum and drum-level control existence [M]; tag/setpoint [A/T]
TSP.DRUM.HP.PRESS_HH,Thermo VPP,HRSG,HP_DRUM,A-V-HP-101,DynamicDrum,PRESS_HH,HP 드럼 압력 High-High Trip,DI,BOOL,BOOL,T,T,A,Derived alarm/event,MODEL,USER_EDIT,PRESS_HH=1 for USER_EDIT delay,TRIP,100,Y,decreases after GT trip,https://build.openmodelica.org/Documentation/ThermoSysPro.Examples.Book.PowerPlants.CombinedCyclePowerPlant.GasTurbineTrip.html,Drum and drum-level control existence [M]; tag/setpoint [A/T]
TSP.DRUM.HP.CTRL_MODE,Thermo VPP,HRSG,HP_DRUM,A-V-HP-101,DynamicDrum,CTRL_MODE,HP 드럼 수위제어 모드,DI,ENUM,-,T,T,A,Derived alarm/event,MODEL,N/A,,INFO,100,Y,transient response,https://build.openmodelica.org/Documentation/ThermoSysPro.Examples.Book.PowerPlants.CombinedCyclePowerPlant.GasTurbineTrip.html,Drum and drum-level control existence [M]; tag/setpoint [A/T]
TSP.DRUM.IP.PRESS,Thermo VPP,HRSG,IP_DRUM,A-V-IP-201,DynamicDrum,PRESS,IP 드럼 압력,AI,REAL,Pa,M,M,A,DynamicDrum.press,A:3.0 MPa,N/A,,INFO,100,N,decreases after GT trip,https://ep.liu.se/konferensartikel.aspx?Article_No=46&issue=132&series=,Drum and drum-level control existence [M]; tag/setpoint [A/T]
TSP.DRUM.IP.LEVEL,Thermo VPP,HRSG,IP_DRUM,A-V-IP-201,DynamicDrum,LEVEL,IP 드럼 수위,AI,REAL,%,M,M,A,DynamicDrum.level,A:0 % deviation,N/A,,INFO,100,N,transient response,https://ep.liu.se/konferensartikel.aspx?Article_No=46&issue=132&series=,Drum and drum-level control existence [M]; tag/setpoint [A/T]
TSP.DRUM.IP.TEMP,Thermo VPP,HRSG,IP_DRUM,A-V-IP-201,DynamicDrum,TEMP,IP 드럼 온도,AI,REAL,K,M,M,A,DynamicDrum.temp,MODEL,N/A,,INFO,100,N,transient response,https://ep.liu.se/konferensartikel.aspx?Article_No=46&issue=132&series=,Drum and drum-level control existence [M]; tag/setpoint [A/T]
TSP.DRUM.IP.MASS_LIQ,Thermo VPP,HRSG,IP_DRUM,A-V-IP-201,DynamicDrum,MASS_LIQ,IP 드럼 액상 질량,AI,REAL,kg,M,M,A,DynamicDrum.mass_liq,MODEL,N/A,,INFO,100,N,transient response,https://ep.liu.se/konferensartikel.aspx?Article_No=46&issue=132&series=,Drum and drum-level control existence [M]; tag/setpoint [A/T]
TSP.DRUM.IP.MASS_STEAM,Thermo VPP,HRSG,IP_DRUM,A-V-IP-201,DynamicDrum,MASS_STEAM,IP 드럼 증기질량,AI,REAL,kg,M,M,A,DynamicDrum.mass_steam,MODEL,N/A,,INFO,100,N,transient response,https://ep.liu.se/konferensartikel.aspx?Article_No=46&issue=132&series=,Drum and drum-level control existence [M]; tag/setpoint [A/T]
TSP.DRUM.IP.FW_FLOW,Thermo VPP,HRSG,IP_DRUM,A-V-IP-201,DynamicDrum,FW_FLOW,IP 드럼 급수유량,AI,REAL,kg/s,M,M,A,DynamicDrum.fw_flow,MODEL,N/A,,INFO,100,N,transient response,https://ep.liu.se/konferensartikel.aspx?Article_No=46&issue=132&series=,Drum and drum-level control existence [M]; tag/setpoint [A/T]
TSP.DRUM.IP.STEAM_FLOW,Thermo VPP,HRSG,IP_DRUM,A-V-IP-201,DynamicDrum,STEAM_FLOW,IP 드럼 발생증기유량,AI,REAL,kg/s,M,M,A,DynamicDrum.steam_flow,MODEL,N/A,,INFO,100,N,decreases after GT trip,https://ep.liu.se/konferensartikel.aspx?Article_No=46&issue=132&series=,Drum and drum-level control existence [M]; tag/setpoint [A/T]
TSP.DRUM.IP.RECIRC_FLOW,Thermo VPP,HRSG,IP_DRUM,A-V-IP-201,DynamicDrum,RECIRC_FLOW,IP 증발기 순환유량,AI,REAL,kg/s,M,M,A,DynamicDrum.recirc_flow,MODEL,N/A,,INFO,100,N,transient response,https://ep.liu.se/konferensartikel.aspx?Article_No=46&issue=132&series=,Drum and drum-level control existence [M]; tag/setpoint [A/T]
TSP.DRUM.IP.LEVEL_SP,Thermo VPP,HRSG,IP_DRUM,A-V-IP-201,DynamicDrum,LEVEL_SP,IP 드럼 수위 설정값,AO,REAL,%,A,A,A,User assumption,A:0 % deviation,A:L=-10%; LL=-20%; H=+10%; HH=+20%,,INFO,100,Y,transient response,https://build.openmodelica.org/Documentation/ThermoSysPro.Examples.Book.PowerPlants.CombinedCyclePowerPlant.GasTurbineTrip.html,Drum and drum-level control existence [M]; tag/setpoint [A/T]
TSP.DRUM.IP.LIC_OUT,Thermo VPP,HRSG,IP_DRUM,A-V-IP-201,DynamicDrum,LIC_OUT,IP 드럼 수위조절기 출력,AO,REAL,%,M,M,A,DynamicDrum.lic_out,MODEL,N/A,,INFO,100,N,transient response,https://ep.liu.se/konferensartikel.aspx?Article_No=46&issue=132&series=,Drum and drum-level control existence [M]; tag/setpoint [A/T]
TSP.DRUM.IP.FCV_POS,Thermo VPP,HRSG,IP_DRUM,A-V-IP-201,DynamicDrum,FCV_POS,IP 급수조절밸브 개도,AI,REAL,%,A,A,A,User assumption,MODEL,N/A,,INFO,100,Y,transient response,https://build.openmodelica.org/Documentation/ThermoSysPro.Examples.Book.PowerPlants.CombinedCyclePowerPlant.GasTurbineTrip.html,Drum and drum-level control existence [M]; tag/setpoint [A/T]
TSP.DRUM.IP.LEVEL_L,Thermo VPP,HRSG,IP_DRUM,A-V-IP-201,DynamicDrum,LEVEL_L,IP 드럼 수위 Low 알람,DI,BOOL,BOOL,T,T,A,Derived alarm/event,MODEL,A:L=-10%; LL=-20%; H=+10%; HH=+20%,,HIGH,100,Y,transient response,https://build.openmodelica.org/Documentation/ThermoSysPro.Examples.Book.PowerPlants.CombinedCyclePowerPlant.GasTurbineTrip.html,Drum and drum-level control existence [M]; tag/setpoint [A/T]
TSP.DRUM.IP.LEVEL_LL,Thermo VPP,HRSG,IP_DRUM,A-V-IP-201,DynamicDrum,LEVEL_LL,IP 드럼 수위 Low-Low Trip,DI,BOOL,BOOL,T,T,A,Derived alarm/event,MODEL,A:L=-10%; LL=-20%; H=+10%; HH=+20%,LEVEL_LL=1 for USER_EDIT delay,TRIP,100,Y,transient response,https://build.openmodelica.org/Documentation/ThermoSysPro.Examples.Book.PowerPlants.CombinedCyclePowerPlant.GasTurbineTrip.html,Drum and drum-level control existence [M]; tag/setpoint [A/T]
TSP.DRUM.IP.LEVEL_H,Thermo VPP,HRSG,IP_DRUM,A-V-IP-201,DynamicDrum,LEVEL_H,IP 드럼 수위 High 알람,DI,BOOL,BOOL,T,T,A,Derived alarm/event,MODEL,A:L=-10%; LL=-20%; H=+10%; HH=+20%,,HIGH,100,Y,transient response,https://build.openmodelica.org/Documentation/ThermoSysPro.Examples.Book.PowerPlants.CombinedCyclePowerPlant.GasTurbineTrip.html,Drum and drum-level control existence [M]; tag/setpoint [A/T]
TSP.DRUM.IP.LEVEL_HH,Thermo VPP,HRSG,IP_DRUM,A-V-IP-201,DynamicDrum,LEVEL_HH,IP 드럼 수위 High-High Trip,DI,BOOL,BOOL,T,T,A,Derived alarm/event,MODEL,A:L=-10%; LL=-20%; H=+10%; HH=+20%,LEVEL_HH=1 for USER_EDIT delay,TRIP,100,Y,transient response,https://build.openmodelica.org/Documentation/ThermoSysPro.Examples.Book.PowerPlants.CombinedCyclePowerPlant.GasTurbineTrip.html,Drum and drum-level control existence [M]; tag/setpoint [A/T]
TSP.DRUM.IP.PRESS_H,Thermo VPP,HRSG,IP_DRUM,A-V-IP-201,DynamicDrum,PRESS_H,IP 드럼 압력 High 알람,DI,BOOL,BOOL,T,T,A,Derived alarm/event,MODEL,USER_EDIT,,HIGH,100,Y,decreases after GT trip,https://build.openmodelica.org/Documentation/ThermoSysPro.Examples.Book.PowerPlants.CombinedCyclePowerPlant.GasTurbineTrip.html,Drum and drum-level control existence [M]; tag/setpoint [A/T]
TSP.DRUM.IP.PRESS_HH,Thermo VPP,HRSG,IP_DRUM,A-V-IP-201,DynamicDrum,PRESS_HH,IP 드럼 압력 High-High Trip,DI,BOOL,BOOL,T,T,A,Derived alarm/event,MODEL,USER_EDIT,PRESS_HH=1 for USER_EDIT delay,TRIP,100,Y,decreases after GT trip,https://build.openmodelica.org/Documentation/ThermoSysPro.Examples.Book.PowerPlants.CombinedCyclePowerPlant.GasTurbineTrip.html,Drum and drum-level control existence [M]; tag/setpoint [A/T]
TSP.DRUM.IP.CTRL_MODE,Thermo VPP,HRSG,IP_DRUM,A-V-IP-201,DynamicDrum,CTRL_MODE,IP 드럼 수위제어 모드,DI,ENUM,-,T,T,A,Derived alarm/event,MODEL,N/A,,INFO,100,Y,transient response,https://build.openmodelica.org/Documentation/ThermoSysPro.Examples.Book.PowerPlants.CombinedCyclePowerPlant.GasTurbineTrip.html,Drum and drum-level control existence [M]; tag/setpoint [A/T]
TSP.DRUM.LP.PRESS,Thermo VPP,HRSG,LP_DRUM,A-V-LP-301,DynamicDrum,PRESS,LP 드럼 압력,AI,REAL,Pa,M,M,A,DynamicDrum.press,A:0.5 MPa,N/A,,INFO,100,N,decreases after GT trip,https://ep.liu.se/konferensartikel.aspx?Article_No=46&issue=132&series=,Drum and drum-level control existence [M]; tag/setpoint [A/T]
TSP.DRUM.LP.LEVEL,Thermo VPP,HRSG,LP_DRUM,A-V-LP-301,DynamicDrum,LEVEL,LP 드럼 수위,AI,REAL,%,M,M,A,DynamicDrum.level,A:0 % deviation,N/A,,INFO,100,N,transient response,https://ep.liu.se/konferensartikel.aspx?Article_No=46&issue=132&series=,Drum and drum-level control existence [M]; tag/setpoint [A/T]
TSP.DRUM.LP.TEMP,Thermo VPP,HRSG,LP_DRUM,A-V-LP-301,DynamicDrum,TEMP,LP 드럼 온도,AI,REAL,K,M,M,A,DynamicDrum.temp,MODEL,N/A,,INFO,100,N,transient response,https://ep.liu.se/konferensartikel.aspx?Article_No=46&issue=132&series=,Drum and drum-level control existence [M]; tag/setpoint [A/T]
TSP.DRUM.LP.MASS_LIQ,Thermo VPP,HRSG,LP_DRUM,A-V-LP-301,DynamicDrum,MASS_LIQ,LP 드럼 액상 질량,AI,REAL,kg,M,M,A,DynamicDrum.mass_liq,MODEL,N/A,,INFO,100,N,transient response,https://ep.liu.se/konferensartikel.aspx?Article_No=46&issue=132&series=,Drum and drum-level control existence [M]; tag/setpoint [A/T]
TSP.DRUM.LP.MASS_STEAM,Thermo VPP,HRSG,LP_DRUM,A-V-LP-301,DynamicDrum,MASS_STEAM,LP 드럼 증기질량,AI,REAL,kg,M,M,A,DynamicDrum.mass_steam,MODEL,N/A,,INFO,100,N,transient response,https://ep.liu.se/konferensartikel.aspx?Article_No=46&issue=132&series=,Drum and drum-level control existence [M]; tag/setpoint [A/T]
TSP.DRUM.LP.FW_FLOW,Thermo VPP,HRSG,LP_DRUM,A-V-LP-301,DynamicDrum,FW_FLOW,LP 드럼 급수유량,AI,REAL,kg/s,M,M,A,DynamicDrum.fw_flow,MODEL,N/A,,INFO,100,N,transient response,https://ep.liu.se/konferensartikel.aspx?Article_No=46&issue=132&series=,Drum and drum-level control existence [M]; tag/setpoint [A/T]
TSP.DRUM.LP.STEAM_FLOW,Thermo VPP,HRSG,LP_DRUM,A-V-LP-301,DynamicDrum,STEAM_FLOW,LP 드럼 발생증기유량,AI,REAL,kg/s,M,M,A,DynamicDrum.steam_flow,MODEL,N/A,,INFO,100,N,decreases after GT trip,https://ep.liu.se/konferensartikel.aspx?Article_No=46&issue=132&series=,Drum and drum-level control existence [M]; tag/setpoint [A/T]
TSP.DRUM.LP.RECIRC_FLOW,Thermo VPP,HRSG,LP_DRUM,A-V-LP-301,DynamicDrum,RECIRC_FLOW,LP 증발기 순환유량,AI,REAL,kg/s,M,M,A,DynamicDrum.recirc_flow,MODEL,N/A,,INFO,100,N,transient response,https://ep.liu.se/konferensartikel.aspx?Article_No=46&issue=132&series=,Drum and drum-level control existence [M]; tag/setpoint [A/T]
TSP.DRUM.LP.LEVEL_SP,Thermo VPP,HRSG,LP_DRUM,A-V-LP-301,DynamicDrum,LEVEL_SP,LP 드럼 수위 설정값,AO,REAL,%,A,A,A,User assumption,A:0 % deviation,A:L=-10%; LL=-20%; H=+10%; HH=+20%,,INFO,100,Y,transient response,https://build.openmodelica.org/Documentation/ThermoSysPro.Examples.Book.PowerPlants.CombinedCyclePowerPlant.GasTurbineTrip.html,Drum and drum-level control existence [M]; tag/setpoint [A/T]
TSP.DRUM.LP.LIC_OUT,Thermo VPP,HRSG,LP_DRUM,A-V-LP-301,DynamicDrum,LIC_OUT,LP 드럼 수위조절기 출력,AO,REAL,%,M,M,A,DynamicDrum.lic_out,MODEL,N/A,,INFO,100,N,transient response,https://ep.liu.se/konferensartikel.aspx?Article_No=46&issue=132&series=,Drum and drum-level control existence [M]; tag/setpoint [A/T]
TSP.DRUM.LP.FCV_POS,Thermo VPP,HRSG,LP_DRUM,A-V-LP-301,DynamicDrum,FCV_POS,LP 급수조절밸브 개도,AI,REAL,%,A,A,A,User assumption,MODEL,N/A,,INFO,100,Y,transient response,https://build.openmodelica.org/Documentation/ThermoSysPro.Examples.Book.PowerPlants.CombinedCyclePowerPlant.GasTurbineTrip.html,Drum and drum-level control existence [M]; tag/setpoint [A/T]
TSP.DRUM.LP.LEVEL_L,Thermo VPP,HRSG,LP_DRUM,A-V-LP-301,DynamicDrum,LEVEL_L,LP 드럼 수위 Low 알람,DI,BOOL,BOOL,T,T,A,Derived alarm/event,MODEL,A:L=-10%; LL=-20%; H=+10%; HH=+20%,,HIGH,100,Y,transient response,https://build.openmodelica.org/Documentation/ThermoSysPro.Examples.Book.PowerPlants.CombinedCyclePowerPlant.GasTurbineTrip.html,Drum and drum-level control existence [M]; tag/setpoint [A/T]
TSP.DRUM.LP.LEVEL_LL,Thermo VPP,HRSG,LP_DRUM,A-V-LP-301,DynamicDrum,LEVEL_LL,LP 드럼 수위 Low-Low Trip,DI,BOOL,BOOL,T,T,A,Derived alarm/event,MODEL,A:L=-10%; LL=-20%; H=+10%; HH=+20%,LEVEL_LL=1 for USER_EDIT delay,TRIP,100,Y,transient response,https://build.openmodelica.org/Documentation/ThermoSysPro.Examples.Book.PowerPlants.CombinedCyclePowerPlant.GasTurbineTrip.html,Drum and drum-level control existence [M]; tag/setpoint [A/T]
TSP.DRUM.LP.LEVEL_H,Thermo VPP,HRSG,LP_DRUM,A-V-LP-301,DynamicDrum,LEVEL_H,LP 드럼 수위 High 알람,DI,BOOL,BOOL,T,T,A,Derived alarm/event,MODEL,A:L=-10%; LL=-20%; H=+10%; HH=+20%,,HIGH,100,Y,transient response,https://build.openmodelica.org/Documentation/ThermoSysPro.Examples.Book.PowerPlants.CombinedCyclePowerPlant.GasTurbineTrip.html,Drum and drum-level control existence [M]; tag/setpoint [A/T]
TSP.DRUM.LP.LEVEL_HH,Thermo VPP,HRSG,LP_DRUM,A-V-LP-301,DynamicDrum,LEVEL_HH,LP 드럼 수위 High-High Trip,DI,BOOL,BOOL,T,T,A,Derived alarm/event,MODEL,A:L=-10%; LL=-20%; H=+10%; HH=+20%,LEVEL_HH=1 for USER_EDIT delay,TRIP,100,Y,transient response,https://build.openmodelica.org/Documentation/ThermoSysPro.Examples.Book.PowerPlants.CombinedCyclePowerPlant.GasTurbineTrip.html,Drum and drum-level control existence [M]; tag/setpoint [A/T]
TSP.DRUM.LP.PRESS_H,Thermo VPP,HRSG,LP_DRUM,A-V-LP-301,DynamicDrum,PRESS_H,LP 드럼 압력 High 알람,DI,BOOL,BOOL,T,T,A,Derived alarm/event,MODEL,USER_EDIT,,HIGH,100,Y,decreases after GT trip,https://build.openmodelica.org/Documentation/ThermoSysPro.Examples.Book.PowerPlants.CombinedCyclePowerPlant.GasTurbineTrip.html,Drum and drum-level control existence [M]; tag/setpoint [A/T]
TSP.DRUM.LP.PRESS_HH,Thermo VPP,HRSG,LP_DRUM,A-V-LP-301,DynamicDrum,PRESS_HH,LP 드럼 압력 High-High Trip,DI,BOOL,BOOL,T,T,A,Derived alarm/event,MODEL,USER_EDIT,PRESS_HH=1 for USER_EDIT delay,TRIP,100,Y,decreases after GT trip,https://build.openmodelica.org/Documentation/ThermoSysPro.Examples.Book.PowerPlants.CombinedCyclePowerPlant.GasTurbineTrip.html,Drum and drum-level control existence [M]; tag/setpoint [A/T]
TSP.DRUM.LP.CTRL_MODE,Thermo VPP,HRSG,LP_DRUM,A-V-LP-301,DynamicDrum,CTRL_MODE,LP 드럼 수위제어 모드,DI,ENUM,-,T,T,A,Derived alarm/event,MODEL,N/A,,INFO,100,Y,transient response,https://build.openmodelica.org/Documentation/ThermoSysPro.Examples.Book.PowerPlants.CombinedCyclePowerPlant.GasTurbineTrip.html,Drum and drum-level control existence [M]; tag/setpoint [A/T]
TSP.ST.HP.PRESS_IN,Thermo VPP,ST,HP_TURBINE,A-ST-HP-101,StodolaTurbine,PRESS_IN,HP 터빈 입구압력,AI,REAL,Pa,M,M,A,StodolaTurbine.press_in,MODEL,N/A,,INFO,100,N,model response,https://ep.liu.se/konferensartikel.aspx?Article_No=46&issue=132&series=,Stage presence [M]; equipment tag and valve mapping [A]
TSP.ST.HP.TEMP_IN,Thermo VPP,ST,HP_TURBINE,A-ST-HP-101,StodolaTurbine,TEMP_IN,HP 터빈 입구온도,AI,REAL,K,M,M,A,StodolaTurbine.temp_in,MODEL,N/A,,INFO,100,N,model response,https://ep.liu.se/konferensartikel.aspx?Article_No=46&issue=132&series=,Stage presence [M]; equipment tag and valve mapping [A]
TSP.ST.HP.H_IN,Thermo VPP,ST,HP_TURBINE,A-ST-HP-101,StodolaTurbine,H_IN,HP 터빈 입구 비엔탈피,AI,REAL,J/kg,M,M,A,StodolaTurbine.h_in,MODEL,N/A,,INFO,100,N,model response,https://ep.liu.se/konferensartikel.aspx?Article_No=46&issue=132&series=,Stage presence [M]; equipment tag and valve mapping [A]
TSP.ST.HP.PRESS_OUT,Thermo VPP,ST,HP_TURBINE,A-ST-HP-101,StodolaTurbine,PRESS_OUT,HP 터빈 출구압력,AI,REAL,Pa,M,M,A,StodolaTurbine.press_out,MODEL,N/A,,INFO,100,N,model response,https://ep.liu.se/konferensartikel.aspx?Article_No=46&issue=132&series=,Stage presence [M]; equipment tag and valve mapping [A]
TSP.ST.HP.TEMP_OUT,Thermo VPP,ST,HP_TURBINE,A-ST-HP-101,StodolaTurbine,TEMP_OUT,HP 터빈 출구온도,AI,REAL,K,M,M,A,StodolaTurbine.temp_out,MODEL,N/A,,INFO,100,N,model response,https://ep.liu.se/konferensartikel.aspx?Article_No=46&issue=132&series=,Stage presence [M]; equipment tag and valve mapping [A]
TSP.ST.HP.H_OUT,Thermo VPP,ST,HP_TURBINE,A-ST-HP-101,StodolaTurbine,H_OUT,HP 터빈 출구 비엔탈피,AI,REAL,J/kg,M,M,A,StodolaTurbine.h_out,MODEL,N/A,,INFO,100,N,model response,https://ep.liu.se/konferensartikel.aspx?Article_No=46&issue=132&series=,Stage presence [M]; equipment tag and valve mapping [A]
TSP.ST.HP.MASS_FLOW,Thermo VPP,ST,HP_TURBINE,A-ST-HP-101,StodolaTurbine,MASS_FLOW,HP 터빈 증기 질량유량,AI,REAL,kg/s,M,M,A,StodolaTurbine.mass_flow,MODEL,N/A,,INFO,100,N,decreases after steam decay,https://ep.liu.se/konferensartikel.aspx?Article_No=46&issue=132&series=,Stage presence [M]; equipment tag and valve mapping [A]
TSP.ST.HP.MECH_POWER,Thermo VPP,ST,HP_TURBINE,A-ST-HP-101,StodolaTurbine,MECH_POWER,HP 터빈 기계출력,AI,REAL,W,M,M,A,StodolaTurbine.mech_power,part of 277 MW ST total,N/A,,INFO,100,N,decreases after steam decay,https://ep.liu.se/konferensartikel.aspx?Article_No=46&issue=132&series=,Stage presence [M]; equipment tag and valve mapping [A]
TSP.ST.HP.EFF_IS,Thermo VPP,ST,HP_TURBINE,A-ST-HP-101,StodolaTurbine,EFF_IS,HP 터빈 등엔트로피 효율,AI,REAL,%,M,M,A,StodolaTurbine.eff_is,MODEL,N/A,,INFO,100,N,model response,https://ep.liu.se/konferensartikel.aspx?Article_No=46&issue=132&series=,Stage presence [M]; equipment tag and valve mapping [A]
TSP.ST.HP.TCV_POS,Thermo VPP,ST,HP_TURBINE,A-ST-HP-101,StodolaTurbine,TCV_POS,HP 터빈 조절밸브 개도,AI,REAL,%,A,A,A,Assumed control valve mapping,MODEL,N/A,,INFO,100,Y,model response,https://build.openmodelica.org/Documentation/ThermoSysPro.Examples.Book.PowerPlants.CombinedCyclePowerPlant.GasTurbineTrip.html,Stage presence [M]; equipment tag and valve mapping [A]
TSP.ST.HP.FLOW_LOW_EVT,Thermo VPP,ST,HP_TURBINE,A-ST-HP-101,StodolaTurbine,FLOW_LOW_EVT,HP 터빈 증기유량 저하 이벤트,DI,BOOL,BOOL,T,T,A,Derived event,MODEL,USER_EDIT,USER_EDIT,HIGH,100,Y,decreases after steam decay,https://build.openmodelica.org/Documentation/ThermoSysPro.Examples.Book.PowerPlants.CombinedCyclePowerPlant.GasTurbineTrip.html,Stage presence [M]; equipment tag and valve mapping [A]
TSP.ST.HP.TRIP_STATUS,Thermo VPP,ST,HP_TURBINE,A-ST-HP-101,StodolaTurbine,TRIP_STATUS,HP 터빈 Trip 상태,DI,BOOL,BOOL,T,T,A,Derived event,MODEL,USER_EDIT,USER_EDIT,TRIP,100,Y,model response,https://build.openmodelica.org/Documentation/ThermoSysPro.Examples.Book.PowerPlants.CombinedCyclePowerPlant.GasTurbineTrip.html,Stage presence [M]; equipment tag and valve mapping [A]
TSP.ST.HP.STAGE_STATUS,Thermo VPP,ST,HP_TURBINE,A-ST-HP-101,StodolaTurbine,STAGE_STATUS,HP 터빈 Stage 상태,DI,ENUM,-,T,T,A,Derived event,MODEL,USER_EDIT,,INFO,100,Y,model response,https://build.openmodelica.org/Documentation/ThermoSysPro.Examples.Book.PowerPlants.CombinedCyclePowerPlant.GasTurbineTrip.html,Stage presence [M]; equipment tag and valve mapping [A]
TSP.ST.IP.PRESS_IN,Thermo VPP,ST,IP_TURBINE,A-ST-IP-201,StodolaTurbine,PRESS_IN,IP 터빈 입구압력,AI,REAL,Pa,M,M,A,StodolaTurbine.press_in,MODEL,N/A,,INFO,100,N,model response,https://ep.liu.se/konferensartikel.aspx?Article_No=46&issue=132&series=,Stage presence [M]; equipment tag and valve mapping [A]
TSP.ST.IP.TEMP_IN,Thermo VPP,ST,IP_TURBINE,A-ST-IP-201,StodolaTurbine,TEMP_IN,IP 터빈 입구온도,AI,REAL,K,M,M,A,StodolaTurbine.temp_in,MODEL,N/A,,INFO,100,N,model response,https://ep.liu.se/konferensartikel.aspx?Article_No=46&issue=132&series=,Stage presence [M]; equipment tag and valve mapping [A]
TSP.ST.IP.H_IN,Thermo VPP,ST,IP_TURBINE,A-ST-IP-201,StodolaTurbine,H_IN,IP 터빈 입구 비엔탈피,AI,REAL,J/kg,M,M,A,StodolaTurbine.h_in,MODEL,N/A,,INFO,100,N,model response,https://ep.liu.se/konferensartikel.aspx?Article_No=46&issue=132&series=,Stage presence [M]; equipment tag and valve mapping [A]
TSP.ST.IP.PRESS_OUT,Thermo VPP,ST,IP_TURBINE,A-ST-IP-201,StodolaTurbine,PRESS_OUT,IP 터빈 출구압력,AI,REAL,Pa,M,M,A,StodolaTurbine.press_out,MODEL,N/A,,INFO,100,N,model response,https://ep.liu.se/konferensartikel.aspx?Article_No=46&issue=132&series=,Stage presence [M]; equipment tag and valve mapping [A]
TSP.ST.IP.TEMP_OUT,Thermo VPP,ST,IP_TURBINE,A-ST-IP-201,StodolaTurbine,TEMP_OUT,IP 터빈 출구온도,AI,REAL,K,M,M,A,StodolaTurbine.temp_out,MODEL,N/A,,INFO,100,N,model response,https://ep.liu.se/konferensartikel.aspx?Article_No=46&issue=132&series=,Stage presence [M]; equipment tag and valve mapping [A]
TSP.ST.IP.H_OUT,Thermo VPP,ST,IP_TURBINE,A-ST-IP-201,StodolaTurbine,H_OUT,IP 터빈 출구 비엔탈피,AI,REAL,J/kg,M,M,A,StodolaTurbine.h_out,MODEL,N/A,,INFO,100,N,model response,https://ep.liu.se/konferensartikel.aspx?Article_No=46&issue=132&series=,Stage presence [M]; equipment tag and valve mapping [A]
TSP.ST.IP.MASS_FLOW,Thermo VPP,ST,IP_TURBINE,A-ST-IP-201,StodolaTurbine,MASS_FLOW,IP 터빈 증기 질량유량,AI,REAL,kg/s,M,M,A,StodolaTurbine.mass_flow,MODEL,N/A,,INFO,100,N,decreases after steam decay,https://ep.liu.se/konferensartikel.aspx?Article_No=46&issue=132&series=,Stage presence [M]; equipment tag and valve mapping [A]
TSP.ST.IP.MECH_POWER,Thermo VPP,ST,IP_TURBINE,A-ST-IP-201,StodolaTurbine,MECH_POWER,IP 터빈 기계출력,AI,REAL,W,M,M,A,StodolaTurbine.mech_power,MODEL,N/A,,INFO,100,N,decreases after steam decay,https://ep.liu.se/konferensartikel.aspx?Article_No=46&issue=132&series=,Stage presence [M]; equipment tag and valve mapping [A]
TSP.ST.IP.EFF_IS,Thermo VPP,ST,IP_TURBINE,A-ST-IP-201,StodolaTurbine,EFF_IS,IP 터빈 등엔트로피 효율,AI,REAL,%,M,M,A,StodolaTurbine.eff_is,MODEL,N/A,,INFO,100,N,model response,https://ep.liu.se/konferensartikel.aspx?Article_No=46&issue=132&series=,Stage presence [M]; equipment tag and valve mapping [A]
TSP.ST.IP.TCV_POS,Thermo VPP,ST,IP_TURBINE,A-ST-IP-201,StodolaTurbine,TCV_POS,IP 터빈 조절밸브 개도,AI,REAL,%,A,A,A,Assumed control valve mapping,MODEL,N/A,,INFO,100,Y,model response,https://build.openmodelica.org/Documentation/ThermoSysPro.Examples.Book.PowerPlants.CombinedCyclePowerPlant.GasTurbineTrip.html,Stage presence [M]; equipment tag and valve mapping [A]
TSP.ST.IP.FLOW_LOW_EVT,Thermo VPP,ST,IP_TURBINE,A-ST-IP-201,StodolaTurbine,FLOW_LOW_EVT,IP 터빈 증기유량 저하 이벤트,DI,BOOL,BOOL,T,T,A,Derived event,MODEL,USER_EDIT,USER_EDIT,HIGH,100,Y,decreases after steam decay,https://build.openmodelica.org/Documentation/ThermoSysPro.Examples.Book.PowerPlants.CombinedCyclePowerPlant.GasTurbineTrip.html,Stage presence [M]; equipment tag and valve mapping [A]
TSP.ST.IP.TRIP_STATUS,Thermo VPP,ST,IP_TURBINE,A-ST-IP-201,StodolaTurbine,TRIP_STATUS,IP 터빈 Trip 상태,DI,BOOL,BOOL,T,T,A,Derived event,MODEL,USER_EDIT,USER_EDIT,TRIP,100,Y,model response,https://build.openmodelica.org/Documentation/ThermoSysPro.Examples.Book.PowerPlants.CombinedCyclePowerPlant.GasTurbineTrip.html,Stage presence [M]; equipment tag and valve mapping [A]
TSP.ST.IP.STAGE_STATUS,Thermo VPP,ST,IP_TURBINE,A-ST-IP-201,StodolaTurbine,STAGE_STATUS,IP 터빈 Stage 상태,DI,ENUM,-,T,T,A,Derived event,MODEL,USER_EDIT,,INFO,100,Y,model response,https://build.openmodelica.org/Documentation/ThermoSysPro.Examples.Book.PowerPlants.CombinedCyclePowerPlant.GasTurbineTrip.html,Stage presence [M]; equipment tag and valve mapping [A]
TSP.ST.LP.PRESS_IN,Thermo VPP,ST,LP_TURBINE,A-ST-LP-301,StodolaTurbine,PRESS_IN,LP 터빈 입구압력,AI,REAL,Pa,M,M,A,StodolaTurbine.press_in,MODEL,N/A,,INFO,100,N,model response,https://ep.liu.se/konferensartikel.aspx?Article_No=46&issue=132&series=,Stage presence [M]; equipment tag and valve mapping [A]
TSP.ST.LP.TEMP_IN,Thermo VPP,ST,LP_TURBINE,A-ST-LP-301,StodolaTurbine,TEMP_IN,LP 터빈 입구온도,AI,REAL,K,M,M,A,StodolaTurbine.temp_in,MODEL,N/A,,INFO,100,N,model response,https://ep.liu.se/konferensartikel.aspx?Article_No=46&issue=132&series=,Stage presence [M]; equipment tag and valve mapping [A]
TSP.ST.LP.H_IN,Thermo VPP,ST,LP_TURBINE,A-ST-LP-301,StodolaTurbine,H_IN,LP 터빈 입구 비엔탈피,AI,REAL,J/kg,M,M,A,StodolaTurbine.h_in,MODEL,N/A,,INFO,100,N,model response,https://ep.liu.se/konferensartikel.aspx?Article_No=46&issue=132&series=,Stage presence [M]; equipment tag and valve mapping [A]
TSP.ST.LP.PRESS_OUT,Thermo VPP,ST,LP_TURBINE,A-ST-LP-301,StodolaTurbine,PRESS_OUT,LP 터빈 출구압력,AI,REAL,Pa,M,M,A,StodolaTurbine.press_out,MODEL,N/A,,INFO,100,N,model response,https://ep.liu.se/konferensartikel.aspx?Article_No=46&issue=132&series=,Stage presence [M]; equipment tag and valve mapping [A]
TSP.ST.LP.TEMP_OUT,Thermo VPP,ST,LP_TURBINE,A-ST-LP-301,StodolaTurbine,TEMP_OUT,LP 터빈 출구온도,AI,REAL,K,M,M,A,StodolaTurbine.temp_out,MODEL,N/A,,INFO,100,N,model response,https://ep.liu.se/konferensartikel.aspx?Article_No=46&issue=132&series=,Stage presence [M]; equipment tag and valve mapping [A]
TSP.ST.LP.H_OUT,Thermo VPP,ST,LP_TURBINE,A-ST-LP-301,StodolaTurbine,H_OUT,LP 터빈 출구 비엔탈피,AI,REAL,J/kg,M,M,A,StodolaTurbine.h_out,MODEL,N/A,,INFO,100,N,model response,https://ep.liu.se/konferensartikel.aspx?Article_No=46&issue=132&series=,Stage presence [M]; equipment tag and valve mapping [A]
TSP.ST.LP.MASS_FLOW,Thermo VPP,ST,LP_TURBINE,A-ST-LP-301,StodolaTurbine,MASS_FLOW,LP 터빈 증기 질량유량,AI,REAL,kg/s,M,M,A,StodolaTurbine.mass_flow,MODEL,N/A,,INFO,100,N,decreases after steam decay,https://ep.liu.se/konferensartikel.aspx?Article_No=46&issue=132&series=,Stage presence [M]; equipment tag and valve mapping [A]
TSP.ST.LP.MECH_POWER,Thermo VPP,ST,LP_TURBINE,A-ST-LP-301,StodolaTurbine,MECH_POWER,LP 터빈 기계출력,AI,REAL,W,M,M,A,StodolaTurbine.mech_power,MODEL,N/A,,INFO,100,N,decreases after steam decay,https://ep.liu.se/konferensartikel.aspx?Article_No=46&issue=132&series=,Stage presence [M]; equipment tag and valve mapping [A]
TSP.ST.LP.EFF_IS,Thermo VPP,ST,LP_TURBINE,A-ST-LP-301,StodolaTurbine,EFF_IS,LP 터빈 등엔트로피 효율,AI,REAL,%,M,M,A,StodolaTurbine.eff_is,MODEL,N/A,,INFO,100,N,model response,https://ep.liu.se/konferensartikel.aspx?Article_No=46&issue=132&series=,Stage presence [M]; equipment tag and valve mapping [A]
TSP.ST.LP.TCV_POS,Thermo VPP,ST,LP_TURBINE,A-ST-LP-301,StodolaTurbine,TCV_POS,LP 터빈 조절밸브 개도,AI,REAL,%,A,A,A,Assumed control valve mapping,MODEL,N/A,,INFO,100,Y,model response,https://build.openmodelica.org/Documentation/ThermoSysPro.Examples.Book.PowerPlants.CombinedCyclePowerPlant.GasTurbineTrip.html,Stage presence [M]; equipment tag and valve mapping [A]
TSP.ST.LP.FLOW_LOW_EVT,Thermo VPP,ST,LP_TURBINE,A-ST-LP-301,StodolaTurbine,FLOW_LOW_EVT,LP 터빈 증기유량 저하 이벤트,DI,BOOL,BOOL,T,T,A,Derived event,MODEL,USER_EDIT,USER_EDIT,HIGH,100,Y,decreases after steam decay,https://build.openmodelica.org/Documentation/ThermoSysPro.Examples.Book.PowerPlants.CombinedCyclePowerPlant.GasTurbineTrip.html,Stage presence [M]; equipment tag and valve mapping [A]
TSP.ST.LP.TRIP_STATUS,Thermo VPP,ST,LP_TURBINE,A-ST-LP-301,StodolaTurbine,TRIP_STATUS,LP 터빈 Trip 상태,DI,BOOL,BOOL,T,T,A,Derived event,MODEL,USER_EDIT,USER_EDIT,TRIP,100,Y,model response,https://build.openmodelica.org/Documentation/ThermoSysPro.Examples.Book.PowerPlants.CombinedCyclePowerPlant.GasTurbineTrip.html,Stage presence [M]; equipment tag and valve mapping [A]
TSP.ST.LP.STAGE_STATUS,Thermo VPP,ST,LP_TURBINE,A-ST-LP-301,StodolaTurbine,STAGE_STATUS,LP 터빈 Stage 상태,DI,ENUM,-,T,T,A,Derived event,MODEL,USER_EDIT,,INFO,100,Y,model response,https://build.openmodelica.org/Documentation/ThermoSysPro.Examples.Book.PowerPlants.CombinedCyclePowerPlant.GasTurbineTrip.html,Stage presence [M]; equipment tag and valve mapping [A]
TSP.PUMP.HP.RUN_FB,Thermo VPP,BFP,HP_FEEDWATER,A-P-HP-101,StaticCentrifugalPump,RUN_FB,HP 운전 피드백,DI,BOOL,BOOL,A,A,A,StaticCentrifugalPump.run_fb (duty assignment assumed),1,N/A,,INFO,100,Y,assumed operation,https://ep.liu.se/konferensartikel.aspx?Article_No=46&issue=132&series=,Pump count ×3 [M]; pressure-loop duty and all I/O tags [A]
TSP.PUMP.HP.START_CMD,Thermo VPP,BFP,HP_FEEDWATER,A-P-HP-101,StaticCentrifugalPump,START_CMD,HP 기동 명령,DO,BOOL,BOOL,A,A,A,StaticCentrifugalPump.start_cmd (duty assignment assumed),MODEL/USER_EDIT,N/A,,INFO,100,Y,assumed operation,https://ep.liu.se/konferensartikel.aspx?Article_No=46&issue=132&series=,Pump count ×3 [M]; pressure-loop duty and all I/O tags [A]
TSP.PUMP.HP.STOP_CMD,Thermo VPP,BFP,HP_FEEDWATER,A-P-HP-101,StaticCentrifugalPump,STOP_CMD,HP 정지 명령,DO,BOOL,BOOL,A,A,A,StaticCentrifugalPump.stop_cmd (duty assignment assumed),MODEL/USER_EDIT,N/A,,INFO,100,Y,assumed operation,https://ep.liu.se/konferensartikel.aspx?Article_No=46&issue=132&series=,Pump count ×3 [M]; pressure-loop duty and all I/O tags [A]
TSP.PUMP.HP.SPEED,Thermo VPP,BFP,HP_FEEDWATER,A-P-HP-101,StaticCentrifugalPump,SPEED,HP 회전속도,AI,REAL,rpm,A,A,A,StaticCentrifugalPump.speed (duty assignment assumed),MODEL/USER_EDIT,N/A,,INFO,500,Y,assumed operation,https://ep.liu.se/konferensartikel.aspx?Article_No=46&issue=132&series=,Pump count ×3 [M]; pressure-loop duty and all I/O tags [A]
TSP.PUMP.HP.FLOW,Thermo VPP,BFP,HP_FEEDWATER,A-P-HP-101,StaticCentrifugalPump,FLOW,HP 토출유량,AI,REAL,kg/s,A,A,A,StaticCentrifugalPump.flow (duty assignment assumed),MODEL/USER_EDIT,USER_EDIT,,INFO,500,Y,controller-dependent,https://ep.liu.se/konferensartikel.aspx?Article_No=46&issue=132&series=,Pump count ×3 [M]; pressure-loop duty and all I/O tags [A]
TSP.PUMP.HP.P_SUCTION,Thermo VPP,BFP,HP_FEEDWATER,A-P-HP-101,StaticCentrifugalPump,P_SUCTION,HP 흡입압력,AI,REAL,Pa,A,A,A,StaticCentrifugalPump.p_suction (duty assignment assumed),MODEL/USER_EDIT,N/A,,INFO,500,Y,assumed operation,https://ep.liu.se/konferensartikel.aspx?Article_No=46&issue=132&series=,Pump count ×3 [M]; pressure-loop duty and all I/O tags [A]
TSP.PUMP.HP.P_DISCHARGE,Thermo VPP,BFP,HP_FEEDWATER,A-P-HP-101,StaticCentrifugalPump,P_DISCHARGE,HP 토출압력,AI,REAL,Pa,A,A,A,StaticCentrifugalPump.p_discharge (duty assignment assumed),MODEL/USER_EDIT,N/A,,INFO,500,Y,assumed operation,https://ep.liu.se/konferensartikel.aspx?Article_No=46&issue=132&series=,Pump count ×3 [M]; pressure-loop duty and all I/O tags [A]
TSP.PUMP.HP.DP,Thermo VPP,BFP,HP_FEEDWATER,A-P-HP-101,StaticCentrifugalPump,DP,HP 펌프 차압,CALC,REAL,Pa,A,A,A,StaticCentrifugalPump.dp (duty assignment assumed),MODEL/USER_EDIT,N/A,,INFO,500,Y,assumed operation,https://ep.liu.se/konferensartikel.aspx?Article_No=46&issue=132&series=,Pump count ×3 [M]; pressure-loop duty and all I/O tags [A]
TSP.PUMP.HP.POWER,Thermo VPP,BFP,HP_FEEDWATER,A-P-HP-101,StaticCentrifugalPump,POWER,HP 펌프 소비동력,AI,REAL,W,A,A,A,StaticCentrifugalPump.power (duty assignment assumed),MODEL/USER_EDIT,N/A,,INFO,500,Y,controller-dependent,https://ep.liu.se/konferensartikel.aspx?Article_No=46&issue=132&series=,Pump count ×3 [M]; pressure-loop duty and all I/O tags [A]
TSP.PUMP.HP.TRIP_FB,Thermo VPP,BFP,HP_FEEDWATER,A-P-HP-101,StaticCentrifugalPump,TRIP_FB,HP 펌프 Trip 피드백,DI,BOOL,BOOL,A,A,A,StaticCentrifugalPump.trip_fb (duty assignment assumed),MODEL/USER_EDIT,N/A,USER_EDIT,HIGH,100,Y,assumed operation,https://ep.liu.se/konferensartikel.aspx?Article_No=46&issue=132&series=,Pump count ×3 [M]; pressure-loop duty and all I/O tags [A]
TSP.PUMP.HP.SUCTION_LOW_EVT,Thermo VPP,BFP,HP_FEEDWATER,A-P-HP-101,StaticCentrifugalPump,SUCTION_LOW_EVT,HP 흡입압력 Low 이벤트,DI,BOOL,BOOL,A,A,A,StaticCentrifugalPump.suction_low_evt (duty assignment assumed),MODEL/USER_EDIT,USER_EDIT,USER_EDIT,MEDIUM,100,Y,assumed operation,https://ep.liu.se/konferensartikel.aspx?Article_No=46&issue=132&series=,Pump count ×3 [M]; pressure-loop duty and all I/O tags [A]
TSP.PUMP.HP.DISCH_LOW_EVT,Thermo VPP,BFP,HP_FEEDWATER,A-P-HP-101,StaticCentrifugalPump,DISCH_LOW_EVT,HP 토출압력 Low 이벤트,DI,BOOL,BOOL,A,A,A,StaticCentrifugalPump.disch_low_evt (duty assignment assumed),MODEL/USER_EDIT,USER_EDIT,USER_EDIT,MEDIUM,100,Y,assumed operation,https://ep.liu.se/konferensartikel.aspx?Article_No=46&issue=132&series=,Pump count ×3 [M]; pressure-loop duty and all I/O tags [A]
TSP.PUMP.HP.AUTO_MODE,Thermo VPP,BFP,HP_FEEDWATER,A-P-HP-101,StaticCentrifugalPump,AUTO_MODE,HP 자동운전 모드,DI,BOOL,BOOL,A,A,A,StaticCentrifugalPump.auto_mode (duty assignment assumed),MODEL/USER_EDIT,N/A,,INFO,100,Y,assumed operation,https://ep.liu.se/konferensartikel.aspx?Article_No=46&issue=132&series=,Pump count ×3 [M]; pressure-loop duty and all I/O tags [A]
TSP.PUMP.IP.RUN_FB,Thermo VPP,BFP,IP_FEEDWATER,A-P-IP-201,StaticCentrifugalPump,RUN_FB,IP 운전 피드백,DI,BOOL,BOOL,A,A,A,StaticCentrifugalPump.run_fb (duty assignment assumed),1,N/A,,INFO,100,Y,assumed operation,https://ep.liu.se/konferensartikel.aspx?Article_No=46&issue=132&series=,Pump count ×3 [M]; pressure-loop duty and all I/O tags [A]
TSP.PUMP.IP.START_CMD,Thermo VPP,BFP,IP_FEEDWATER,A-P-IP-201,StaticCentrifugalPump,START_CMD,IP 기동 명령,DO,BOOL,BOOL,A,A,A,StaticCentrifugalPump.start_cmd (duty assignment assumed),MODEL/USER_EDIT,N/A,,INFO,100,Y,assumed operation,https://ep.liu.se/konferensartikel.aspx?Article_No=46&issue=132&series=,Pump count ×3 [M]; pressure-loop duty and all I/O tags [A]
TSP.PUMP.IP.STOP_CMD,Thermo VPP,BFP,IP_FEEDWATER,A-P-IP-201,StaticCentrifugalPump,STOP_CMD,IP 정지 명령,DO,BOOL,BOOL,A,A,A,StaticCentrifugalPump.stop_cmd (duty assignment assumed),MODEL/USER_EDIT,N/A,,INFO,100,Y,assumed operation,https://ep.liu.se/konferensartikel.aspx?Article_No=46&issue=132&series=,Pump count ×3 [M]; pressure-loop duty and all I/O tags [A]
TSP.PUMP.IP.SPEED,Thermo VPP,BFP,IP_FEEDWATER,A-P-IP-201,StaticCentrifugalPump,SPEED,IP 회전속도,AI,REAL,rpm,A,A,A,StaticCentrifugalPump.speed (duty assignment assumed),MODEL/USER_EDIT,N/A,,INFO,500,Y,assumed operation,https://ep.liu.se/konferensartikel.aspx?Article_No=46&issue=132&series=,Pump count ×3 [M]; pressure-loop duty and all I/O tags [A]
TSP.PUMP.IP.FLOW,Thermo VPP,BFP,IP_FEEDWATER,A-P-IP-201,StaticCentrifugalPump,FLOW,IP 토출유량,AI,REAL,kg/s,A,A,A,StaticCentrifugalPump.flow (duty assignment assumed),MODEL/USER_EDIT,USER_EDIT,,INFO,500,Y,controller-dependent,https://ep.liu.se/konferensartikel.aspx?Article_No=46&issue=132&series=,Pump count ×3 [M]; pressure-loop duty and all I/O tags [A]
TSP.PUMP.IP.P_SUCTION,Thermo VPP,BFP,IP_FEEDWATER,A-P-IP-201,StaticCentrifugalPump,P_SUCTION,IP 흡입압력,AI,REAL,Pa,A,A,A,StaticCentrifugalPump.p_suction (duty assignment assumed),MODEL/USER_EDIT,N/A,,INFO,500,Y,assumed operation,https://ep.liu.se/konferensartikel.aspx?Article_No=46&issue=132&series=,Pump count ×3 [M]; pressure-loop duty and all I/O tags [A]
TSP.PUMP.IP.P_DISCHARGE,Thermo VPP,BFP,IP_FEEDWATER,A-P-IP-201,StaticCentrifugalPump,P_DISCHARGE,IP 토출압력,AI,REAL,Pa,A,A,A,StaticCentrifugalPump.p_discharge (duty assignment assumed),MODEL/USER_EDIT,N/A,,INFO,500,Y,assumed operation,https://ep.liu.se/konferensartikel.aspx?Article_No=46&issue=132&series=,Pump count ×3 [M]; pressure-loop duty and all I/O tags [A]
TSP.PUMP.IP.DP,Thermo VPP,BFP,IP_FEEDWATER,A-P-IP-201,StaticCentrifugalPump,DP,IP 펌프 차압,CALC,REAL,Pa,A,A,A,StaticCentrifugalPump.dp (duty assignment assumed),MODEL/USER_EDIT,N/A,,INFO,500,Y,assumed operation,https://ep.liu.se/konferensartikel.aspx?Article_No=46&issue=132&series=,Pump count ×3 [M]; pressure-loop duty and all I/O tags [A]
TSP.PUMP.IP.POWER,Thermo VPP,BFP,IP_FEEDWATER,A-P-IP-201,StaticCentrifugalPump,POWER,IP 펌프 소비동력,AI,REAL,W,A,A,A,StaticCentrifugalPump.power (duty assignment assumed),MODEL/USER_EDIT,N/A,,INFO,500,Y,controller-dependent,https://ep.liu.se/konferensartikel.aspx?Article_No=46&issue=132&series=,Pump count ×3 [M]; pressure-loop duty and all I/O tags [A]
TSP.PUMP.IP.TRIP_FB,Thermo VPP,BFP,IP_FEEDWATER,A-P-IP-201,StaticCentrifugalPump,TRIP_FB,IP 펌프 Trip 피드백,DI,BOOL,BOOL,A,A,A,StaticCentrifugalPump.trip_fb (duty assignment assumed),MODEL/USER_EDIT,N/A,USER_EDIT,HIGH,100,Y,assumed operation,https://ep.liu.se/konferensartikel.aspx?Article_No=46&issue=132&series=,Pump count ×3 [M]; pressure-loop duty and all I/O tags [A]
TSP.PUMP.IP.SUCTION_LOW_EVT,Thermo VPP,BFP,IP_FEEDWATER,A-P-IP-201,StaticCentrifugalPump,SUCTION_LOW_EVT,IP 흡입압력 Low 이벤트,DI,BOOL,BOOL,A,A,A,StaticCentrifugalPump.suction_low_evt (duty assignment assumed),MODEL/USER_EDIT,USER_EDIT,USER_EDIT,MEDIUM,100,Y,assumed operation,https://ep.liu.se/konferensartikel.aspx?Article_No=46&issue=132&series=,Pump count ×3 [M]; pressure-loop duty and all I/O tags [A]
TSP.PUMP.IP.DISCH_LOW_EVT,Thermo VPP,BFP,IP_FEEDWATER,A-P-IP-201,StaticCentrifugalPump,DISCH_LOW_EVT,IP 토출압력 Low 이벤트,DI,BOOL,BOOL,A,A,A,StaticCentrifugalPump.disch_low_evt (duty assignment assumed),MODEL/USER_EDIT,USER_EDIT,USER_EDIT,MEDIUM,100,Y,assumed operation,https://ep.liu.se/konferensartikel.aspx?Article_No=46&issue=132&series=,Pump count ×3 [M]; pressure-loop duty and all I/O tags [A]
TSP.PUMP.IP.AUTO_MODE,Thermo VPP,BFP,IP_FEEDWATER,A-P-IP-201,StaticCentrifugalPump,AUTO_MODE,IP 자동운전 모드,DI,BOOL,BOOL,A,A,A,StaticCentrifugalPump.auto_mode (duty assignment assumed),MODEL/USER_EDIT,N/A,,INFO,100,Y,assumed operation,https://ep.liu.se/konferensartikel.aspx?Article_No=46&issue=132&series=,Pump count ×3 [M]; pressure-loop duty and all I/O tags [A]
TSP.PUMP.LP.RUN_FB,Thermo VPP,BFP,LP_FEEDWATER,A-P-LP-301,StaticCentrifugalPump,RUN_FB,LP 운전 피드백,DI,BOOL,BOOL,A,A,A,StaticCentrifugalPump.run_fb (duty assignment assumed),1,N/A,,INFO,100,Y,assumed operation,https://ep.liu.se/konferensartikel.aspx?Article_No=46&issue=132&series=,Pump count ×3 [M]; pressure-loop duty and all I/O tags [A]
TSP.PUMP.LP.START_CMD,Thermo VPP,BFP,LP_FEEDWATER,A-P-LP-301,StaticCentrifugalPump,START_CMD,LP 기동 명령,DO,BOOL,BOOL,A,A,A,StaticCentrifugalPump.start_cmd (duty assignment assumed),MODEL/USER_EDIT,N/A,,INFO,100,Y,assumed operation,https://ep.liu.se/konferensartikel.aspx?Article_No=46&issue=132&series=,Pump count ×3 [M]; pressure-loop duty and all I/O tags [A]
TSP.PUMP.LP.STOP_CMD,Thermo VPP,BFP,LP_FEEDWATER,A-P-LP-301,StaticCentrifugalPump,STOP_CMD,LP 정지 명령,DO,BOOL,BOOL,A,A,A,StaticCentrifugalPump.stop_cmd (duty assignment assumed),MODEL/USER_EDIT,N/A,,INFO,100,Y,assumed operation,https://ep.liu.se/konferensartikel.aspx?Article_No=46&issue=132&series=,Pump count ×3 [M]; pressure-loop duty and all I/O tags [A]
TSP.PUMP.LP.SPEED,Thermo VPP,BFP,LP_FEEDWATER,A-P-LP-301,StaticCentrifugalPump,SPEED,LP 회전속도,AI,REAL,rpm,A,A,A,StaticCentrifugalPump.speed (duty assignment assumed),MODEL/USER_EDIT,N/A,,INFO,500,Y,assumed operation,https://ep.liu.se/konferensartikel.aspx?Article_No=46&issue=132&series=,Pump count ×3 [M]; pressure-loop duty and all I/O tags [A]
TSP.PUMP.LP.FLOW,Thermo VPP,BFP,LP_FEEDWATER,A-P-LP-301,StaticCentrifugalPump,FLOW,LP 토출유량,AI,REAL,kg/s,A,A,A,StaticCentrifugalPump.flow (duty assignment assumed),MODEL/USER_EDIT,USER_EDIT,,INFO,500,Y,controller-dependent,https://ep.liu.se/konferensartikel.aspx?Article_No=46&issue=132&series=,Pump count ×3 [M]; pressure-loop duty and all I/O tags [A]
TSP.PUMP.LP.P_SUCTION,Thermo VPP,BFP,LP_FEEDWATER,A-P-LP-301,StaticCentrifugalPump,P_SUCTION,LP 흡입압력,AI,REAL,Pa,A,A,A,StaticCentrifugalPump.p_suction (duty assignment assumed),MODEL/USER_EDIT,N/A,,INFO,500,Y,assumed operation,https://ep.liu.se/konferensartikel.aspx?Article_No=46&issue=132&series=,Pump count ×3 [M]; pressure-loop duty and all I/O tags [A]
TSP.PUMP.LP.P_DISCHARGE,Thermo VPP,BFP,LP_FEEDWATER,A-P-LP-301,StaticCentrifugalPump,P_DISCHARGE,LP 토출압력,AI,REAL,Pa,A,A,A,StaticCentrifugalPump.p_discharge (duty assignment assumed),MODEL/USER_EDIT,N/A,,INFO,500,Y,assumed operation,https://ep.liu.se/konferensartikel.aspx?Article_No=46&issue=132&series=,Pump count ×3 [M]; pressure-loop duty and all I/O tags [A]
TSP.PUMP.LP.DP,Thermo VPP,BFP,LP_FEEDWATER,A-P-LP-301,StaticCentrifugalPump,DP,LP 펌프 차압,CALC,REAL,Pa,A,A,A,StaticCentrifugalPump.dp (duty assignment assumed),MODEL/USER_EDIT,N/A,,INFO,500,Y,assumed operation,https://ep.liu.se/konferensartikel.aspx?Article_No=46&issue=132&series=,Pump count ×3 [M]; pressure-loop duty and all I/O tags [A]
TSP.PUMP.LP.POWER,Thermo VPP,BFP,LP_FEEDWATER,A-P-LP-301,StaticCentrifugalPump,POWER,LP 펌프 소비동력,AI,REAL,W,A,A,A,StaticCentrifugalPump.power (duty assignment assumed),MODEL/USER_EDIT,N/A,,INFO,500,Y,controller-dependent,https://ep.liu.se/konferensartikel.aspx?Article_No=46&issue=132&series=,Pump count ×3 [M]; pressure-loop duty and all I/O tags [A]
TSP.PUMP.LP.TRIP_FB,Thermo VPP,BFP,LP_FEEDWATER,A-P-LP-301,StaticCentrifugalPump,TRIP_FB,LP 펌프 Trip 피드백,DI,BOOL,BOOL,A,A,A,StaticCentrifugalPump.trip_fb (duty assignment assumed),MODEL/USER_EDIT,N/A,USER_EDIT,HIGH,100,Y,assumed operation,https://ep.liu.se/konferensartikel.aspx?Article_No=46&issue=132&series=,Pump count ×3 [M]; pressure-loop duty and all I/O tags [A]
TSP.PUMP.LP.SUCTION_LOW_EVT,Thermo VPP,BFP,LP_FEEDWATER,A-P-LP-301,StaticCentrifugalPump,SUCTION_LOW_EVT,LP 흡입압력 Low 이벤트,DI,BOOL,BOOL,A,A,A,StaticCentrifugalPump.suction_low_evt (duty assignment assumed),MODEL/USER_EDIT,USER_EDIT,USER_EDIT,MEDIUM,100,Y,assumed operation,https://ep.liu.se/konferensartikel.aspx?Article_No=46&issue=132&series=,Pump count ×3 [M]; pressure-loop duty and all I/O tags [A]
TSP.PUMP.LP.DISCH_LOW_EVT,Thermo VPP,BFP,LP_FEEDWATER,A-P-LP-301,StaticCentrifugalPump,DISCH_LOW_EVT,LP 토출압력 Low 이벤트,DI,BOOL,BOOL,A,A,A,StaticCentrifugalPump.disch_low_evt (duty assignment assumed),MODEL/USER_EDIT,USER_EDIT,USER_EDIT,MEDIUM,100,Y,assumed operation,https://ep.liu.se/konferensartikel.aspx?Article_No=46&issue=132&series=,Pump count ×3 [M]; pressure-loop duty and all I/O tags [A]
TSP.PUMP.LP.AUTO_MODE,Thermo VPP,BFP,LP_FEEDWATER,A-P-LP-301,StaticCentrifugalPump,AUTO_MODE,LP 자동운전 모드,DI,BOOL,BOOL,A,A,A,StaticCentrifugalPump.auto_mode (duty assignment assumed),MODEL/USER_EDIT,N/A,,INFO,100,Y,assumed operation,https://ep.liu.se/konferensartikel.aspx?Article_No=46&issue=132&series=,Pump count ×3 [M]; pressure-loop duty and all I/O tags [A]
TSP.VLV.01.POS_CMD,Thermo VPP,VALVE,HP_FW,A-CV-01,ControlValve,POS_CMD,HP_FW 밸브 개도명령,AO,REAL,%,A,A,A,ControlValve[1].pos_cmd (placement assumed),MODEL/USER_EDIT,N/A,,INFO,100,Y,controller response [A],https://ep.liu.se/konferensartikel.aspx?Article_No=46&issue=132&series=,"ControlValve total count ×9 [M]; duty, tag and fail state [A]"
TSP.VLV.01.POS_FB,Thermo VPP,VALVE,HP_FW,A-CV-01,ControlValve,POS_FB,HP_FW 밸브 개도피드백,AI,REAL,%,A,A,A,ControlValve[1].pos_fb (placement assumed),MODEL/USER_EDIT,N/A,,INFO,100,Y,controller response [A],https://ep.liu.se/konferensartikel.aspx?Article_No=46&issue=132&series=,"ControlValve total count ×9 [M]; duty, tag and fail state [A]"
TSP.VLV.01.OPEN_LS,Thermo VPP,VALVE,HP_FW,A-CV-01,ControlValve,OPEN_LS,HP_FW Open Limit 상태,DI,BOOL,BOOL,A,A,A,ControlValve[1].open_ls (placement assumed),MODEL/USER_EDIT,N/A,,INFO,100,Y,controller response [A],https://ep.liu.se/konferensartikel.aspx?Article_No=46&issue=132&series=,"ControlValve total count ×9 [M]; duty, tag and fail state [A]"
TSP.VLV.01.CLOSE_LS,Thermo VPP,VALVE,HP_FW,A-CV-01,ControlValve,CLOSE_LS,HP_FW Close Limit 상태,DI,BOOL,BOOL,A,A,A,ControlValve[1].close_ls (placement assumed),MODEL/USER_EDIT,N/A,,INFO,100,Y,controller response [A],https://ep.liu.se/konferensartikel.aspx?Article_No=46&issue=132&series=,"ControlValve total count ×9 [M]; duty, tag and fail state [A]"
TSP.VLV.01.MASS_FLOW,Thermo VPP,VALVE,HP_FW,A-CV-01,ControlValve,MASS_FLOW,HP_FW 밸브 통과유량,AI,REAL,kg/s,A,A,A,ControlValve[1].mass_flow (placement assumed),MODEL/USER_EDIT,N/A,,INFO,100,Y,controller response [A],https://ep.liu.se/konferensartikel.aspx?Article_No=46&issue=132&series=,"ControlValve total count ×9 [M]; duty, tag and fail state [A]"
TSP.VLV.01.P_IN,Thermo VPP,VALVE,HP_FW,A-CV-01,ControlValve,P_IN,HP_FW 밸브 입구압력,AI,REAL,Pa,A,A,A,ControlValve[1].p_in (placement assumed),MODEL/USER_EDIT,N/A,,INFO,100,Y,controller response [A],https://ep.liu.se/konferensartikel.aspx?Article_No=46&issue=132&series=,"ControlValve total count ×9 [M]; duty, tag and fail state [A]"
TSP.VLV.01.P_OUT,Thermo VPP,VALVE,HP_FW,A-CV-01,ControlValve,P_OUT,HP_FW 밸브 출구압력,AI,REAL,Pa,A,A,A,ControlValve[1].p_out (placement assumed),MODEL/USER_EDIT,N/A,,INFO,100,Y,controller response [A],https://ep.liu.se/konferensartikel.aspx?Article_No=46&issue=132&series=,"ControlValve total count ×9 [M]; duty, tag and fail state [A]"
TSP.VLV.01.DEV_EVT,Thermo VPP,VALVE,HP_FW,A-CV-01,ControlValve,DEV_EVT,HP_FW 명령·피드백 편차 이벤트,DI,BOOL,BOOL,A,A,A,ControlValve[1].dev_evt (placement assumed),MODEL/USER_EDIT,USER_EDIT,ABS(POS_CMD-POS_FB)>USER_EDIT,MEDIUM,100,Y,controller response [A],https://ep.liu.se/konferensartikel.aspx?Article_No=46&issue=132&series=,"ControlValve total count ×9 [M]; duty, tag and fail state [A]"
TSP.VLV.01.FAIL_STATE,Thermo VPP,VALVE,HP_FW,A-CV-01,ControlValve,FAIL_STATE,HP_FW Fail Position 설정,PARAM,ENUM,ENUM,A,A,A,ControlValve[1].fail_state (placement assumed),USER_EDIT: FC/FO/FL,N/A,,INFO,100,Y,controller response [A],https://ep.liu.se/konferensartikel.aspx?Article_No=46&issue=132&series=,"ControlValve total count ×9 [M]; duty, tag and fail state [A]"
TSP.VLV.02.POS_CMD,Thermo VPP,VALVE,IP_FW,A-CV-02,ControlValve,POS_CMD,IP_FW 밸브 개도명령,AO,REAL,%,A,A,A,ControlValve[2].pos_cmd (placement assumed),MODEL/USER_EDIT,N/A,,INFO,100,Y,controller response [A],https://ep.liu.se/konferensartikel.aspx?Article_No=46&issue=132&series=,"ControlValve total count ×9 [M]; duty, tag and fail state [A]"
TSP.VLV.02.POS_FB,Thermo VPP,VALVE,IP_FW,A-CV-02,ControlValve,POS_FB,IP_FW 밸브 개도피드백,AI,REAL,%,A,A,A,ControlValve[2].pos_fb (placement assumed),MODEL/USER_EDIT,N/A,,INFO,100,Y,controller response [A],https://ep.liu.se/konferensartikel.aspx?Article_No=46&issue=132&series=,"ControlValve total count ×9 [M]; duty, tag and fail state [A]"
TSP.VLV.02.OPEN_LS,Thermo VPP,VALVE,IP_FW,A-CV-02,ControlValve,OPEN_LS,IP_FW Open Limit 상태,DI,BOOL,BOOL,A,A,A,ControlValve[2].open_ls (placement assumed),MODEL/USER_EDIT,N/A,,INFO,100,Y,controller response [A],https://ep.liu.se/konferensartikel.aspx?Article_No=46&issue=132&series=,"ControlValve total count ×9 [M]; duty, tag and fail state [A]"
TSP.VLV.02.CLOSE_LS,Thermo VPP,VALVE,IP_FW,A-CV-02,ControlValve,CLOSE_LS,IP_FW Close Limit 상태,DI,BOOL,BOOL,A,A,A,ControlValve[2].close_ls (placement assumed),MODEL/USER_EDIT,N/A,,INFO,100,Y,controller response [A],https://ep.liu.se/konferensartikel.aspx?Article_No=46&issue=132&series=,"ControlValve total count ×9 [M]; duty, tag and fail state [A]"
TSP.VLV.02.MASS_FLOW,Thermo VPP,VALVE,IP_FW,A-CV-02,ControlValve,MASS_FLOW,IP_FW 밸브 통과유량,AI,REAL,kg/s,A,A,A,ControlValve[2].mass_flow (placement assumed),MODEL/USER_EDIT,N/A,,INFO,100,Y,controller response [A],https://ep.liu.se/konferensartikel.aspx?Article_No=46&issue=132&series=,"ControlValve total count ×9 [M]; duty, tag and fail state [A]"
TSP.VLV.02.P_IN,Thermo VPP,VALVE,IP_FW,A-CV-02,ControlValve,P_IN,IP_FW 밸브 입구압력,AI,REAL,Pa,A,A,A,ControlValve[2].p_in (placement assumed),MODEL/USER_EDIT,N/A,,INFO,100,Y,controller response [A],https://ep.liu.se/konferensartikel.aspx?Article_No=46&issue=132&series=,"ControlValve total count ×9 [M]; duty, tag and fail state [A]"
TSP.VLV.02.P_OUT,Thermo VPP,VALVE,IP_FW,A-CV-02,ControlValve,P_OUT,IP_FW 밸브 출구압력,AI,REAL,Pa,A,A,A,ControlValve[2].p_out (placement assumed),MODEL/USER_EDIT,N/A,,INFO,100,Y,controller response [A],https://ep.liu.se/konferensartikel.aspx?Article_No=46&issue=132&series=,"ControlValve total count ×9 [M]; duty, tag and fail state [A]"
TSP.VLV.02.DEV_EVT,Thermo VPP,VALVE,IP_FW,A-CV-02,ControlValve,DEV_EVT,IP_FW 명령·피드백 편차 이벤트,DI,BOOL,BOOL,A,A,A,ControlValve[2].dev_evt (placement assumed),MODEL/USER_EDIT,USER_EDIT,ABS(POS_CMD-POS_FB)>USER_EDIT,MEDIUM,100,Y,controller response [A],https://ep.liu.se/konferensartikel.aspx?Article_No=46&issue=132&series=,"ControlValve total count ×9 [M]; duty, tag and fail state [A]"
TSP.VLV.02.FAIL_STATE,Thermo VPP,VALVE,IP_FW,A-CV-02,ControlValve,FAIL_STATE,IP_FW Fail Position 설정,PARAM,ENUM,ENUM,A,A,A,ControlValve[2].fail_state (placement assumed),USER_EDIT: FC/FO/FL,N/A,,INFO,100,Y,controller response [A],https://ep.liu.se/konferensartikel.aspx?Article_No=46&issue=132&series=,"ControlValve total count ×9 [M]; duty, tag and fail state [A]"
TSP.VLV.03.POS_CMD,Thermo VPP,VALVE,LP_FW,A-CV-03,ControlValve,POS_CMD,LP_FW 밸브 개도명령,AO,REAL,%,A,A,A,ControlValve[3].pos_cmd (placement assumed),MODEL/USER_EDIT,N/A,,INFO,100,Y,controller response [A],https://ep.liu.se/konferensartikel.aspx?Article_No=46&issue=132&series=,"ControlValve total count ×9 [M]; duty, tag and fail state [A]"
TSP.VLV.03.POS_FB,Thermo VPP,VALVE,LP_FW,A-CV-03,ControlValve,POS_FB,LP_FW 밸브 개도피드백,AI,REAL,%,A,A,A,ControlValve[3].pos_fb (placement assumed),MODEL/USER_EDIT,N/A,,INFO,100,Y,controller response [A],https://ep.liu.se/konferensartikel.aspx?Article_No=46&issue=132&series=,"ControlValve total count ×9 [M]; duty, tag and fail state [A]"
TSP.VLV.03.OPEN_LS,Thermo VPP,VALVE,LP_FW,A-CV-03,ControlValve,OPEN_LS,LP_FW Open Limit 상태,DI,BOOL,BOOL,A,A,A,ControlValve[3].open_ls (placement assumed),MODEL/USER_EDIT,N/A,,INFO,100,Y,controller response [A],https://ep.liu.se/konferensartikel.aspx?Article_No=46&issue=132&series=,"ControlValve total count ×9 [M]; duty, tag and fail state [A]"
TSP.VLV.03.CLOSE_LS,Thermo VPP,VALVE,LP_FW,A-CV-03,ControlValve,CLOSE_LS,LP_FW Close Limit 상태,DI,BOOL,BOOL,A,A,A,ControlValve[3].close_ls (placement assumed),MODEL/USER_EDIT,N/A,,INFO,100,Y,controller response [A],https://ep.liu.se/konferensartikel.aspx?Article_No=46&issue=132&series=,"ControlValve total count ×9 [M]; duty, tag and fail state [A]"
TSP.VLV.03.MASS_FLOW,Thermo VPP,VALVE,LP_FW,A-CV-03,ControlValve,MASS_FLOW,LP_FW 밸브 통과유량,AI,REAL,kg/s,A,A,A,ControlValve[3].mass_flow (placement assumed),MODEL/USER_EDIT,N/A,,INFO,100,Y,controller response [A],https://ep.liu.se/konferensartikel.aspx?Article_No=46&issue=132&series=,"ControlValve total count ×9 [M]; duty, tag and fail state [A]"
TSP.VLV.03.P_IN,Thermo VPP,VALVE,LP_FW,A-CV-03,ControlValve,P_IN,LP_FW 밸브 입구압력,AI,REAL,Pa,A,A,A,ControlValve[3].p_in (placement assumed),MODEL/USER_EDIT,N/A,,INFO,100,Y,controller response [A],https://ep.liu.se/konferensartikel.aspx?Article_No=46&issue=132&series=,"ControlValve total count ×9 [M]; duty, tag and fail state [A]"
TSP.VLV.03.P_OUT,Thermo VPP,VALVE,LP_FW,A-CV-03,ControlValve,P_OUT,LP_FW 밸브 출구압력,AI,REAL,Pa,A,A,A,ControlValve[3].p_out (placement assumed),MODEL/USER_EDIT,N/A,,INFO,100,Y,controller response [A],https://ep.liu.se/konferensartikel.aspx?Article_No=46&issue=132&series=,"ControlValve total count ×9 [M]; duty, tag and fail state [A]"
TSP.VLV.03.DEV_EVT,Thermo VPP,VALVE,LP_FW,A-CV-03,ControlValve,DEV_EVT,LP_FW 명령·피드백 편차 이벤트,DI,BOOL,BOOL,A,A,A,ControlValve[3].dev_evt (placement assumed),MODEL/USER_EDIT,USER_EDIT,ABS(POS_CMD-POS_FB)>USER_EDIT,MEDIUM,100,Y,controller response [A],https://ep.liu.se/konferensartikel.aspx?Article_No=46&issue=132&series=,"ControlValve total count ×9 [M]; duty, tag and fail state [A]"
TSP.VLV.03.FAIL_STATE,Thermo VPP,VALVE,LP_FW,A-CV-03,ControlValve,FAIL_STATE,LP_FW Fail Position 설정,PARAM,ENUM,ENUM,A,A,A,ControlValve[3].fail_state (placement assumed),USER_EDIT: FC/FO/FL,N/A,,INFO,100,Y,controller response [A],https://ep.liu.se/konferensartikel.aspx?Article_No=46&issue=132&series=,"ControlValve total count ×9 [M]; duty, tag and fail state [A]"
TSP.VLV.04.POS_CMD,Thermo VPP,VALVE,HP_STEAM,A-CV-04,ControlValve,POS_CMD,HP_STEAM 밸브 개도명령,AO,REAL,%,A,A,A,ControlValve[4].pos_cmd (placement assumed),MODEL/USER_EDIT,N/A,,INFO,100,Y,closes/rundown [A],https://ep.liu.se/konferensartikel.aspx?Article_No=46&issue=132&series=,"ControlValve total count ×9 [M]; duty, tag and fail state [A]"
TSP.VLV.04.POS_FB,Thermo VPP,VALVE,HP_STEAM,A-CV-04,ControlValve,POS_FB,HP_STEAM 밸브 개도피드백,AI,REAL,%,A,A,A,ControlValve[4].pos_fb (placement assumed),MODEL/USER_EDIT,N/A,,INFO,100,Y,closes/rundown [A],https://ep.liu.se/konferensartikel.aspx?Article_No=46&issue=132&series=,"ControlValve total count ×9 [M]; duty, tag and fail state [A]"
TSP.VLV.04.OPEN_LS,Thermo VPP,VALVE,HP_STEAM,A-CV-04,ControlValve,OPEN_LS,HP_STEAM Open Limit 상태,DI,BOOL,BOOL,A,A,A,ControlValve[4].open_ls (placement assumed),MODEL/USER_EDIT,N/A,,INFO,100,Y,closes/rundown [A],https://ep.liu.se/konferensartikel.aspx?Article_No=46&issue=132&series=,"ControlValve total count ×9 [M]; duty, tag and fail state [A]"
TSP.VLV.04.CLOSE_LS,Thermo VPP,VALVE,HP_STEAM,A-CV-04,ControlValve,CLOSE_LS,HP_STEAM Close Limit 상태,DI,BOOL,BOOL,A,A,A,ControlValve[4].close_ls (placement assumed),MODEL/USER_EDIT,N/A,,INFO,100,Y,closes/rundown [A],https://ep.liu.se/konferensartikel.aspx?Article_No=46&issue=132&series=,"ControlValve total count ×9 [M]; duty, tag and fail state [A]"
TSP.VLV.04.MASS_FLOW,Thermo VPP,VALVE,HP_STEAM,A-CV-04,ControlValve,MASS_FLOW,HP_STEAM 밸브 통과유량,AI,REAL,kg/s,A,A,A,ControlValve[4].mass_flow (placement assumed),MODEL/USER_EDIT,N/A,,INFO,100,Y,closes/rundown [A],https://ep.liu.se/konferensartikel.aspx?Article_No=46&issue=132&series=,"ControlValve total count ×9 [M]; duty, tag and fail state [A]"
TSP.VLV.04.P_IN,Thermo VPP,VALVE,HP_STEAM,A-CV-04,ControlValve,P_IN,HP_STEAM 밸브 입구압력,AI,REAL,Pa,A,A,A,ControlValve[4].p_in (placement assumed),MODEL/USER_EDIT,N/A,,INFO,100,Y,closes/rundown [A],https://ep.liu.se/konferensartikel.aspx?Article_No=46&issue=132&series=,"ControlValve total count ×9 [M]; duty, tag and fail state [A]"
TSP.VLV.04.P_OUT,Thermo VPP,VALVE,HP_STEAM,A-CV-04,ControlValve,P_OUT,HP_STEAM 밸브 출구압력,AI,REAL,Pa,A,A,A,ControlValve[4].p_out (placement assumed),MODEL/USER_EDIT,N/A,,INFO,100,Y,closes/rundown [A],https://ep.liu.se/konferensartikel.aspx?Article_No=46&issue=132&series=,"ControlValve total count ×9 [M]; duty, tag and fail state [A]"
TSP.VLV.04.DEV_EVT,Thermo VPP,VALVE,HP_STEAM,A-CV-04,ControlValve,DEV_EVT,HP_STEAM 명령·피드백 편차 이벤트,DI,BOOL,BOOL,A,A,A,ControlValve[4].dev_evt (placement assumed),MODEL/USER_EDIT,USER_EDIT,ABS(POS_CMD-POS_FB)>USER_EDIT,MEDIUM,100,Y,closes/rundown [A],https://ep.liu.se/konferensartikel.aspx?Article_No=46&issue=132&series=,"ControlValve total count ×9 [M]; duty, tag and fail state [A]"
TSP.VLV.04.FAIL_STATE,Thermo VPP,VALVE,HP_STEAM,A-CV-04,ControlValve,FAIL_STATE,HP_STEAM Fail Position 설정,PARAM,ENUM,ENUM,A,A,A,ControlValve[4].fail_state (placement assumed),USER_EDIT: FC/FO/FL,N/A,,INFO,100,Y,closes/rundown [A],https://ep.liu.se/konferensartikel.aspx?Article_No=46&issue=132&series=,"ControlValve total count ×9 [M]; duty, tag and fail state [A]"
TSP.VLV.05.POS_CMD,Thermo VPP,VALVE,IP_STEAM,A-CV-05,ControlValve,POS_CMD,IP_STEAM 밸브 개도명령,AO,REAL,%,A,A,A,ControlValve[5].pos_cmd (placement assumed),MODEL/USER_EDIT,N/A,,INFO,100,Y,closes/rundown [A],https://ep.liu.se/konferensartikel.aspx?Article_No=46&issue=132&series=,"ControlValve total count ×9 [M]; duty, tag and fail state [A]"
TSP.VLV.05.POS_FB,Thermo VPP,VALVE,IP_STEAM,A-CV-05,ControlValve,POS_FB,IP_STEAM 밸브 개도피드백,AI,REAL,%,A,A,A,ControlValve[5].pos_fb (placement assumed),MODEL/USER_EDIT,N/A,,INFO,100,Y,closes/rundown [A],https://ep.liu.se/konferensartikel.aspx?Article_No=46&issue=132&series=,"ControlValve total count ×9 [M]; duty, tag and fail state [A]"
TSP.VLV.05.OPEN_LS,Thermo VPP,VALVE,IP_STEAM,A-CV-05,ControlValve,OPEN_LS,IP_STEAM Open Limit 상태,DI,BOOL,BOOL,A,A,A,ControlValve[5].open_ls (placement assumed),MODEL/USER_EDIT,N/A,,INFO,100,Y,closes/rundown [A],https://ep.liu.se/konferensartikel.aspx?Article_No=46&issue=132&series=,"ControlValve total count ×9 [M]; duty, tag and fail state [A]"
TSP.VLV.05.CLOSE_LS,Thermo VPP,VALVE,IP_STEAM,A-CV-05,ControlValve,CLOSE_LS,IP_STEAM Close Limit 상태,DI,BOOL,BOOL,A,A,A,ControlValve[5].close_ls (placement assumed),MODEL/USER_EDIT,N/A,,INFO,100,Y,closes/rundown [A],https://ep.liu.se/konferensartikel.aspx?Article_No=46&issue=132&series=,"ControlValve total count ×9 [M]; duty, tag and fail state [A]"
TSP.VLV.05.MASS_FLOW,Thermo VPP,VALVE,IP_STEAM,A-CV-05,ControlValve,MASS_FLOW,IP_STEAM 밸브 통과유량,AI,REAL,kg/s,A,A,A,ControlValve[5].mass_flow (placement assumed),MODEL/USER_EDIT,N/A,,INFO,100,Y,closes/rundown [A],https://ep.liu.se/konferensartikel.aspx?Article_No=46&issue=132&series=,"ControlValve total count ×9 [M]; duty, tag and fail state [A]"
TSP.VLV.05.P_IN,Thermo VPP,VALVE,IP_STEAM,A-CV-05,ControlValve,P_IN,IP_STEAM 밸브 입구압력,AI,REAL,Pa,A,A,A,ControlValve[5].p_in (placement assumed),MODEL/USER_EDIT,N/A,,INFO,100,Y,closes/rundown [A],https://ep.liu.se/konferensartikel.aspx?Article_No=46&issue=132&series=,"ControlValve total count ×9 [M]; duty, tag and fail state [A]"
TSP.VLV.05.P_OUT,Thermo VPP,VALVE,IP_STEAM,A-CV-05,ControlValve,P_OUT,IP_STEAM 밸브 출구압력,AI,REAL,Pa,A,A,A,ControlValve[5].p_out (placement assumed),MODEL/USER_EDIT,N/A,,INFO,100,Y,closes/rundown [A],https://ep.liu.se/konferensartikel.aspx?Article_No=46&issue=132&series=,"ControlValve total count ×9 [M]; duty, tag and fail state [A]"
TSP.VLV.05.DEV_EVT,Thermo VPP,VALVE,IP_STEAM,A-CV-05,ControlValve,DEV_EVT,IP_STEAM 명령·피드백 편차 이벤트,DI,BOOL,BOOL,A,A,A,ControlValve[5].dev_evt (placement assumed),MODEL/USER_EDIT,USER_EDIT,ABS(POS_CMD-POS_FB)>USER_EDIT,MEDIUM,100,Y,closes/rundown [A],https://ep.liu.se/konferensartikel.aspx?Article_No=46&issue=132&series=,"ControlValve total count ×9 [M]; duty, tag and fail state [A]"
TSP.VLV.05.FAIL_STATE,Thermo VPP,VALVE,IP_STEAM,A-CV-05,ControlValve,FAIL_STATE,IP_STEAM Fail Position 설정,PARAM,ENUM,ENUM,A,A,A,ControlValve[5].fail_state (placement assumed),USER_EDIT: FC/FO/FL,N/A,,INFO,100,Y,closes/rundown [A],https://ep.liu.se/konferensartikel.aspx?Article_No=46&issue=132&series=,"ControlValve total count ×9 [M]; duty, tag and fail state [A]"
TSP.VLV.06.POS_CMD,Thermo VPP,VALVE,LP_STEAM,A-CV-06,ControlValve,POS_CMD,LP_STEAM 밸브 개도명령,AO,REAL,%,A,A,A,ControlValve[6].pos_cmd (placement assumed),MODEL/USER_EDIT,N/A,,INFO,100,Y,closes/rundown [A],https://ep.liu.se/konferensartikel.aspx?Article_No=46&issue=132&series=,"ControlValve total count ×9 [M]; duty, tag and fail state [A]"
TSP.VLV.06.POS_FB,Thermo VPP,VALVE,LP_STEAM,A-CV-06,ControlValve,POS_FB,LP_STEAM 밸브 개도피드백,AI,REAL,%,A,A,A,ControlValve[6].pos_fb (placement assumed),MODEL/USER_EDIT,N/A,,INFO,100,Y,closes/rundown [A],https://ep.liu.se/konferensartikel.aspx?Article_No=46&issue=132&series=,"ControlValve total count ×9 [M]; duty, tag and fail state [A]"
TSP.VLV.06.OPEN_LS,Thermo VPP,VALVE,LP_STEAM,A-CV-06,ControlValve,OPEN_LS,LP_STEAM Open Limit 상태,DI,BOOL,BOOL,A,A,A,ControlValve[6].open_ls (placement assumed),MODEL/USER_EDIT,N/A,,INFO,100,Y,closes/rundown [A],https://ep.liu.se/konferensartikel.aspx?Article_No=46&issue=132&series=,"ControlValve total count ×9 [M]; duty, tag and fail state [A]"
TSP.VLV.06.CLOSE_LS,Thermo VPP,VALVE,LP_STEAM,A-CV-06,ControlValve,CLOSE_LS,LP_STEAM Close Limit 상태,DI,BOOL,BOOL,A,A,A,ControlValve[6].close_ls (placement assumed),MODEL/USER_EDIT,N/A,,INFO,100,Y,closes/rundown [A],https://ep.liu.se/konferensartikel.aspx?Article_No=46&issue=132&series=,"ControlValve total count ×9 [M]; duty, tag and fail state [A]"
TSP.VLV.06.MASS_FLOW,Thermo VPP,VALVE,LP_STEAM,A-CV-06,ControlValve,MASS_FLOW,LP_STEAM 밸브 통과유량,AI,REAL,kg/s,A,A,A,ControlValve[6].mass_flow (placement assumed),MODEL/USER_EDIT,N/A,,INFO,100,Y,closes/rundown [A],https://ep.liu.se/konferensartikel.aspx?Article_No=46&issue=132&series=,"ControlValve total count ×9 [M]; duty, tag and fail state [A]"
TSP.VLV.06.P_IN,Thermo VPP,VALVE,LP_STEAM,A-CV-06,ControlValve,P_IN,LP_STEAM 밸브 입구압력,AI,REAL,Pa,A,A,A,ControlValve[6].p_in (placement assumed),MODEL/USER_EDIT,N/A,,INFO,100,Y,closes/rundown [A],https://ep.liu.se/konferensartikel.aspx?Article_No=46&issue=132&series=,"ControlValve total count ×9 [M]; duty, tag and fail state [A]"
TSP.VLV.06.P_OUT,Thermo VPP,VALVE,LP_STEAM,A-CV-06,ControlValve,P_OUT,LP_STEAM 밸브 출구압력,AI,REAL,Pa,A,A,A,ControlValve[6].p_out (placement assumed),MODEL/USER_EDIT,N/A,,INFO,100,Y,closes/rundown [A],https://ep.liu.se/konferensartikel.aspx?Article_No=46&issue=132&series=,"ControlValve total count ×9 [M]; duty, tag and fail state [A]"
TSP.VLV.06.DEV_EVT,Thermo VPP,VALVE,LP_STEAM,A-CV-06,ControlValve,DEV_EVT,LP_STEAM 명령·피드백 편차 이벤트,DI,BOOL,BOOL,A,A,A,ControlValve[6].dev_evt (placement assumed),MODEL/USER_EDIT,USER_EDIT,ABS(POS_CMD-POS_FB)>USER_EDIT,MEDIUM,100,Y,closes/rundown [A],https://ep.liu.se/konferensartikel.aspx?Article_No=46&issue=132&series=,"ControlValve total count ×9 [M]; duty, tag and fail state [A]"
TSP.VLV.06.FAIL_STATE,Thermo VPP,VALVE,LP_STEAM,A-CV-06,ControlValve,FAIL_STATE,LP_STEAM Fail Position 설정,PARAM,ENUM,ENUM,A,A,A,ControlValve[6].fail_state (placement assumed),USER_EDIT: FC/FO/FL,N/A,,INFO,100,Y,closes/rundown [A],https://ep.liu.se/konferensartikel.aspx?Article_No=46&issue=132&series=,"ControlValve total count ×9 [M]; duty, tag and fail state [A]"
TSP.VLV.07.POS_CMD,Thermo VPP,VALVE,HP_BYPASS,A-CV-07,ControlValve,POS_CMD,HPBP 밸브 개도명령,AO,REAL,%,A,A,A,100*vppHPBypassCmd,0,N/A,ST_TRIP_LATCH=1 → OPEN,INFO,1,Y,opens on ST Trip [VPP DESIGN],https://build.openmodelica.org/Documentation/ThermoSysPro.WaterSteam.PressureLosses.ControlValve.html,Physical HP main-steam→cold-reheat branch wired; RAW command fraction scaled to percent
TSP.VLV.07.POS_FB,Thermo VPP,VALVE,HP_BYPASS,A-CV-07,ControlValve,POS_FB,HPBP 밸브 개도피드백,AI,REAL,%,A,A,A,100*vppHPBypassPos,0,N/A,,INFO,1,N,opens on ST Trip [VPP DESIGN],https://build.openmodelica.org/Documentation/ThermoSysPro.WaterSteam.PressureLosses.ControlValve.html,First-order physical actuator; RAW position fraction scaled to percent
TSP.VLV.07.OPEN_LS,Thermo VPP,VALVE,HP_BYPASS,A-CV-07,ControlValve,OPEN_LS,HPBP Open Limit 상태,DI,BOOL,BOOL,A,A,A,vppHPBypassOpenLS,FALSE,N/A,,INFO,1,N,FALSE→TRUE after stroke [VPP DESIGN],https://build.openmodelica.org/Documentation/ThermoSysPro.WaterSteam.PressureLosses.ControlValve.html,Open limit generated from physical position at 0.95
TSP.VLV.07.CLOSE_LS,Thermo VPP,VALVE,HP_BYPASS,A-CV-07,ControlValve,CLOSE_LS,HPBP Close Limit 상태,DI,BOOL,BOOL,A,A,A,vppHPBypassCloseLS,TRUE,N/A,,INFO,1,N,TRUE→FALSE after Trip [VPP DESIGN],https://build.openmodelica.org/Documentation/ThermoSysPro.WaterSteam.PressureLosses.ControlValve.html,Close limit generated from physical position at 0.01
TSP.VLV.07.MASS_FLOW,Thermo VPP,VALVE,HP_BYPASS,A-CV-07,ControlValve,MASS_FLOW,HPBP 밸브 통과유량,AI,REAL,kg/s,A,A,A,vppHPBypassMassFlow,0,N/A,,INFO,1,N,rises toward HP steam flow [VPP DESIGN],https://build.openmodelica.org/Documentation/ThermoSysPro.WaterSteam.PressureLosses.ControlValve.html,Actual ControlValve mass flow; nominal 151.7 kg/s target and Cv calibration pending
TSP.VLV.07.P_IN,Thermo VPP,VALVE,HP_BYPASS,A-CV-07,ControlValve,P_IN,HPBP 밸브 입구압력,AI,REAL,Pa,A,A,A,vppHPBypassInletPressure,12681000,N/A,,INFO,1,N,transient response [VPP DESIGN],https://build.openmodelica.org/Documentation/ThermoSysPro.WaterSteam.PressureLosses.ControlValve.html,Actual HP main-steam take-off pressure
TSP.VLV.07.P_OUT,Thermo VPP,VALVE,HP_BYPASS,A-CV-07,ControlValve,P_OUT,HPBP 밸브 출구압력,AI,REAL,Pa,A,A,A,vppHPBypassOutletPressure,2727000,N/A,,INFO,1,N,transient response [VPP DESIGN],https://build.openmodelica.org/Documentation/ThermoSysPro.WaterSteam.PressureLosses.ControlValve.html,Actual desuperheated cold-reheat discharge pressure
TSP.VLV.07.DEV_EVT,Thermo VPP,VALVE,HP_BYPASS,A-CV-07,ControlValve,DEV_EVT,HPBP 명령·피드백 편차 이벤트,DI,BOOL,BOOL,A,A,A,Derived from POS_CMD and POS_FB,0,10 %,ABS(POS_CMD-POS_FB)>10% for 0.5s,MEDIUM,1,Y,may assert on failed stroke [VPP DESIGN],https://build.openmodelica.org/Documentation/ThermoSysPro.WaterSteam.PressureLosses.ControlValve.html,VPP alarm setting; not plant-approved
TSP.VLV.07.FAIL_STATE,Thermo VPP,VALVE,HP_BYPASS,A-CV-07,ControlValve,FAIL_STATE,HPBP Fail Position 설정,PARAM,ENUM,ENUM,A,A,A,VPP parameter,TBD_AFTER_FAILURE_MODE_REVIEW,N/A,,INFO,1000,Y,Trip command opens; failure position pending,https://build.openmodelica.org/Documentation/ThermoSysPro.WaterSteam.PressureLosses.ControlValve.html,Loss-of-air/power position is not the same as the ST Trip action
TSP.VLV.09.POS_CMD,Thermo VPP,VALVE,HOT_REHEAT_LP_BYPASS,A-CV-09,ControlValve,POS_CMD,LPBP 밸브 개도명령,AO,REAL,%,A,A,A,100*vppLPBypassCmd,0,N/A,ST_TRIP_LATCH=1 → OPEN,INFO,1,Y,opens on ST Trip [VPP DESIGN],https://build.openmodelica.org/Documentation/ThermoSysPro.WaterSteam.PressureLosses.ControlValve.html,Physical hot-reheat→condenser branch wired; RAW command fraction scaled to percent
TSP.VLV.09.POS_FB,Thermo VPP,VALVE,HOT_REHEAT_LP_BYPASS,A-CV-09,ControlValve,POS_FB,LPBP 밸브 개도피드백,AI,REAL,%,A,A,A,100*vppLPBypassPos,0,N/A,,INFO,1,N,opens on ST Trip [VPP DESIGN],https://build.openmodelica.org/Documentation/ThermoSysPro.WaterSteam.PressureLosses.ControlValve.html,First-order physical actuator; RAW position fraction scaled to percent
TSP.VLV.09.OPEN_LS,Thermo VPP,VALVE,HOT_REHEAT_LP_BYPASS,A-CV-09,ControlValve,OPEN_LS,LPBP Open Limit 상태,DI,BOOL,BOOL,A,A,A,vppLPBypassOpenLS,FALSE,N/A,,INFO,1,N,FALSE→TRUE after stroke [VPP DESIGN],https://build.openmodelica.org/Documentation/ThermoSysPro.WaterSteam.PressureLosses.ControlValve.html,Open limit generated from physical position at 0.95
TSP.VLV.09.CLOSE_LS,Thermo VPP,VALVE,HOT_REHEAT_LP_BYPASS,A-CV-09,ControlValve,CLOSE_LS,LPBP Close Limit 상태,DI,BOOL,BOOL,A,A,A,vppLPBypassCloseLS,TRUE,N/A,,INFO,1,N,TRUE→FALSE after Trip [VPP DESIGN],https://build.openmodelica.org/Documentation/ThermoSysPro.WaterSteam.PressureLosses.ControlValve.html,Close limit generated from physical position at 0.01
TSP.VLV.09.MASS_FLOW,Thermo VPP,VALVE,HOT_REHEAT_LP_BYPASS,A-CV-09,ControlValve,MASS_FLOW,LPBP 밸브 통과유량,AI,REAL,kg/s,A,A,A,vppLPBypassMassFlow,0,N/A,,INFO,1,N,rises toward hot-reheat flow [VPP DESIGN],https://build.openmodelica.org/Documentation/ThermoSysPro.WaterSteam.PressureLosses.ControlValve.html,Actual ControlValve mass flow; nominal 176.8 kg/s target and condenser acceptance pending
TSP.VLV.09.P_IN,Thermo VPP,VALVE,HOT_REHEAT_LP_BYPASS,A-CV-09,ControlValve,P_IN,LPBP 밸브 입구압력,AI,REAL,Pa,A,A,A,vppLPBypassInletPressure,2549000,N/A,,INFO,1,N,transient response [VPP DESIGN],https://build.openmodelica.org/Documentation/ThermoSysPro.WaterSteam.PressureLosses.ControlValve.html,Actual hot-reheat/IP-admission take-off pressure
TSP.VLV.09.P_OUT,Thermo VPP,VALVE,HOT_REHEAT_LP_BYPASS,A-CV-09,ControlValve,P_OUT,LPBP 밸브 출구압력,AI,REAL,Pa,A,A,A,vppLPBypassOutletPressure,6136,N/A,,INFO,1,N,tracks condenser pressure [VPP DESIGN],https://build.openmodelica.org/Documentation/ThermoSysPro.WaterSteam.PressureLosses.ControlValve.html,Actual desuperheated condenser-inlet discharge pressure
TSP.VLV.09.DEV_EVT,Thermo VPP,VALVE,HOT_REHEAT_LP_BYPASS,A-CV-09,ControlValve,DEV_EVT,LPBP 명령·피드백 편차 이벤트,DI,BOOL,BOOL,A,A,A,Derived from POS_CMD and POS_FB,0,10 %,ABS(POS_CMD-POS_FB)>10% for 0.5s,MEDIUM,1,Y,may assert on failed stroke [VPP DESIGN],https://build.openmodelica.org/Documentation/ThermoSysPro.WaterSteam.PressureLosses.ControlValve.html,VPP alarm setting; not plant-approved
TSP.VLV.09.FAIL_STATE,Thermo VPP,VALVE,HOT_REHEAT_LP_BYPASS,A-CV-09,ControlValve,FAIL_STATE,LPBP Fail Position 설정,PARAM,ENUM,ENUM,A,A,A,VPP parameter,TBD_AFTER_FAILURE_MODE_REVIEW,N/A,,INFO,1000,Y,Trip command opens; failure position pending,https://build.openmodelica.org/Documentation/ThermoSysPro.WaterSteam.PressureLosses.ControlValve.html,Loss-of-air/power position is not the same as the ST Trip action
TSP.COND.PRESS,Thermo VPP,COND,DYNAMIC_CONDENSER,A-CD-401,DynamicCondenser,PRESS,복수기 절대압력,AI,REAL,Pa,M,M,A,DynamicCondenser.press,6100,N/A,,INFO,100,N,transient response,https://ep.liu.se/konferensartikel.aspx?Article_No=46&issue=132&series=,Condenser existence/nominal references [M]; alarm logic [T/A]
TSP.COND.VACUUM,Thermo VPP,COND,DYNAMIC_CONDENSER,A-CD-401,DynamicCondenser,VACUUM,복수기 진공도,AI,REAL,Pa,T,T,A,Derived event,6100 abs,USER_EDIT,,INFO,100,Y,transient response,https://build.openmodelica.org/Documentation/ThermoSysPro.Examples.Book.PowerPlants.CombinedCyclePowerPlant.GasTurbineTrip.html,Condenser existence/nominal references [M]; alarm logic [T/A]
TSP.COND.LEVEL,Thermo VPP,COND,DYNAMIC_CONDENSER,A-CD-401,DynamicCondenser,LEVEL,Hotwell 수위,AI,REAL,%,M,M,A,DynamicCondenser.level,MODEL,N/A,,INFO,100,N,transient response,https://ep.liu.se/konferensartikel.aspx?Article_No=46&issue=132&series=,Condenser existence/nominal references [M]; alarm logic [T/A]
TSP.COND.STEAM_FLOW_IN,Thermo VPP,COND,DYNAMIC_CONDENSER,A-CD-401,DynamicCondenser,STEAM_FLOW_IN,복수기 유입증기량,AI,REAL,kg/s,M,M,A,DynamicCondenser.steam_flow_in,MODEL,N/A,,INFO,100,N,decreases after steam decay,https://ep.liu.se/konferensartikel.aspx?Article_No=46&issue=132&series=,Condenser existence/nominal references [M]; alarm logic [T/A]
TSP.COND.COND_FLOW_OUT,Thermo VPP,COND,DYNAMIC_CONDENSER,A-CD-401,DynamicCondenser,COND_FLOW_OUT,복수 유출량,AI,REAL,kg/s,M,M,A,DynamicCondenser.cond_flow_out,MODEL,N/A,,INFO,100,N,decreases after steam decay,https://ep.liu.se/konferensartikel.aspx?Article_No=46&issue=132&series=,Condenser existence/nominal references [M]; alarm logic [T/A]
TSP.COND.THERMAL_POWER,Thermo VPP,COND,DYNAMIC_CONDENSER,A-CD-401,DynamicCondenser,THERMAL_POWER,복수기 열부하,AI,REAL,W,M,M,A,DynamicCondenser.thermal_power,428 MW,N/A,,INFO,100,N,decreases after steam decay,https://ep.liu.se/konferensartikel.aspx?Article_No=46&issue=132&series=,Condenser existence/nominal references [M]; alarm logic [T/A]
TSP.COND.CW_TEMP_IN,Thermo VPP,COND,DYNAMIC_CONDENSER,A-CD-401,DynamicCondenser,CW_TEMP_IN,냉각수 입구온도,AI,REAL,K,M,M,A,DynamicCondenser.cw_temp_in,USER_EDIT,N/A,,INFO,100,N,transient response,https://ep.liu.se/konferensartikel.aspx?Article_No=46&issue=132&series=,Condenser existence/nominal references [M]; alarm logic [T/A]
TSP.COND.CW_TEMP_OUT,Thermo VPP,COND,DYNAMIC_CONDENSER,A-CD-401,DynamicCondenser,CW_TEMP_OUT,냉각수 출구온도,AI,REAL,K,M,M,A,DynamicCondenser.cw_temp_out,305 K,N/A,,INFO,100,N,transient response,https://ep.liu.se/konferensartikel.aspx?Article_No=46&issue=132&series=,Condenser existence/nominal references [M]; alarm logic [T/A]
TSP.COND.CW_FLOW,Thermo VPP,COND,DYNAMIC_CONDENSER,A-CD-401,DynamicCondenser,CW_FLOW,냉각수 유량,AI,REAL,kg/s,M,M,A,DynamicCondenser.cw_flow,MODEL,N/A,,INFO,100,N,decreases after steam decay,https://ep.liu.se/konferensartikel.aspx?Article_No=46&issue=132&series=,Condenser existence/nominal references [M]; alarm logic [T/A]
TSP.COND.LEVEL_L,Thermo VPP,COND,DYNAMIC_CONDENSER,A-CD-401,DynamicCondenser,LEVEL_L,Hotwell 수위 Low 알람,DI,BOOL,BOOL,T,T,A,Derived event,0,USER_EDIT,,HIGH,100,Y,transient response,https://build.openmodelica.org/Documentation/ThermoSysPro.Examples.Book.PowerPlants.CombinedCyclePowerPlant.GasTurbineTrip.html,Condenser existence/nominal references [M]; alarm logic [T/A]
TSP.COND.LEVEL_LL,Thermo VPP,COND,DYNAMIC_CONDENSER,A-CD-401,DynamicCondenser,LEVEL_LL,Hotwell 수위 Low-Low Trip,DI,BOOL,BOOL,T,T,A,Derived event,0,USER_EDIT,USER_EDIT,TRIP,100,Y,transient response,https://build.openmodelica.org/Documentation/ThermoSysPro.Examples.Book.PowerPlants.CombinedCyclePowerPlant.GasTurbineTrip.html,Condenser existence/nominal references [M]; alarm logic [T/A]
TSP.COND.LEVEL_H,Thermo VPP,COND,DYNAMIC_CONDENSER,A-CD-401,DynamicCondenser,LEVEL_H,Hotwell 수위 High 알람,DI,BOOL,BOOL,T,T,A,Derived event,0,USER_EDIT,,INFO,100,Y,transient response,https://build.openmodelica.org/Documentation/ThermoSysPro.Examples.Book.PowerPlants.CombinedCyclePowerPlant.GasTurbineTrip.html,Condenser existence/nominal references [M]; alarm logic [T/A]
TSP.COND.VAC_LOW,Thermo VPP,COND,DYNAMIC_CONDENSER,A-CD-401,DynamicCondenser,VAC_LOW,복수기 진공 Low 알람,DI,BOOL,BOOL,T,T,A,Derived event,0,USER_EDIT,,HIGH,100,Y,transient response,https://build.openmodelica.org/Documentation/ThermoSysPro.Examples.Book.PowerPlants.CombinedCyclePowerPlant.GasTurbineTrip.html,Condenser existence/nominal references [M]; alarm logic [T/A]
TSP.COND.VAC_LL,Thermo VPP,COND,DYNAMIC_CONDENSER,A-CD-401,DynamicCondenser,VAC_LL,복수기 진공 Low-Low Trip,DI,BOOL,BOOL,T,T,A,Derived event,0,USER_EDIT,USER_EDIT,TRIP,100,Y,transient response,https://build.openmodelica.org/Documentation/ThermoSysPro.Examples.Book.PowerPlants.CombinedCyclePowerPlant.GasTurbineTrip.html,Condenser existence/nominal references [M]; alarm logic [T/A]
TSP.COND.STATUS,Thermo VPP,COND,DYNAMIC_CONDENSER,A-CD-401,DynamicCondenser,STATUS,복수기 상태,DI,ENUM,ENUM,T,T,A,Derived event,NORMAL,USER_EDIT,,INFO,100,Y,transient response,https://build.openmodelica.org/Documentation/ThermoSysPro.Examples.Book.PowerPlants.CombinedCyclePowerPlant.GasTurbineTrip.html,Condenser existence/nominal references [M]; alarm logic [T/A]
TSP.COND.HEAT_BAL_ERR,Thermo VPP,COND,DYNAMIC_CONDENSER,A-CD-401,DynamicCondenser,HEAT_BAL_ERR,복수기 열수지 오차,AI,REAL,%,T,T,A,Derived event,0,USER_EDIT,,INFO,100,Y,transient response,https://build.openmodelica.org/Documentation/ThermoSysPro.Examples.Book.PowerPlants.CombinedCyclePowerPlant.GasTurbineTrip.html,Condenser existence/nominal references [M]; alarm logic [T/A]
TSP.GEN.ACTIVE_POWER,Thermo VPP,GEN,ST_GENERATOR,A-G-401,Generator,ACTIVE_POWER,발전기 유효전력,AI,REAL,W,M,M,A,Generator.active_power,up to 277 MW ST nominal,N/A,,INFO,100,N,decreases as steam decays,https://ep.liu.se/konferensartikel.aspx?Article_No=46&issue=132&series=,Generator existence/power output [M]; electrical and SOE fields [A/T]
TSP.GEN.MECH_POWER_IN,Thermo VPP,GEN,ST_GENERATOR,A-G-401,Generator,MECH_POWER_IN,발전기 입력 기계동력,AI,REAL,W,M,M,A,Generator.mech_power_in,MODEL/USER_EDIT,N/A,,INFO,100,N,decreases as steam decays,https://ep.liu.se/konferensartikel.aspx?Article_No=46&issue=132&series=,Generator existence/power output [M]; electrical and SOE fields [A/T]
TSP.GEN.SPEED,Thermo VPP,GEN,ST_GENERATOR,A-G-401,Generator,SPEED,발전기 회전속도,AI,REAL,rpm,A,A,A,ECMS/plant assumption,MODEL/USER_EDIT,N/A,,INFO,100,Y,derived/assumed,https://thermosyspro.com/,Generator existence/power output [M]; electrical and SOE fields [A/T]
TSP.GEN.FREQUENCY,Thermo VPP,GEN,ST_GENERATOR,A-G-401,Generator,FREQUENCY,발전기 주파수,AI,REAL,Hz,A,A,A,ECMS/plant assumption,MODEL/USER_EDIT,N/A,,INFO,100,Y,derived/assumed,https://thermosyspro.com/,Generator existence/power output [M]; electrical and SOE fields [A/T]
TSP.GEN.VOLTAGE,Thermo VPP,GEN,ST_GENERATOR,A-G-401,Generator,VOLTAGE,발전기 단자전압,AI,REAL,V,A,A,A,ECMS/plant assumption,MODEL/USER_EDIT,N/A,,INFO,100,Y,derived/assumed,https://thermosyspro.com/,Generator existence/power output [M]; electrical and SOE fields [A/T]
TSP.GEN.CURRENT,Thermo VPP,GEN,ST_GENERATOR,A-G-401,Generator,CURRENT,발전기 전류,AI,REAL,A,A,A,A,ECMS/plant assumption,MODEL/USER_EDIT,N/A,,INFO,100,Y,derived/assumed,https://thermosyspro.com/,Generator existence/power output [M]; electrical and SOE fields [A/T]
TSP.GEN.REACTIVE_POWER,Thermo VPP,GEN,ST_GENERATOR,A-G-401,Generator,REACTIVE_POWER,발전기 무효전력,AI,REAL,var,A,A,A,ECMS/plant assumption,MODEL/USER_EDIT,N/A,,INFO,100,Y,derived/assumed,https://thermosyspro.com/,Generator existence/power output [M]; electrical and SOE fields [A/T]
TSP.GEN.POWER_FACTOR,Thermo VPP,GEN,ST_GENERATOR,A-G-401,Generator,POWER_FACTOR,발전기 역률,AI,REAL,-,A,A,A,ECMS/plant assumption,MODEL/USER_EDIT,N/A,,INFO,100,Y,derived/assumed,https://thermosyspro.com/,Generator existence/power output [M]; electrical and SOE fields [A/T]
TSP.GEN.BREAKER_52G,Thermo VPP / ECMS,GEN,ST_GENERATOR,A-G-401,Generator,BREAKER_52G,발전기 차단기 상태,DI,BOOL,BOOL,T,T,A,TripLens ECMS adapter,1,N/A,,INFO,10,Y,scenario-dependent [A],,Generator existence/power output [M]; electrical and SOE fields [A/T]
TSP.GEN.SYNC_STATUS,Thermo VPP / ECMS,GEN,ST_GENERATOR,A-G-401,Generator,SYNC_STATUS,동기상태,DI,ENUM,ENUM,T,T,A,TripLens ECMS adapter,MODEL/USER_EDIT,N/A,,INFO,10,Y,derived/assumed,,Generator existence/power output [M]; electrical and SOE fields [A/T]
TSP.GEN.TRIP_CMD,Thermo VPP / ECMS,GEN,ST_GENERATOR,A-G-401,Generator,TRIP_CMD,발전기 Trip 명령,DI,BOOL,BOOL,T,T,A,TripLens ECMS adapter,MODEL/USER_EDIT,N/A,USER_EDIT,TRIP,10,Y,scenario-dependent [A],,Generator existence/power output [M]; electrical and SOE fields [A/T]
TSP.GEN.TRIP_FB,Thermo VPP / ECMS,GEN,ST_GENERATOR,A-G-401,Generator,TRIP_FB,발전기 Trip 피드백,DI,BOOL,BOOL,T,T,A,TripLens ECMS adapter,MODEL/USER_EDIT,N/A,USER_EDIT,TRIP,10,Y,scenario-dependent [A],,Generator existence/power output [M]; electrical and SOE fields [A/T]
TSP.GEN.REVERSE_POWER_EVT,Thermo VPP / ECMS,GEN,ST_GENERATOR,A-G-401,Generator,REVERSE_POWER_EVT,발전기 역전력 이벤트,DI,BOOL,BOOL,T,T,A,TripLens ECMS adapter,MODEL/USER_EDIT,USER_EDIT,USER_EDIT,HIGH,10,Y,derived/assumed,,Generator existence/power output [M]; electrical and SOE fields [A/T]
TSP.GEN.ECMS_LINK_QUALITY,Thermo VPP / ECMS,GEN,ST_GENERATOR,A-G-401,Generator,ECMS_LINK_QUALITY,ECMS 연계 품질,DI,ENUM,ENUM,T,T,A,TripLens ECMS adapter,MODEL/USER_EDIT,N/A,,INFO,10,Y,derived/assumed,,Generator existence/power output [M]; electrical and SOE fields [A/T]
TSP.GEN.SOE_SEQ,Thermo VPP / ECMS,GEN,ST_GENERATOR,A-G-401,Generator,SOE_SEQ,ECMS SOE 순번,AI,INT,INT,T,T,A,TripLens ECMS adapter,MODEL/USER_EDIT,N/A,,INFO,10,Y,derived/assumed,,Generator existence/power output [M]; electrical and SOE fields [A/T]
TL.EVENT.001.GT_TRIP_INIT,TripLens,EVENT,GT_TRIP_ANALYSIS,TL-ENGINE,Event/Causal Engine,GT_TRIP_INIT,GT Trip 개시,CALC,BOOL,-,T,T,A,Derived from FG_IN.TRIP_DETECTED,0,USER_EDIT,USER_EDIT,TRIP,10,Y,0→1 when condition is met,,Synthetic alarm/SOE tag for TripLens demonstration
TL.EVENT.002.FG_TEMP_RUNDOWN,TripLens,EVENT,GT_TRIP_ANALYSIS,TL-ENGINE,Event/Causal Engine,FG_TEMP_RUNDOWN,배기가스 온도 급감,CALC,BOOL,-,T,T,A,Derived from FG_IN.TEMP_RATE,0,USER_EDIT,USER_EDIT,HIGH,10,Y,0→1 when condition is met,,Synthetic alarm/SOE tag for TripLens demonstration
TL.EVENT.003.FG_FLOW_RUNDOWN,TripLens,EVENT,GT_TRIP_ANALYSIS,TL-ENGINE,Event/Causal Engine,FG_FLOW_RUNDOWN,배기가스 유량 급감,CALC,BOOL,-,T,T,A,Derived from FG_IN.FLOW_RATE,0,USER_EDIT,USER_EDIT,HIGH,10,Y,0→1 when condition is met,,Synthetic alarm/SOE tag for TripLens demonstration
TL.EVENT.004.HRSG_DUTY_DECAY,TripLens,EVENT,GT_TRIP_ANALYSIS,TL-ENGINE,Event/Causal Engine,HRSG_DUTY_DECAY,HRSG 열량 감소,CALC,BOOL,-,T,T,A,Derived from HRSG.*.DUTY_RATIO,0,USER_EDIT,USER_EDIT,MEDIUM,10,Y,0→1 when condition is met,,Synthetic alarm/SOE tag for TripLens demonstration
TL.EVENT.005.HP_DRUM_PRESS_DECAY,TripLens,EVENT,GT_TRIP_ANALYSIS,TL-ENGINE,Event/Causal Engine,HP_DRUM_PRESS_DECAY,HP Drum 압력 감소,CALC,BOOL,-,T,T,A,Derived from DRUM.HP.PRESS,0,USER_EDIT,USER_EDIT,MEDIUM,10,Y,0→1 when condition is met,,Synthetic alarm/SOE tag for TripLens demonstration
TL.EVENT.006.IP_DRUM_PRESS_DECAY,TripLens,EVENT,GT_TRIP_ANALYSIS,TL-ENGINE,Event/Causal Engine,IP_DRUM_PRESS_DECAY,IP Drum 압력 감소,CALC,BOOL,-,T,T,A,Derived from DRUM.IP.PRESS,0,USER_EDIT,USER_EDIT,MEDIUM,10,Y,0→1 when condition is met,,Synthetic alarm/SOE tag for TripLens demonstration
TL.EVENT.007.LP_DRUM_PRESS_DECAY,TripLens,EVENT,GT_TRIP_ANALYSIS,TL-ENGINE,Event/Causal Engine,LP_DRUM_PRESS_DECAY,LP Drum 압력 감소,CALC,BOOL,-,T,T,A,Derived from DRUM.LP.PRESS,0,USER_EDIT,USER_EDIT,MEDIUM,10,Y,0→1 when condition is met,,Synthetic alarm/SOE tag for TripLens demonstration
TL.EVENT.008.HP_ST_FLOW_DECAY,TripLens,EVENT,GT_TRIP_ANALYSIS,TL-ENGINE,Event/Causal Engine,HP_ST_FLOW_DECAY,HP ST 유량 감소,CALC,BOOL,-,T,T,A,Derived from ST.HP.MASS_FLOW,0,USER_EDIT,USER_EDIT,HIGH,10,Y,0→1 when condition is met,,Synthetic alarm/SOE tag for TripLens demonstration
TL.EVENT.009.IP_ST_FLOW_DECAY,TripLens,EVENT,GT_TRIP_ANALYSIS,TL-ENGINE,Event/Causal Engine,IP_ST_FLOW_DECAY,IP ST 유량 감소,CALC,BOOL,-,T,T,A,Derived from ST.IP.MASS_FLOW,0,USER_EDIT,USER_EDIT,HIGH,10,Y,0→1 when condition is met,,Synthetic alarm/SOE tag for TripLens demonstration
TL.EVENT.010.LP_ST_FLOW_DECAY,TripLens,EVENT,GT_TRIP_ANALYSIS,TL-ENGINE,Event/Causal Engine,LP_ST_FLOW_DECAY,LP ST 유량 감소,CALC,BOOL,-,T,T,A,Derived from ST.LP.MASS_FLOW,0,USER_EDIT,USER_EDIT,HIGH,10,Y,0→1 when condition is met,,Synthetic alarm/SOE tag for TripLens demonstration
TL.EVENT.011.GEN_POWER_DECAY,TripLens,EVENT,GT_TRIP_ANALYSIS,TL-ENGINE,Event/Causal Engine,GEN_POWER_DECAY,발전기 출력 감소,CALC,BOOL,-,T,T,A,Derived from GEN.ACTIVE_POWER,0,USER_EDIT,USER_EDIT,HIGH,10,Y,0→1 when condition is met,,Synthetic alarm/SOE tag for TripLens demonstration
TL.EVENT.012.GEN_TRIP,TripLens,EVENT,GT_TRIP_ANALYSIS,TL-ENGINE,Event/Causal Engine,GEN_TRIP,발전기 Trip,CALC,BOOL,-,T,T,A,Derived from GEN.TRIP_FB,0,USER_EDIT,USER_EDIT,TRIP,10,Y,0→1 when condition is met,,Synthetic alarm/SOE tag for TripLens demonstration
TL.EVENT.013.52G_OPEN,TripLens,EVENT,GT_TRIP_ANALYSIS,TL-ENGINE,Event/Causal Engine,52G_OPEN,52G Open,CALC,BOOL,-,T,T,A,Derived from GEN.BREAKER_52G,0,USER_EDIT,USER_EDIT,TRIP,10,Y,0→1 when condition is met,,Synthetic alarm/SOE tag for TripLens demonstration
TL.EVENT.014.COND_VAC_DEVIATION,TripLens,EVENT,GT_TRIP_ANALYSIS,TL-ENGINE,Event/Causal Engine,COND_VAC_DEVIATION,복수기 진공 편차,CALC,BOOL,-,T,T,A,Derived from COND.PRESS,0,USER_EDIT,USER_EDIT,HIGH,10,Y,0→1 when condition is met,,Synthetic alarm/SOE tag for TripLens demonstration
TL.EVENT.015.DRUM_LEVEL_SWELL_HP,TripLens,EVENT,GT_TRIP_ANALYSIS,TL-ENGINE,Event/Causal Engine,DRUM_LEVEL_SWELL_HP,HP Drum Swell/Shrink,CALC,BOOL,-,T,T,A,Derived from DRUM.HP.LEVEL,0,USER_EDIT,USER_EDIT,HIGH,10,Y,0→1 when condition is met,,Synthetic alarm/SOE tag for TripLens demonstration
TL.EVENT.016.DRUM_LEVEL_SWELL_IP,TripLens,EVENT,GT_TRIP_ANALYSIS,TL-ENGINE,Event/Causal Engine,DRUM_LEVEL_SWELL_IP,IP Drum Swell/Shrink,CALC,BOOL,-,T,T,A,Derived from DRUM.IP.LEVEL,0,USER_EDIT,USER_EDIT,HIGH,10,Y,0→1 when condition is met,,Synthetic alarm/SOE tag for TripLens demonstration
TL.EVENT.017.DRUM_LEVEL_SWELL_LP,TripLens,EVENT,GT_TRIP_ANALYSIS,TL-ENGINE,Event/Causal Engine,DRUM_LEVEL_SWELL_LP,LP Drum Swell/Shrink,CALC,BOOL,-,T,T,A,Derived from DRUM.LP.LEVEL,0,USER_EDIT,USER_EDIT,HIGH,10,Y,0→1 when condition is met,,Synthetic alarm/SOE tag for TripLens demonstration
TL.EVENT.018.ALARM_FLOOD_START,TripLens,EVENT,GT_TRIP_ANALYSIS,TL-ENGINE,Event/Causal Engine,ALARM_FLOOD_START,알람 폭주 시작,CALC,BOOL,-,T,T,A,Derived from EVENT_RATE,0,USER_EDIT,USER_EDIT,HIGH,10,Y,0→1 when condition is met,,Synthetic alarm/SOE tag for TripLens demonstration
TL.EVENT.019.ROOT_CAUSE_CANDIDATE,TripLens,EVENT,GT_TRIP_ANALYSIS,TL-ENGINE,Event/Causal Engine,ROOT_CAUSE_CANDIDATE,근본원인 후보 생성,CALC,BOOL,-,T,T,A,Derived from CAUSAL_ENGINE,0,USER_EDIT,USER_EDIT,INFO,10,Y,0→1 when condition is met,,Synthetic alarm/SOE tag for TripLens demonstration
TL.EVENT.020.TIMELINE_READY,TripLens,EVENT,GT_TRIP_ANALYSIS,TL-ENGINE,Event/Causal Engine,TIMELINE_READY,사고 타임라인 생성완료,CALC,BOOL,-,T,T,A,Derived from TIMELINE_ENGINE,0,USER_EDIT,USER_EDIT,INFO,10,Y,0→1 when condition is met,,Synthetic alarm/SOE tag for TripLens demonstration
TL.EVENT.021.FAULT_BRIEF_READY,TripLens,EVENT,GT_TRIP_ANALYSIS,TL-ENGINE,Event/Causal Engine,FAULT_BRIEF_READY,고장속보 생성완료,CALC,BOOL,-,T,T,A,Derived from REPORT_ENGINE,0,USER_EDIT,USER_EDIT,INFO,10,Y,0→1 when condition is met,,Synthetic alarm/SOE tag for TripLens demonstration
TL.EVENT.022.FAULT_REPORT_READY,TripLens,EVENT,GT_TRIP_ANALYSIS,TL-ENGINE,Event/Causal Engine,FAULT_REPORT_READY,고장보고서 생성완료,CALC,BOOL,-,T,T,A,Derived from REPORT_ENGINE,0,USER_EDIT,USER_EDIT,INFO,10,Y,0→1 when condition is met,,Synthetic alarm/SOE tag for TripLens demonstration
TL.EVENT.023.TIME_SYNC_WARN,TripLens,EVENT,GT_TRIP_ANALYSIS,TL-ENGINE,Event/Causal Engine,TIME_SYNC_WARN,플랫폼 시간동기 경고,CALC,BOOL,-,T,T,A,Derived from TIME_ALIGN_ENGINE,0,USER_EDIT,USER_EDIT,MEDIUM,10,Y,0→1 when condition is met,,Synthetic alarm/SOE tag for TripLens demonstration
TL.EVENT.024.DATA_GAP_WARN,TripLens,EVENT,GT_TRIP_ANALYSIS,TL-ENGINE,Event/Causal Engine,DATA_GAP_WARN,CSV 데이터 누락 경고,CALC,BOOL,-,T,T,A,Derived from DATA_QUALITY,0,USER_EDIT,USER_EDIT,MEDIUM,10,Y,0→1 when condition is met,,Synthetic alarm/SOE tag for TripLens demonstration
TL.EVENT.025.MODEL_MAPPING_WARN,TripLens,EVENT,GT_TRIP_ANALYSIS,TL-ENGINE,Event/Causal Engine,MODEL_MAPPING_WARN,태그 매핑 누락 경고,CALC,BOOL,-,T,T,A,Derived from TAG_MAPPER,0,USER_EDIT,USER_EDIT,MEDIUM,10,Y,0→1 when condition is met,,Synthetic alarm/SOE tag for TripLens demonstration
