logic_id,platform,console_scope,console_csv,format_profile,system,subsystem,equipment,source_class,source_tag_ids,source_model_variables,derived_signal,alarm_type,alarm_text_ko,condition_expression,threshold_basis,threshold_value,threshold_unit,threshold_direction,delay_s,hysteresis,priority_rank,display_priority,display_color_ko,display_hex,latching,ack_required,shelvable,trip_action,enabled_default,editable,assumption_class,data_origin,validation_status,implementation_readiness,source_url,note_ko,source_platform,source_system,legacy_condition_expression,legacy_threshold_basis,legacy_threshold_value,legacy_threshold_unit,calibration_signal,calibration_nominal_value,calibration_source_file,calibration_window_s,absolute_conversion_status,logic_enable_reason
AL-0002,DCS1,GT,dcs1.csv,SIEMENS_GT_ST,GT,GT Protection,Gas Turbine,A-L_SCENARIO,,,BOOLEAN_EVENT,TRIP,GT Master Trip,GT_MASTER_TRIP == TRUE,BOOLEAN_EVENT,,,EVENT,0,manual reset,1,CRITICAL,빨강,#FF3B30,TRUE,TRUE,FALSE,INITIATE_GT_TRIP,TRUE,TRUE,A-L,DEMO_SCENARIO_ASSUMED,SCENARIO_ONLY_UNVERIFIED,SCENARIO_SOURCE_REQUIRED,https://build.openmodelica.org/Documentation/ThermoSysPro.Examples.Book.PowerPlants.CombinedCyclePowerPlant.GasTurbineTrip.html,시연용 A-L 이벤트 정의. 실제 DCS/ECMS 태그가 확보되면 1:1 매핑 필요.,DCS1,Gas Turbine,GT_MASTER_TRIP == TRUE,BOOLEAN_EVENT,,,,,,,UNCHANGED_DISCRETE_OR_ABSOLUTE,"Boolean, time, count, quality, or existing absolute rule"
AL-0781,DCS1,GT,dcs1.csv,SIEMENS_GT_ST,GT,GT Protection,GT Bearings,A-L_SCENARIO,DCS1.GT.BRG.VIB_TRIP,,max_bearing_vibration,TRIP,GT Bearings 진동 TRIP,DISABLED_UNTIL_ABSOLUTE_PHYSICAL_SIGNAL_AVAILABLE,ABSOLUTE_VALUE_PENDING,,,HIGH,1,manual reset,1,CRITICAL,빨강,#FF3B30,TRUE,TRUE,FALSE,INITIATE_GT_TRIP,FALSE,TRUE,A-L,DEMO_SCENARIO_ASSUMED,ABSOLUTE_PHYSICAL_VALUE_NOT_AVAILABLE,DISABLED_PENDING_PHYSICAL_OUTPUT,,시연용 A-L 후보. 태그명·비율 임계값은 가정이며 실제 제작사/현장 태그와 설정값으로 교체 필요.,DCS1,Gas Turbine,max_bearing_vibration > PRE_EVENT_BASELINE * 1.5 for 1 s,PRE_EVENT_BASELINE_RATIO,1.5,ratio_to_baseline,,,,,DEFERRED_SCENARIO_SENSOR,Scenario-only sensor is not a solved model quantity
AL-0784,DCS1,GT,dcs1.csv,SIEMENS_GT_ST,GT,GT Protection,GT Combustor,A-L_SCENARIO,DCS1.GT.FLAME.LOSS_TRIP,,flame_intensity,TRIP,GT Combustor 화염소실 TRIP,DISABLED_UNTIL_ABSOLUTE_PHYSICAL_SIGNAL_AVAILABLE,ABSOLUTE_VALUE_PENDING,,,LOW,1,manual reset,1,CRITICAL,빨강,#FF3B30,TRUE,TRUE,FALSE,INITIATE_GT_TRIP,FALSE,TRUE,A-L,DEMO_SCENARIO_ASSUMED,ABSOLUTE_PHYSICAL_VALUE_NOT_AVAILABLE,DISABLED_PENDING_PHYSICAL_OUTPUT,,시연용 A-L 후보. 태그명·비율 임계값은 가정이며 실제 제작사/현장 태그와 설정값으로 교체 필요.,DCS1,Gas Turbine,flame_intensity < PRE_EVENT_BASELINE * 0.4 for 1 s,PRE_EVENT_BASELINE_RATIO,0.4,ratio_to_baseline,,,,,DEFERRED_SCENARIO_SENSOR,Scenario-only sensor is not a solved model quantity
AL-0785,DCS1,GT,dcs1.csv,SIEMENS_GT_ST,GT,GT Protection,GT Exhaust,A-L_SCENARIO,DCS1.GT.EXHAUST.SPREAD_TRIP,,temperature_spread,TRIP,GT Exhaust 온도편차 TRIP,DISABLED_UNTIL_ABSOLUTE_PHYSICAL_SIGNAL_AVAILABLE,ABSOLUTE_VALUE_PENDING,,,HIGH,2,manual reset,1,CRITICAL,빨강,#FF3B30,TRUE,TRUE,FALSE,INITIATE_GT_TRIP,FALSE,TRUE,A-L,DEMO_SCENARIO_ASSUMED,ABSOLUTE_PHYSICAL_VALUE_NOT_AVAILABLE,DISABLED_PENDING_PHYSICAL_OUTPUT,,시연용 A-L 후보. 태그명·비율 임계값은 가정이며 실제 제작사/현장 태그와 설정값으로 교체 필요.,DCS1,Gas Turbine,temperature_spread > PRE_EVENT_BASELINE * 1.6 for 2 s,PRE_EVENT_BASELINE_RATIO,1.6,ratio_to_baseline,,,,,DEFERRED_SCENARIO_SENSOR,Scenario-only sensor is not a solved model quantity
AL-0782,DCS1,GT,dcs1.csv,SIEMENS_GT_ST,GT,GT Protection,GT Lube Oil,A-L_SCENARIO,DCS1.GT.LUBE_OIL.PRESS_TRIP,,pressure,TRIP,GT Lube Oil 압력저하 TRIP,DISABLED_UNTIL_ABSOLUTE_PHYSICAL_SIGNAL_AVAILABLE,ABSOLUTE_VALUE_PENDING,,,LOW,2,manual reset,1,CRITICAL,빨강,#FF3B30,TRUE,TRUE,FALSE,INITIATE_GT_TRIP,FALSE,TRUE,A-L,DEMO_SCENARIO_ASSUMED,ABSOLUTE_PHYSICAL_VALUE_NOT_AVAILABLE,DISABLED_PENDING_PHYSICAL_OUTPUT,,시연용 A-L 후보. 태그명·비율 임계값은 가정이며 실제 제작사/현장 태그와 설정값으로 교체 필요.,DCS1,Gas Turbine,pressure < PRE_EVENT_BASELINE * 0.7 for 2 s,PRE_EVENT_BASELINE_RATIO,0.7,ratio_to_baseline,,,,,DEFERRED_SCENARIO_SENSOR,Scenario-only sensor is not a solved model quantity
AL-0783,DCS1,GT,dcs1.csv,SIEMENS_GT_ST,GT,GT Protection,GT Shaft,A-L_SCENARIO,DCS1.GT.SHAFT.OVERSPEED_TRIP,,speed,TRIP,GT Shaft 과속도 TRIP,DISABLED_UNTIL_ABSOLUTE_PHYSICAL_SIGNAL_AVAILABLE,ABSOLUTE_VALUE_PENDING,,,HIGH,1,manual reset,1,CRITICAL,빨강,#FF3B30,TRUE,TRUE,FALSE,INITIATE_GT_TRIP,FALSE,TRUE,A-L,DEMO_SCENARIO_ASSUMED,ABSOLUTE_PHYSICAL_VALUE_NOT_AVAILABLE,DISABLED_PENDING_PHYSICAL_OUTPUT,,시연용 A-L 후보. 태그명·비율 임계값은 가정이며 실제 제작사/현장 태그와 설정값으로 교체 필요.,DCS1,Gas Turbine,speed > PRE_EVENT_BASELINE * 1.1 for 1 s,PRE_EVENT_BASELINE_RATIO,1.1,ratio_to_baseline,,,,,DEFERRED_SCENARIO_SENSOR,Scenario-only sensor is not a solved model quantity
AL-0001,DCS1,GT/ST,dcs1.csv,SIEMENS_GT_ST,GT/ST,GT/ST Common / ESD,Unit ESD,A-L_SCENARIO,,,BOOLEAN_EVENT,TRIP,비상정지 작동,ESD_PUSHBUTTON == TRUE,BOOLEAN_EVENT,,,EVENT,0,manual reset,1,CRITICAL,빨강,#FF3B30,TRUE,TRUE,FALSE,INITIATE_UNIT_TRIP,TRUE,TRUE,A-L,DEMO_SCENARIO_ASSUMED,SCENARIO_ONLY_UNVERIFIED,SCENARIO_SOURCE_REQUIRED,https://build.openmodelica.org/Documentation/ThermoSysPro.Examples.Book.PowerPlants.CombinedCyclePowerPlant.GasTurbineTrip.html,시연용 A-L 이벤트 정의. 실제 DCS/ECMS 태그가 확보되면 1:1 매핑 필요.,DCS1,Emergency Shutdown,ESD_PUSHBUTTON == TRUE,BOOLEAN_EVENT,,,,,,,UNCHANGED_DISCRETE_OR_ABSOLUTE,"Boolean, time, count, quality, or existing absolute rule"
AL-0005,DCS1,GT/ST,dcs1.csv,SIEMENS_GT_ST,GT/ST,GT/ST Common / Unit Protection,Unit Master,A-L_SCENARIO,,,BOOLEAN_EVENT,TRIP,Unit Master Trip,UNIT_MASTER_TRIP == TRUE,BOOLEAN_EVENT,,,EVENT,0,manual reset,1,CRITICAL,빨강,#FF3B30,TRUE,TRUE,FALSE,INITIATE_UNIT_TRIP,TRUE,TRUE,A-L,DEMO_SCENARIO_ASSUMED,SCENARIO_ONLY_UNVERIFIED,SCENARIO_SOURCE_REQUIRED,https://build.openmodelica.org/Documentation/ThermoSysPro.Examples.Book.PowerPlants.CombinedCyclePowerPlant.GasTurbineTrip.html,시연용 A-L 이벤트 정의. 실제 DCS/ECMS 태그가 확보되면 1:1 매핑 필요.,DCS1,Unit,UNIT_MASTER_TRIP == TRUE,BOOLEAN_EVENT,,,,,,,UNCHANGED_DISCRETE_OR_ABSOLUTE,"Boolean, time, count, quality, or existing absolute rule"
AL-0840,DCS1,ST,dcs1.csv,SIEMENS_GT_ST,ST,ST Protection,ST Bearings,A-L_SCENARIO,DCS1.ST.BRG.VIB_TRIP,,max_bearing_vibration,TRIP,ST Bearings 진동 TRIP,DISABLED_UNTIL_ABSOLUTE_PHYSICAL_SIGNAL_AVAILABLE,ABSOLUTE_VALUE_PENDING,,,HIGH,1,manual reset,1,CRITICAL,빨강,#FF3B30,TRUE,TRUE,FALSE,INITIATE_ST_TRIP,FALSE,TRUE,A-L,DEMO_SCENARIO_ASSUMED,ABSOLUTE_PHYSICAL_VALUE_NOT_AVAILABLE,DISABLED_PENDING_PHYSICAL_OUTPUT,,시연용 A-L 후보. 태그명·비율 임계값은 가정이며 실제 제작사/현장 태그와 설정값으로 교체 필요.,DCS1,Steam Turbine,max_bearing_vibration > PRE_EVENT_BASELINE * 1.5 for 1 s,PRE_EVENT_BASELINE_RATIO,1.5,ratio_to_baseline,,,,,DEFERRED_SCENARIO_SENSOR,Scenario-only sensor is not a solved model quantity
AL-0842,DCS1,ST,dcs1.csv,SIEMENS_GT_ST,ST,ST Protection,ST Lube Oil,A-L_SCENARIO,DCS1.ST.LUBE_OIL.PRESS_TRIP,,pressure,TRIP,ST Lube Oil 압력저하 TRIP,DISABLED_UNTIL_ABSOLUTE_PHYSICAL_SIGNAL_AVAILABLE,ABSOLUTE_VALUE_PENDING,,,LOW,2,manual reset,1,CRITICAL,빨강,#FF3B30,TRUE,TRUE,FALSE,INITIATE_ST_TRIP,FALSE,TRUE,A-L,DEMO_SCENARIO_ASSUMED,ABSOLUTE_PHYSICAL_VALUE_NOT_AVAILABLE,DISABLED_PENDING_PHYSICAL_OUTPUT,,시연용 A-L 후보. 태그명·비율 임계값은 가정이며 실제 제작사/현장 태그와 설정값으로 교체 필요.,DCS1,Steam Turbine,pressure < PRE_EVENT_BASELINE * 0.7 for 2 s,PRE_EVENT_BASELINE_RATIO,0.7,ratio_to_baseline,,,,,DEFERRED_SCENARIO_SENSOR,Scenario-only sensor is not a solved model quantity
AL-0841,DCS1,ST,dcs1.csv,SIEMENS_GT_ST,ST,ST Protection,ST Shaft,A-L_SCENARIO,DCS1.ST.SHAFT.AXIAL_TRIP,,axial_position,TRIP,ST Shaft 축위치 TRIP,DISABLED_UNTIL_ABSOLUTE_PHYSICAL_SIGNAL_AVAILABLE,ABSOLUTE_VALUE_PENDING,,,HIGH,1,manual reset,1,CRITICAL,빨강,#FF3B30,TRUE,TRUE,FALSE,INITIATE_ST_TRIP,FALSE,TRUE,A-L,DEMO_SCENARIO_ASSUMED,ABSOLUTE_PHYSICAL_VALUE_NOT_AVAILABLE,DISABLED_PENDING_PHYSICAL_OUTPUT,,시연용 A-L 후보. 태그명·비율 임계값은 가정이며 실제 제작사/현장 태그와 설정값으로 교체 필요.,DCS1,Steam Turbine,axial_position > PRE_EVENT_BASELINE * 1.5 for 1 s,PRE_EVENT_BASELINE_RATIO,1.5,ratio_to_baseline,,,,,DEFERRED_SCENARIO_SENSOR,Scenario-only sensor is not a solved model quantity
AL-0844,DCS1,ST,dcs1.csv,SIEMENS_GT_ST,ST,ST Protection,ST Shaft,A-L_SCENARIO,DCS1.ST.SHAFT.OVERSPEED_TRIP,,speed,TRIP,ST Shaft 과속도 TRIP,DISABLED_UNTIL_ABSOLUTE_PHYSICAL_SIGNAL_AVAILABLE,ABSOLUTE_VALUE_PENDING,,,HIGH,1,manual reset,1,CRITICAL,빨강,#FF3B30,TRUE,TRUE,FALSE,INITIATE_ST_TRIP,FALSE,TRUE,A-L,DEMO_SCENARIO_ASSUMED,ABSOLUTE_PHYSICAL_VALUE_NOT_AVAILABLE,DISABLED_PENDING_PHYSICAL_OUTPUT,,시연용 A-L 후보. 태그명·비율 임계값은 가정이며 실제 제작사/현장 태그와 설정값으로 교체 필요.,DCS1,Steam Turbine,speed > PRE_EVENT_BASELINE * 1.1 for 1 s,PRE_EVENT_BASELINE_RATIO,1.1,ratio_to_baseline,,,,,DEFERRED_SCENARIO_SENSOR,Scenario-only sensor is not a solved model quantity
AL-0843,DCS1,ST,dcs1.csv,SIEMENS_GT_ST,ST,ST Protection,ST Trip Oil,A-L_SCENARIO,DCS1.ST.TRIP_OIL.PRESS_TRIP,,pressure,TRIP,ST Trip Oil 압력저하 TRIP,DISABLED_UNTIL_ABSOLUTE_PHYSICAL_SIGNAL_AVAILABLE,ABSOLUTE_VALUE_PENDING,,,LOW,1,manual reset,1,CRITICAL,빨강,#FF3B30,TRUE,TRUE,FALSE,INITIATE_ST_TRIP,FALSE,TRUE,A-L,DEMO_SCENARIO_ASSUMED,ABSOLUTE_PHYSICAL_VALUE_NOT_AVAILABLE,DISABLED_PENDING_PHYSICAL_OUTPUT,,시연용 A-L 후보. 태그명·비율 임계값은 가정이며 실제 제작사/현장 태그와 설정값으로 교체 필요.,DCS1,Steam Turbine,pressure < PRE_EVENT_BASELINE * 0.7 for 1 s,PRE_EVENT_BASELINE_RATIO,0.7,ratio_to_baseline,,,,,DEFERRED_SCENARIO_SENSOR,Scenario-only sensor is not a solved model quantity
AL-0004,DCS1,ST,dcs1.csv,SIEMENS_GT_ST,ST,ST Protection,Steam Turbine,A-L_SCENARIO,,,BOOLEAN_EVENT,TRIP,ST Master Trip,ST_MASTER_TRIP == TRUE,BOOLEAN_EVENT,,,EVENT,0,manual reset,1,CRITICAL,빨강,#FF3B30,TRUE,TRUE,FALSE,INITIATE_ST_TRIP,TRUE,TRUE,A-L,DEMO_SCENARIO_ASSUMED,SCENARIO_ONLY_UNVERIFIED,SCENARIO_SOURCE_REQUIRED,https://build.openmodelica.org/Documentation/ThermoSysPro.Examples.Book.PowerPlants.CombinedCyclePowerPlant.GasTurbineTrip.html,시연용 A-L 이벤트 정의. 실제 DCS/ECMS 태그가 확보되면 1:1 매핑 필요.,DCS1,Steam Turbine,ST_MASTER_TRIP == TRUE,BOOLEAN_EVENT,,,,,,,UNCHANGED_DISCRETE_OR_ABSOLUTE,"Boolean, time, count, quality, or existing absolute rule"
AL-0024,DCS2,BOP,dcs2.csv,ABB_HRSG_BOP,BOP,Steam Cycle / Condenser,Condenser,M-V_DIRECT,TSP.MV.CONDENSER.P,Condenser.P,P,TRIP,복수기 진공 상실 Trip,Condenser.P > 115 Pa for 2 s,ABSOLUTE_MODEL_VALUE,115,Pa,HIGH,2,0 Pa,1,CRITICAL,빨강,#FF3B30,TRUE,TRUE,FALSE,INITIATE_ST_TRIP,TRUE,TRUE,A-L,VIRTUAL_MODEL_PRETRIP_CALIBRATION,MODEL_SIGNAL_VERIFIED_ABSOLUTE_THRESHOLD_CALIBRATED,READY_ABSOLUTE_MODEL_VALUE,https://build.openmodelica.org/Documentation/ThermoSysPro.WaterSteam.HeatExchangers.SimpleDynamicCondenser.html,원시 변수명은 공개 빌드 로그로 확인. 임계값·지연·히스테리시스는 시연용 A-L 가정이며 현장 기준으로 교체 필요.,DCS2,Steam Cycle,P > PRE_EVENT_BASELINE * 1.15 for 2 s,PRE_EVENT_BASELINE_RATIO,1.15,ratio_to_baseline,Condenser.P,100,GT_TRIP_RAW_DATA_0.1s_0-40s.csv,0-10,CALIBRATED_MODEL_DIRECT,Direct model quantity and physical unit available
AL-0025,DCS2,BOP,dcs2.csv,ABB_HRSG_BOP,BOP,Steam Cycle / Condenser,Condenser Hotwell,M-V_DIRECT,TSP.MV.CONDENSER.VL,Condenser.Vl,normalized_level(Vl),TRIP,복수기 Hotwell 레벨 저저 Trip,DISABLED_UNTIL_ABSOLUTE_PHYSICAL_SIGNAL_AVAILABLE,ABSOLUTE_VALUE_PENDING,,,LOW,3,manual reset,1,CRITICAL,빨강,#FF3B30,TRUE,TRUE,FALSE,INITIATE_CONDENSATE_PROTECTION,FALSE,TRUE,A-L,THERMOSYSPRO_MODEL+ASSUMED_LOGIC,ABSOLUTE_PHYSICAL_VALUE_NOT_AVAILABLE,DISABLED_PENDING_PHYSICAL_OUTPUT,https://build.openmodelica.org/Documentation/ThermoSysPro.WaterSteam.HeatExchangers.SimpleDynamicCondenser.html,원시 변수명은 공개 빌드 로그로 확인. 임계값·지연·히스테리시스는 시연용 A-L 가정이며 현장 기준으로 교체 필요.,DCS2,Steam Cycle,normalized_level(Vl) < 0.15 for 3 s,NORMALIZED_SPAN,0.15,fraction_of_span,,,,,DEFERRED_LEVEL_OR_MODEL_OUTPUT,Physical level geometry/output is unavailable
AL-0006,DCS2,BOP,dcs2.csv,ABB_HRSG_BOP,BOP,Feedwater / Pump Protection,HP BFP,A-L_SCENARIO,,,BOOLEAN_EVENT,TRIP,HP 보일러급수펌프 Trip,HP_BFP_TRIP == TRUE,BOOLEAN_EVENT,,,EVENT,0,manual reset,1,CRITICAL,빨강,#FF3B30,TRUE,TRUE,FALSE,TRIP_HP_BFP,TRUE,TRUE,A-L,DEMO_SCENARIO_ASSUMED,SCENARIO_ONLY_UNVERIFIED,SCENARIO_SOURCE_REQUIRED,https://build.openmodelica.org/Documentation/ThermoSysPro.Examples.Book.PowerPlants.CombinedCyclePowerPlant.GasTurbineTrip.html,시연용 A-L 이벤트 정의. 실제 DCS/ECMS 태그가 확보되면 1:1 매핑 필요.,DCS2,Feedwater,HP_BFP_TRIP == TRUE,BOOLEAN_EVENT,,,,,,,UNCHANGED_DISCRETE_OR_ABSOLUTE,"Boolean, time, count, quality, or existing absolute rule"
AL-0007,DCS2,BOP,dcs2.csv,ABB_HRSG_BOP,BOP,Feedwater / Pump Protection,IP BFP,A-L_SCENARIO,,,BOOLEAN_EVENT,TRIP,IP 보일러급수펌프 Trip,IP_BFP_TRIP == TRUE,BOOLEAN_EVENT,,,EVENT,0,manual reset,1,CRITICAL,빨강,#FF3B30,TRUE,TRUE,FALSE,TRIP_IP_BFP,TRUE,TRUE,A-L,DEMO_SCENARIO_ASSUMED,SCENARIO_ONLY_UNVERIFIED,SCENARIO_SOURCE_REQUIRED,https://build.openmodelica.org/Documentation/ThermoSysPro.Examples.Book.PowerPlants.CombinedCyclePowerPlant.GasTurbineTrip.html,시연용 A-L 이벤트 정의. 실제 DCS/ECMS 태그가 확보되면 1:1 매핑 필요.,DCS2,Feedwater,IP_BFP_TRIP == TRUE,BOOLEAN_EVENT,,,,,,,UNCHANGED_DISCRETE_OR_ABSOLUTE,"Boolean, time, count, quality, or existing absolute rule"
AL-0008,DCS2,HRSG,dcs2.csv,ABB_HRSG_BOP,HRSG,HP HRSG,HP Drum,M-V_DIRECT,TSP.MV.HP_DRUM.P,HP_Drum.P,P,TRIP,HP Drum 과압 Trip,HP_Drum.P > 13800000 Pa for 1 s,ABSOLUTE_MODEL_VALUE,13800000,Pa,HIGH,1,0 Pa,1,CRITICAL,빨강,#FF3B30,TRUE,TRUE,FALSE,INITIATE_HP_HRSG_TRIP,TRUE,TRUE,A-L,VIRTUAL_MODEL_PRETRIP_CALIBRATION,MODEL_SIGNAL_VERIFIED_ABSOLUTE_THRESHOLD_CALIBRATED,READY_ABSOLUTE_MODEL_VALUE,https://build.openmodelica.org/Documentation/ThermoSysPro.WaterSteam.Volumes.DynamicDrum.html,원시 변수명은 공개 빌드 로그로 확인. 임계값·지연·히스테리시스는 시연용 A-L 가정이며 현장 기준으로 교체 필요.,DCS2,HRSG,P > PRE_EVENT_BASELINE * 1.15 for 1 s,PRE_EVENT_BASELINE_RATIO,1.15,ratio_to_baseline,HP_Drum.P,12000000,GT_TRIP_RAW_DATA_0.1s_0-40s.csv,0-10,CALIBRATED_MODEL_DIRECT,Direct model quantity and physical unit available
AL-0009,DCS2,HRSG,dcs2.csv,ABB_HRSG_BOP,HRSG,HP HRSG,HP Drum,M-V_DIRECT,TSP.DRUM.HP.LEVEL,BallonHP.zl,hp_drum_level_mm,TRIP,HP Drum 레벨 고고 Trip,hp_drum_level_mm > 1300.000079 mm for 3 s,ABSOLUTE_MODEL_LEVEL,1300.000079,mm,HIGH,3,20 mm,1,CRITICAL,빨강,#FF3B30,TRUE,TRUE,FALSE,INITIATE_HP_HRSG_TRIP,TRUE,TRUE,A-L,THERMOSYSPRO_DIRECT_LEVEL_CALIBRATION,MODEL_LEVEL_VERIFIED_ABSOLUTE_THRESHOLD_CALIBRATED,READY_AFTER_M_TO_MM_ADAPTER,https://build.openmodelica.org/Documentation/ThermoSysPro.WaterSteam.Volumes.DynamicDrum.html,원시 변수명은 공개 빌드 로그로 확인. 임계값·지연·히스테리시스는 시연용 A-L 가정이며 현장 기준으로 교체 필요.,DCS2,HRSG,normalized_level(Vl) > 0.85 for 3 s,NORMALIZED_SPAN,0.85,fraction_of_span,BallonHP.zl,1050.000079,LOCAL_thermosyspro-raw.csv,0-50,CALIBRATED_MODEL_LEVEL_MM,Direct ThermoSysPro drum level converted from m to mm
AL-0010,DCS2,HRSG,dcs2.csv,ABB_HRSG_BOP,HRSG,HP HRSG,HP Drum,M-V_DIRECT,TSP.DRUM.HP.LEVEL,BallonHP.zl,hp_drum_level_mm,TRIP,HP Drum 레벨 저저 Trip,hp_drum_level_mm < 800.000079 mm for 3 s,ABSOLUTE_MODEL_LEVEL,800.000079,mm,LOW,3,20 mm,1,CRITICAL,빨강,#FF3B30,TRUE,TRUE,FALSE,INITIATE_HP_HRSG_TRIP,TRUE,TRUE,A-L,THERMOSYSPRO_DIRECT_LEVEL_CALIBRATION,MODEL_LEVEL_VERIFIED_ABSOLUTE_THRESHOLD_CALIBRATED,READY_AFTER_M_TO_MM_ADAPTER,https://build.openmodelica.org/Documentation/ThermoSysPro.WaterSteam.Volumes.DynamicDrum.html,원시 변수명은 공개 빌드 로그로 확인. 임계값·지연·히스테리시스는 시연용 A-L 가정이며 현장 기준으로 교체 필요.,DCS2,HRSG,normalized_level(Vl) < 0.15 for 3 s,NORMALIZED_SPAN,0.15,fraction_of_span,BallonHP.zl,1050.000079,LOCAL_thermosyspro-raw.csv,0-50,CALIBRATED_MODEL_LEVEL_MM,Direct ThermoSysPro drum level converted from m to mm
AL-0011,DCS2,HRSG,dcs2.csv,ABB_HRSG_BOP,HRSG,HP HRSG,HP Evaporator,M-V_DIRECT,TSP.MV.HP_EVAPORATOR.WS.Q_1,HP_Evaporator.TwoPhaseFlowPipe.Q[1],Q,TRIP,HP Evaporator 순환유량 저저 Trip,HP_Evaporator.TwoPhaseFlowPipe.Q[1] < 35 kg/s for 5 s,ABSOLUTE_MODEL_VALUE,35,kg/s,LOW,5,0 kg/s,1,CRITICAL,빨강,#FF3B30,TRUE,TRUE,FALSE,INITIATE_HRSG_TRIP,TRUE,TRUE,A-L,VIRTUAL_MODEL_PRETRIP_CALIBRATION,MODEL_SIGNAL_VERIFIED_ABSOLUTE_THRESHOLD_CALIBRATED,READY_ABSOLUTE_MODEL_VALUE,https://build.openmodelica.org/Documentation/ThermoSysPro.WaterSteam.HeatExchangers.DynamicTwoPhaseFlowPipe.html,원시 변수명은 공개 빌드 로그로 확인. 임계값·지연·히스테리시스는 시연용 A-L 가정이며 현장 기준으로 교체 필요.,DCS2,HRSG,Q < PRE_EVENT_BASELINE * 0.35 for 5 s,PRE_EVENT_BASELINE_RATIO,0.35,ratio_to_baseline,HP_Evaporator.TwoPhaseFlowPipe.Q[1],100,GT_TRIP_RAW_DATA_0.1s_0-40s.csv,0-10,CALIBRATED_MODEL_DIRECT,Direct model quantity and physical unit available
AL-0012,DCS2,HRSG,dcs2.csv,ABB_HRSG_BOP,HRSG,HP HRSG,HP Superheater 3,M-V_CALCULATED,TSP.MV.HP_SUPERHEATER_3.WS.P_4;TSP.MV.HP_SUPERHEATER_3.WS.H_4,HP_SuperHeater_3.TwoPhaseFlowPipe.P[4];HP_SuperHeater_3.TwoPhaseFlowPipe.h[4],"T_ph(P,h)",TRIP,HP Superheater 3 출구 증기온도 Trip,DISABLED_UNTIL_ABSOLUTE_PHYSICAL_SIGNAL_AVAILABLE,ABSOLUTE_VALUE_PENDING,,,HIGH,2,manual reset,1,CRITICAL,빨강,#FF3B30,TRUE,TRUE,FALSE,INITIATE_HRSG_TRIP,FALSE,TRUE,A-L,THERMOSYSPRO_MODEL+ASSUMED_LOGIC,ABSOLUTE_PHYSICAL_VALUE_NOT_AVAILABLE,DISABLED_PENDING_PHYSICAL_OUTPUT,https://build.openmodelica.org/Documentation/ThermoSysPro.WaterSteam.HeatExchangers.DynamicTwoPhaseFlowPipe.html,원시 변수명은 공개 빌드 로그로 확인. 임계값·지연·히스테리시스는 시연용 A-L 가정이며 현장 기준으로 교체 필요.,DCS2,HRSG,"T_ph(P,h) > PRE_EVENT_BASELINE * 1.08 for 2 s",PRE_EVENT_BASELINE_RATIO,1.08,ratio_to_baseline,,,,,DEFERRED_PROPERTY_CALCULATION,P/h property output must be exported and calculated in physical units
AL-0013,DCS2,HRSG,dcs2.csv,ABB_HRSG_BOP,HRSG,HRSG Protection,HRSG Master,A-L_SCENARIO,,,BOOLEAN_EVENT,TRIP,HRSG Master Trip,HRSG_MASTER_TRIP == TRUE,BOOLEAN_EVENT,,,EVENT,0,manual reset,1,CRITICAL,빨강,#FF3B30,TRUE,TRUE,FALSE,INITIATE_HRSG_TRIP,TRUE,TRUE,A-L,DEMO_SCENARIO_ASSUMED,SCENARIO_ONLY_UNVERIFIED,SCENARIO_SOURCE_REQUIRED,https://build.openmodelica.org/Documentation/ThermoSysPro.Examples.Book.PowerPlants.CombinedCyclePowerPlant.GasTurbineTrip.html,시연용 A-L 이벤트 정의. 실제 DCS/ECMS 태그가 확보되면 1:1 매핑 필요.,DCS2,HRSG,HRSG_MASTER_TRIP == TRUE,BOOLEAN_EVENT,,,,,,,UNCHANGED_DISCRETE_OR_ABSOLUTE,"Boolean, time, count, quality, or existing absolute rule"
AL-0014,DCS2,HRSG,dcs2.csv,ABB_HRSG_BOP,HRSG,IP HRSG,IP Drum,M-V_DIRECT,TSP.MV.IP_DRUM.P,IP_Drum.P,P,TRIP,IP Drum 과압 Trip,IP_Drum.P > 2875000 Pa for 1 s,ABSOLUTE_MODEL_VALUE,2875000,Pa,HIGH,1,0 Pa,1,CRITICAL,빨강,#FF3B30,TRUE,TRUE,FALSE,INITIATE_IP_HRSG_TRIP,TRUE,TRUE,A-L,VIRTUAL_MODEL_PRETRIP_CALIBRATION,MODEL_SIGNAL_VERIFIED_ABSOLUTE_THRESHOLD_CALIBRATED,READY_ABSOLUTE_MODEL_VALUE,https://build.openmodelica.org/Documentation/ThermoSysPro.WaterSteam.Volumes.DynamicDrum.html,원시 변수명은 공개 빌드 로그로 확인. 임계값·지연·히스테리시스는 시연용 A-L 가정이며 현장 기준으로 교체 필요.,DCS2,HRSG,P > PRE_EVENT_BASELINE * 1.15 for 1 s,PRE_EVENT_BASELINE_RATIO,1.15,ratio_to_baseline,IP_Drum.P,2500000,GT_TRIP_RAW_DATA_0.1s_0-40s.csv,0-10,CALIBRATED_MODEL_DIRECT,Direct model quantity and physical unit available
AL-0015,DCS2,HRSG,dcs2.csv,ABB_HRSG_BOP,HRSG,IP HRSG,IP Drum,M-V_DIRECT,TSP.DRUM.IP.LEVEL,BallonMP.zl,ip_drum_level_mm,TRIP,IP Drum 레벨 고고 Trip,ip_drum_level_mm > 1300.000017 mm for 3 s,ABSOLUTE_MODEL_LEVEL,1300.000017,mm,HIGH,3,20 mm,1,CRITICAL,빨강,#FF3B30,TRUE,TRUE,FALSE,INITIATE_IP_HRSG_TRIP,TRUE,TRUE,A-L,THERMOSYSPRO_DIRECT_LEVEL_CALIBRATION,MODEL_LEVEL_VERIFIED_ABSOLUTE_THRESHOLD_CALIBRATED,READY_AFTER_M_TO_MM_ADAPTER,https://build.openmodelica.org/Documentation/ThermoSysPro.WaterSteam.Volumes.DynamicDrum.html,원시 변수명은 공개 빌드 로그로 확인. 임계값·지연·히스테리시스는 시연용 A-L 가정이며 현장 기준으로 교체 필요.,DCS2,HRSG,normalized_level(Vl) > 0.85 for 3 s,NORMALIZED_SPAN,0.85,fraction_of_span,BallonMP.zl,1050.000017,LOCAL_thermosyspro-raw.csv,0-50,CALIBRATED_MODEL_LEVEL_MM,Direct ThermoSysPro drum level converted from m to mm
AL-0016,DCS2,HRSG,dcs2.csv,ABB_HRSG_BOP,HRSG,IP HRSG,IP Drum,M-V_DIRECT,TSP.DRUM.IP.LEVEL,BallonMP.zl,ip_drum_level_mm,TRIP,IP Drum 레벨 저저 Trip,ip_drum_level_mm < 800.0000174 mm for 3 s,ABSOLUTE_MODEL_LEVEL,800.0000174,mm,LOW,3,20 mm,1,CRITICAL,빨강,#FF3B30,TRUE,TRUE,FALSE,INITIATE_IP_HRSG_TRIP,TRUE,TRUE,A-L,THERMOSYSPRO_DIRECT_LEVEL_CALIBRATION,MODEL_LEVEL_VERIFIED_ABSOLUTE_THRESHOLD_CALIBRATED,READY_AFTER_M_TO_MM_ADAPTER,https://build.openmodelica.org/Documentation/ThermoSysPro.WaterSteam.Volumes.DynamicDrum.html,원시 변수명은 공개 빌드 로그로 확인. 임계값·지연·히스테리시스는 시연용 A-L 가정이며 현장 기준으로 교체 필요.,DCS2,HRSG,normalized_level(Vl) < 0.15 for 3 s,NORMALIZED_SPAN,0.15,fraction_of_span,BallonMP.zl,1050.000017,LOCAL_thermosyspro-raw.csv,0-50,CALIBRATED_MODEL_LEVEL_MM,Direct ThermoSysPro drum level converted from m to mm
AL-0017,DCS2,HRSG,dcs2.csv,ABB_HRSG_BOP,HRSG,IP HRSG,IP Evaporator,M-V_DIRECT,TSP.MV.IP_EVAPORATOR.WS.Q_1,IP_Evaporator.TwoPhaseFlowPipe.Q[1],Q,TRIP,IP Evaporator 순환유량 저저 Trip,IP_Evaporator.TwoPhaseFlowPipe.Q[1] < 35 kg/s for 5 s,ABSOLUTE_MODEL_VALUE,35,kg/s,LOW,5,0 kg/s,1,CRITICAL,빨강,#FF3B30,TRUE,TRUE,FALSE,INITIATE_HRSG_TRIP,TRUE,TRUE,A-L,VIRTUAL_MODEL_PRETRIP_CALIBRATION,MODEL_SIGNAL_VERIFIED_ABSOLUTE_THRESHOLD_CALIBRATED,READY_ABSOLUTE_MODEL_VALUE,https://build.openmodelica.org/Documentation/ThermoSysPro.WaterSteam.HeatExchangers.DynamicTwoPhaseFlowPipe.html,원시 변수명은 공개 빌드 로그로 확인. 임계값·지연·히스테리시스는 시연용 A-L 가정이며 현장 기준으로 교체 필요.,DCS2,HRSG,Q < PRE_EVENT_BASELINE * 0.35 for 5 s,PRE_EVENT_BASELINE_RATIO,0.35,ratio_to_baseline,IP_Evaporator.TwoPhaseFlowPipe.Q[1],100,GT_TRIP_RAW_DATA_0.1s_0-40s.csv,0-10,CALIBRATED_MODEL_DIRECT,Direct model quantity and physical unit available
AL-0018,DCS2,HRSG,dcs2.csv,ABB_HRSG_BOP,HRSG,IP HRSG,IP Superheater 3,M-V_CALCULATED,TSP.MV.IP_SUPERHEATER_3.WS.P_4;TSP.MV.IP_SUPERHEATER_3.WS.H_4,IP_SuperHeater_3.TwoPhaseFlowPipe.P[4];IP_SuperHeater_3.TwoPhaseFlowPipe.h[4],"T_ph(P,h)",TRIP,IP Superheater 3 출구 증기온도 Trip,DISABLED_UNTIL_ABSOLUTE_PHYSICAL_SIGNAL_AVAILABLE,ABSOLUTE_VALUE_PENDING,,,HIGH,2,manual reset,1,CRITICAL,빨강,#FF3B30,TRUE,TRUE,FALSE,INITIATE_HRSG_TRIP,FALSE,TRUE,A-L,THERMOSYSPRO_MODEL+ASSUMED_LOGIC,ABSOLUTE_PHYSICAL_VALUE_NOT_AVAILABLE,DISABLED_PENDING_PHYSICAL_OUTPUT,https://build.openmodelica.org/Documentation/ThermoSysPro.WaterSteam.HeatExchangers.DynamicTwoPhaseFlowPipe.html,원시 변수명은 공개 빌드 로그로 확인. 임계값·지연·히스테리시스는 시연용 A-L 가정이며 현장 기준으로 교체 필요.,DCS2,HRSG,"T_ph(P,h) > PRE_EVENT_BASELINE * 1.08 for 2 s",PRE_EVENT_BASELINE_RATIO,1.08,ratio_to_baseline,,,,,DEFERRED_PROPERTY_CALCULATION,P/h property output must be exported and calculated in physical units
AL-0019,DCS2,HRSG,dcs2.csv,ABB_HRSG_BOP,HRSG,LP HRSG,LP Drum,M-V_DIRECT,TSP.MV.LP_DRUM.P,LP_Drum.P,P,TRIP,LP Drum 과압 Trip,LP_Drum.P > 460000 Pa for 1 s,ABSOLUTE_MODEL_VALUE,460000,Pa,HIGH,1,0 Pa,1,CRITICAL,빨강,#FF3B30,TRUE,TRUE,FALSE,INITIATE_LP_HRSG_TRIP,TRUE,TRUE,A-L,VIRTUAL_MODEL_PRETRIP_CALIBRATION,MODEL_SIGNAL_VERIFIED_ABSOLUTE_THRESHOLD_CALIBRATED,READY_ABSOLUTE_MODEL_VALUE,https://build.openmodelica.org/Documentation/ThermoSysPro.WaterSteam.Volumes.DynamicDrum.html,원시 변수명은 공개 빌드 로그로 확인. 임계값·지연·히스테리시스는 시연용 A-L 가정이며 현장 기준으로 교체 필요.,DCS2,HRSG,P > PRE_EVENT_BASELINE * 1.15 for 1 s,PRE_EVENT_BASELINE_RATIO,1.15,ratio_to_baseline,LP_Drum.P,400000,GT_TRIP_RAW_DATA_0.1s_0-40s.csv,0-10,CALIBRATED_MODEL_DIRECT,Direct model quantity and physical unit available
AL-0020,DCS2,HRSG,dcs2.csv,ABB_HRSG_BOP,HRSG,LP HRSG,LP Drum,M-V_DIRECT,TSP.DRUM.LP.LEVEL,BallonBP.zl,lp_drum_level_mm,TRIP,LP Drum 레벨 고고 Trip,lp_drum_level_mm > 2000.117791 mm for 3 s,ABSOLUTE_MODEL_LEVEL,2000.117791,mm,HIGH,3,20 mm,1,CRITICAL,빨강,#FF3B30,TRUE,TRUE,FALSE,INITIATE_LP_HRSG_TRIP,TRUE,TRUE,A-L,THERMOSYSPRO_DIRECT_LEVEL_CALIBRATION,MODEL_LEVEL_VERIFIED_ABSOLUTE_THRESHOLD_CALIBRATED,READY_AFTER_M_TO_MM_ADAPTER,https://build.openmodelica.org/Documentation/ThermoSysPro.WaterSteam.Volumes.DynamicDrum.html,원시 변수명은 공개 빌드 로그로 확인. 임계값·지연·히스테리시스는 시연용 A-L 가정이며 현장 기준으로 교체 필요.,DCS2,HRSG,normalized_level(Vl) > 0.85 for 3 s,NORMALIZED_SPAN,0.85,fraction_of_span,BallonBP.zl,1750.117791,LOCAL_thermosyspro-raw.csv,0-50,CALIBRATED_MODEL_LEVEL_MM,Direct ThermoSysPro drum level converted from m to mm
AL-0021,DCS2,HRSG,dcs2.csv,ABB_HRSG_BOP,HRSG,LP HRSG,LP Drum,M-V_DIRECT,TSP.DRUM.LP.LEVEL,BallonBP.zl,lp_drum_level_mm,TRIP,LP Drum 레벨 저저 Trip,lp_drum_level_mm < 1500.117791 mm for 3 s,ABSOLUTE_MODEL_LEVEL,1500.117791,mm,LOW,3,20 mm,1,CRITICAL,빨강,#FF3B30,TRUE,TRUE,FALSE,INITIATE_LP_HRSG_TRIP,TRUE,TRUE,A-L,THERMOSYSPRO_DIRECT_LEVEL_CALIBRATION,MODEL_LEVEL_VERIFIED_ABSOLUTE_THRESHOLD_CALIBRATED,READY_AFTER_M_TO_MM_ADAPTER,https://build.openmodelica.org/Documentation/ThermoSysPro.WaterSteam.Volumes.DynamicDrum.html,원시 변수명은 공개 빌드 로그로 확인. 임계값·지연·히스테리시스는 시연용 A-L 가정이며 현장 기준으로 교체 필요.,DCS2,HRSG,normalized_level(Vl) < 0.15 for 3 s,NORMALIZED_SPAN,0.15,fraction_of_span,BallonBP.zl,1750.117791,LOCAL_thermosyspro-raw.csv,0-50,CALIBRATED_MODEL_LEVEL_MM,Direct ThermoSysPro drum level converted from m to mm
AL-0022,DCS2,HRSG,dcs2.csv,ABB_HRSG_BOP,HRSG,LP HRSG,LP Evaporator,M-V_DIRECT,TSP.MV.LP_EVAPORATOR.WS.Q_1,LP_Evaporator.TwoPhaseFlowPipe.Q[1],Q,TRIP,LP Evaporator 순환유량 저저 Trip,LP_Evaporator.TwoPhaseFlowPipe.Q[1] < 35 kg/s for 5 s,ABSOLUTE_MODEL_VALUE,35,kg/s,LOW,5,0 kg/s,1,CRITICAL,빨강,#FF3B30,TRUE,TRUE,FALSE,INITIATE_HRSG_TRIP,TRUE,TRUE,A-L,VIRTUAL_MODEL_PRETRIP_CALIBRATION,MODEL_SIGNAL_VERIFIED_ABSOLUTE_THRESHOLD_CALIBRATED,READY_ABSOLUTE_MODEL_VALUE,https://build.openmodelica.org/Documentation/ThermoSysPro.WaterSteam.HeatExchangers.DynamicTwoPhaseFlowPipe.html,원시 변수명은 공개 빌드 로그로 확인. 임계값·지연·히스테리시스는 시연용 A-L 가정이며 현장 기준으로 교체 필요.,DCS2,HRSG,Q < PRE_EVENT_BASELINE * 0.35 for 5 s,PRE_EVENT_BASELINE_RATIO,0.35,ratio_to_baseline,LP_Evaporator.TwoPhaseFlowPipe.Q[1],100,GT_TRIP_RAW_DATA_0.1s_0-40s.csv,0-10,CALIBRATED_MODEL_DIRECT,Direct model quantity and physical unit available
AL-0023,DCS2,HRSG,dcs2.csv,ABB_HRSG_BOP,HRSG,LP HRSG,LP Superheater,M-V_CALCULATED,TSP.MV.LP_SUPERHEATER.WS.P_4;TSP.MV.LP_SUPERHEATER.WS.H_4,LP_SuperHeater.TwoPhaseFlowPipe.P[4];LP_SuperHeater.TwoPhaseFlowPipe.h[4],"T_ph(P,h)",TRIP,LP Superheater 출구 증기온도 Trip,DISABLED_UNTIL_ABSOLUTE_PHYSICAL_SIGNAL_AVAILABLE,ABSOLUTE_VALUE_PENDING,,,HIGH,2,manual reset,1,CRITICAL,빨강,#FF3B30,TRUE,TRUE,FALSE,INITIATE_HRSG_TRIP,FALSE,TRUE,A-L,THERMOSYSPRO_MODEL+ASSUMED_LOGIC,ABSOLUTE_PHYSICAL_VALUE_NOT_AVAILABLE,DISABLED_PENDING_PHYSICAL_OUTPUT,https://build.openmodelica.org/Documentation/ThermoSysPro.WaterSteam.HeatExchangers.DynamicTwoPhaseFlowPipe.html,원시 변수명은 공개 빌드 로그로 확인. 임계값·지연·히스테리시스는 시연용 A-L 가정이며 현장 기준으로 교체 필요.,DCS2,HRSG,"T_ph(P,h) > PRE_EVENT_BASELINE * 1.08 for 2 s",PRE_EVENT_BASELINE_RATIO,1.08,ratio_to_baseline,,,,,DEFERRED_PROPERTY_CALCULATION,P/h property output must be exported and calculated in physical units
AL-0026,ECMS,ELECTRICAL,ECMS.csv,ECMS_SOE,Electrical,Essential Bus,Essential Bus,A-L_SCENARIO,,,BOOLEAN_EVENT,TRIP,필수모선 정전,ESS_BUS_DEAD == TRUE,BOOLEAN_EVENT,,,EVENT,0,manual reset,1,CRITICAL,빨강,#FF3B30,TRUE,TRUE,FALSE,START_EDG_AND_TRANSFER,TRUE,TRUE,A-L,DEMO_SCENARIO_ASSUMED,SCENARIO_ONLY_UNVERIFIED,SCENARIO_SOURCE_REQUIRED,https://build.openmodelica.org/Documentation/ThermoSysPro.Examples.Book.PowerPlants.CombinedCyclePowerPlant.GasTurbineTrip.html,시연용 A-L 이벤트 정의. 실제 DCS/ECMS 태그가 확보되면 1:1 매핑 필요.,ECMS,Electrical,ESS_BUS_DEAD == TRUE,BOOLEAN_EVENT,,,,,,,UNCHANGED_DISCRETE_OR_ABSOLUTE,"Boolean, time, count, quality, or existing absolute rule"
AL-0901,ECMS,ELECTRICAL,ECMS.csv,ECMS_SOE,Electrical,Generator Protection,GEN Frequency,A-L_SCENARIO,ECMS.GEN.OVERFREQ_TRIP,,frequency,TRIP,GEN Frequency 과주파수 TRIP,DISABLED_UNTIL_ABSOLUTE_PHYSICAL_SIGNAL_AVAILABLE,ABSOLUTE_VALUE_PENDING,,,HIGH,1,manual reset,1,CRITICAL,빨강,#FF3B30,TRUE,TRUE,FALSE,OPEN_GENERATOR_BREAKER,FALSE,TRUE,A-L,DEMO_SCENARIO_ASSUMED,ABSOLUTE_PHYSICAL_VALUE_NOT_AVAILABLE,DISABLED_PENDING_PHYSICAL_OUTPUT,,시연용 A-L 후보. 태그명·비율 임계값은 가정이며 실제 제작사/현장 태그와 설정값으로 교체 필요.,ECMS,Electrical,frequency > PRE_EVENT_BASELINE * 1.08 for 1 s,PRE_EVENT_BASELINE_RATIO,1.08,ratio_to_baseline,,,,,DEFERRED_SCENARIO_SENSOR,Scenario-only sensor is not a solved model quantity
AL-0902,ECMS,ELECTRICAL,ECMS.csv,ECMS_SOE,Electrical,Generator Protection,GEN Frequency,A-L_SCENARIO,ECMS.GEN.UNDERFREQ_TRIP,,frequency,TRIP,GEN Frequency 저주파수 TRIP,DISABLED_UNTIL_ABSOLUTE_PHYSICAL_SIGNAL_AVAILABLE,ABSOLUTE_VALUE_PENDING,,,LOW,2,manual reset,1,CRITICAL,빨강,#FF3B30,TRUE,TRUE,FALSE,OPEN_GENERATOR_BREAKER,FALSE,TRUE,A-L,DEMO_SCENARIO_ASSUMED,ABSOLUTE_PHYSICAL_VALUE_NOT_AVAILABLE,DISABLED_PENDING_PHYSICAL_OUTPUT,,시연용 A-L 후보. 태그명·비율 임계값은 가정이며 실제 제작사/현장 태그와 설정값으로 교체 필요.,ECMS,Electrical,frequency < PRE_EVENT_BASELINE * 0.92 for 2 s,PRE_EVENT_BASELINE_RATIO,0.92,ratio_to_baseline,,,,,DEFERRED_SCENARIO_SENSOR,Scenario-only sensor is not a solved model quantity
AL-0903,ECMS,ELECTRICAL,ECMS.csv,ECMS_SOE,Electrical,Generator Protection,GEN Neutral Current,A-L_SCENARIO,ECMS.GEN.NEUTRAL_TRIP,,neutral_current,TRIP,GEN Neutral Current 지락전류 TRIP,DISABLED_UNTIL_ABSOLUTE_PHYSICAL_SIGNAL_AVAILABLE,ABSOLUTE_VALUE_PENDING,,,HIGH,1,manual reset,1,CRITICAL,빨강,#FF3B30,TRUE,TRUE,FALSE,OPEN_GENERATOR_BREAKER,FALSE,TRUE,A-L,DEMO_SCENARIO_ASSUMED,ABSOLUTE_PHYSICAL_VALUE_NOT_AVAILABLE,DISABLED_PENDING_PHYSICAL_OUTPUT,,시연용 A-L 후보. 태그명·비율 임계값은 가정이며 실제 제작사/현장 태그와 설정값으로 교체 필요.,ECMS,Electrical,neutral_current > PRE_EVENT_BASELINE * 1.5 for 1 s,PRE_EVENT_BASELINE_RATIO,1.5,ratio_to_baseline,,,,,DEFERRED_SCENARIO_SENSOR,Scenario-only sensor is not a solved model quantity
AL-0899,ECMS,ELECTRICAL,ECMS.csv,ECMS_SOE,Electrical,Generator Protection,GEN Terminal Voltage,A-L_SCENARIO,ECMS.GEN.VOLT_TRIP,,voltage,TRIP,GEN Terminal Voltage 과전압 TRIP,DISABLED_UNTIL_ABSOLUTE_PHYSICAL_SIGNAL_AVAILABLE,ABSOLUTE_VALUE_PENDING,,,HIGH,1,manual reset,1,CRITICAL,빨강,#FF3B30,TRUE,TRUE,FALSE,OPEN_GENERATOR_BREAKER,FALSE,TRUE,A-L,DEMO_SCENARIO_ASSUMED,ABSOLUTE_PHYSICAL_VALUE_NOT_AVAILABLE,DISABLED_PENDING_PHYSICAL_OUTPUT,,시연용 A-L 후보. 태그명·비율 임계값은 가정이며 실제 제작사/현장 태그와 설정값으로 교체 필요.,ECMS,Electrical,voltage > PRE_EVENT_BASELINE * 1.15 for 1 s,PRE_EVENT_BASELINE_RATIO,1.15,ratio_to_baseline,,,,,DEFERRED_SCENARIO_SENSOR,Scenario-only sensor is not a solved model quantity
AL-0900,ECMS,ELECTRICAL,ECMS.csv,ECMS_SOE,Electrical,Generator Protection,GEN Terminal Voltage,A-L_SCENARIO,ECMS.GEN.UNDERVOLT_TRIP,,voltage,TRIP,GEN Terminal Voltage 저전압 TRIP,DISABLED_UNTIL_ABSOLUTE_PHYSICAL_SIGNAL_AVAILABLE,ABSOLUTE_VALUE_PENDING,,,LOW,2,manual reset,1,CRITICAL,빨강,#FF3B30,TRUE,TRUE,FALSE,OPEN_GENERATOR_BREAKER,FALSE,TRUE,A-L,DEMO_SCENARIO_ASSUMED,ABSOLUTE_PHYSICAL_VALUE_NOT_AVAILABLE,DISABLED_PENDING_PHYSICAL_OUTPUT,,시연용 A-L 후보. 태그명·비율 임계값은 가정이며 실제 제작사/현장 태그와 설정값으로 교체 필요.,ECMS,Electrical,voltage < PRE_EVENT_BASELINE * 0.8 for 2 s,PRE_EVENT_BASELINE_RATIO,0.8,ratio_to_baseline,,,,,DEFERRED_SCENARIO_SENSOR,Scenario-only sensor is not a solved model quantity
AL-0003,ECMS,ELECTRICAL,ECMS.csv,ECMS_SOE,Electrical,Generator / Generator Protection,Generator,A-L_SCENARIO,,,BOOLEAN_EVENT,TRIP,발전기 차동보호 Trip,GEN_DIFF_TRIP == TRUE,BOOLEAN_EVENT,,,EVENT,0,manual reset,1,CRITICAL,빨강,#FF3B30,TRUE,TRUE,FALSE,OPEN_GENERATOR_BREAKER,TRUE,TRUE,A-L,DEMO_SCENARIO_ASSUMED,SCENARIO_ONLY_UNVERIFIED,SCENARIO_SOURCE_REQUIRED,https://build.openmodelica.org/Documentation/ThermoSysPro.Examples.Book.PowerPlants.CombinedCyclePowerPlant.GasTurbineTrip.html,시연용 A-L 이벤트 정의. 실제 DCS/ECMS 태그가 확보되면 1:1 매핑 필요.,DCS1,Generator,GEN_DIFF_TRIP == TRUE,BOOLEAN_EVENT,,,,,,,UNCHANGED_DISCRETE_OR_ABSOLUTE,"Boolean, time, count, quality, or existing absolute rule"
AL-0027,ECMS,ELECTRICAL,ECMS.csv,ECMS_SOE,Electrical,Generator Breaker,Generator CB,A-L_SCENARIO,,,BOOLEAN_EVENT,TRIP,발전기 차단기 보호개방,GEN_CB_PROTECTION_OPEN == TRUE,BOOLEAN_EVENT,,,EVENT,0,manual reset,1,CRITICAL,빨강,#FF3B30,TRUE,TRUE,FALSE,ISOLATE_GENERATOR,TRUE,TRUE,A-L,DEMO_SCENARIO_ASSUMED,SCENARIO_ONLY_UNVERIFIED,SCENARIO_SOURCE_REQUIRED,https://build.openmodelica.org/Documentation/ThermoSysPro.Examples.Book.PowerPlants.CombinedCyclePowerPlant.GasTurbineTrip.html,시연용 A-L 이벤트 정의. 실제 DCS/ECMS 태그가 확보되면 1:1 매핑 필요.,ECMS,Electrical,GEN_CB_PROTECTION_OPEN == TRUE,BOOLEAN_EVENT,,,,,,,UNCHANGED_DISCRETE_OR_ABSOLUTE,"Boolean, time, count, quality, or existing absolute rule"
AL-0028,ECMS,ELECTRICAL,ECMS.csv,ECMS_SOE,Electrical,Main Transformer,Main Transformer,A-L_SCENARIO,,,BOOLEAN_EVENT,TRIP,주변압기 보호 Trip,MAIN_TR_PROTECTION_TRIP == TRUE,BOOLEAN_EVENT,,,EVENT,0,manual reset,1,CRITICAL,빨강,#FF3B30,TRUE,TRUE,FALSE,ISOLATE_MAIN_TRANSFORMER,TRUE,TRUE,A-L,DEMO_SCENARIO_ASSUMED,SCENARIO_ONLY_UNVERIFIED,SCENARIO_SOURCE_REQUIRED,https://build.openmodelica.org/Documentation/ThermoSysPro.Examples.Book.PowerPlants.CombinedCyclePowerPlant.GasTurbineTrip.html,시연용 A-L 이벤트 정의. 실제 DCS/ECMS 태그가 확보되면 1:1 매핑 필요.,ECMS,Electrical,MAIN_TR_PROTECTION_TRIP == TRUE,BOOLEAN_EVENT,,,,,,,UNCHANGED_DISCRETE_OR_ABSOLUTE,"Boolean, time, count, quality, or existing absolute rule"
AL-0029,ECMS,ELECTRICAL,ECMS.csv,ECMS_SOE,Electrical,Station Blackout,Station Service,A-L_SCENARIO,,,BOOLEAN_EVENT,TRIP,Station Blackout,STATION_BLACKOUT == TRUE,BOOLEAN_EVENT,,,EVENT,0,manual reset,1,CRITICAL,빨강,#FF3B30,TRUE,TRUE,FALSE,INITIATE_BLACKOUT_SEQUENCE,TRUE,TRUE,A-L,DEMO_SCENARIO_ASSUMED,SCENARIO_ONLY_UNVERIFIED,SCENARIO_SOURCE_REQUIRED,https://build.openmodelica.org/Documentation/ThermoSysPro.Examples.Book.PowerPlants.CombinedCyclePowerPlant.GasTurbineTrip.html,시연용 A-L 이벤트 정의. 실제 DCS/ECMS 태그가 확보되면 1:1 매핑 필요.,ECMS,Electrical,STATION_BLACKOUT == TRUE,BOOLEAN_EVENT,,,,,,,UNCHANGED_DISCRETE_OR_ABSOLUTE,"Boolean, time, count, quality, or existing absolute rule"
AL-0740,DCS1,GT,dcs1.csv,SIEMENS_GT_ST,GT,GT Bearings,GT Bearing 1,A-L_UNLINKED_OPTIONAL,DCS1.GT.BRG1.VIB,,vibration,HH,GT Bearing 1 진동 HH 알람,EXCLUDED_UNTIL_INPUT_BOUND,ABSOLUTE_VALUE_PENDING,,,HIGH,2,0.02 ratio,2,HIGH,주황,#FF9500,FALSE,TRUE,TRUE,NONE,FALSE,TRUE,A-L,UNLINKED_CANDIDATE,EXCLUDED_MISSING_INPUT,EXCLUDED_UNTIL_INPUT_BOUND,,모델 입력 미연동으로 활성 실행·검증에서 제외. 입력·단위·절대 설정값 확보 후 복원 가능.,DCS1,Gas Turbine,vibration > PRE_EVENT_BASELINE * 1.4,PRE_EVENT_BASELINE_RATIO,1.4,ratio_to_baseline,,,,,UNLINKED_OPTIONAL_SIGNAL,No bound model input; excluded from active and validation scope
AL-0742,DCS1,GT,dcs1.csv,SIEMENS_GT_ST,GT,GT Bearings,GT Bearing 1,A-L_UNLINKED_OPTIONAL,DCS1.GT.BRG1.METAL_TEMP,,metal_temperature,HH,GT Bearing 1 메탈온도 HH 알람,EXCLUDED_UNTIL_INPUT_BOUND,ABSOLUTE_VALUE_PENDING,,,HIGH,2,0.02 ratio,2,HIGH,주황,#FF9500,FALSE,TRUE,TRUE,NONE,FALSE,TRUE,A-L,UNLINKED_CANDIDATE,EXCLUDED_MISSING_INPUT,EXCLUDED_UNTIL_INPUT_BOUND,,모델 입력 미연동으로 활성 실행·검증에서 제외. 입력·단위·절대 설정값 확보 후 복원 가능.,DCS1,Gas Turbine,metal_temperature > PRE_EVENT_BASELINE * 1.1,PRE_EVENT_BASELINE_RATIO,1.1,ratio_to_baseline,,,,,UNLINKED_OPTIONAL_SIGNAL,No bound model input; excluded from active and validation scope
AL-0744,DCS1,GT,dcs1.csv,SIEMENS_GT_ST,GT,GT Bearings,GT Bearing 2,A-L_UNLINKED_OPTIONAL,DCS1.GT.BRG2.VIB,,vibration,HH,GT Bearing 2 진동 HH 알람,EXCLUDED_UNTIL_INPUT_BOUND,ABSOLUTE_VALUE_PENDING,,,HIGH,2,0.02 ratio,2,HIGH,주황,#FF9500,FALSE,TRUE,TRUE,NONE,FALSE,TRUE,A-L,UNLINKED_CANDIDATE,EXCLUDED_MISSING_INPUT,EXCLUDED_UNTIL_INPUT_BOUND,,모델 입력 미연동으로 활성 실행·검증에서 제외. 입력·단위·절대 설정값 확보 후 복원 가능.,DCS1,Gas Turbine,vibration > PRE_EVENT_BASELINE * 1.4,PRE_EVENT_BASELINE_RATIO,1.4,ratio_to_baseline,,,,,UNLINKED_OPTIONAL_SIGNAL,No bound model input; excluded from active and validation scope
AL-0746,DCS1,GT,dcs1.csv,SIEMENS_GT_ST,GT,GT Bearings,GT Bearing 2,A-L_UNLINKED_OPTIONAL,DCS1.GT.BRG2.METAL_TEMP,,metal_temperature,HH,GT Bearing 2 메탈온도 HH 알람,EXCLUDED_UNTIL_INPUT_BOUND,ABSOLUTE_VALUE_PENDING,,,HIGH,2,0.02 ratio,2,HIGH,주황,#FF9500,FALSE,TRUE,TRUE,NONE,FALSE,TRUE,A-L,UNLINKED_CANDIDATE,EXCLUDED_MISSING_INPUT,EXCLUDED_UNTIL_INPUT_BOUND,,모델 입력 미연동으로 활성 실행·검증에서 제외. 입력·단위·절대 설정값 확보 후 복원 가능.,DCS1,Gas Turbine,metal_temperature > PRE_EVENT_BASELINE * 1.1,PRE_EVENT_BASELINE_RATIO,1.1,ratio_to_baseline,,,,,UNLINKED_OPTIONAL_SIGNAL,No bound model input; excluded from active and validation scope
AL-0748,DCS1,GT,dcs1.csv,SIEMENS_GT_ST,GT,GT Bearings,GT Bearing 3,A-L_UNLINKED_OPTIONAL,DCS1.GT.BRG3.VIB,,vibration,HH,GT Bearing 3 진동 HH 알람,EXCLUDED_UNTIL_INPUT_BOUND,ABSOLUTE_VALUE_PENDING,,,HIGH,2,0.02 ratio,2,HIGH,주황,#FF9500,FALSE,TRUE,TRUE,NONE,FALSE,TRUE,A-L,UNLINKED_CANDIDATE,EXCLUDED_MISSING_INPUT,EXCLUDED_UNTIL_INPUT_BOUND,,모델 입력 미연동으로 활성 실행·검증에서 제외. 입력·단위·절대 설정값 확보 후 복원 가능.,DCS1,Gas Turbine,vibration > PRE_EVENT_BASELINE * 1.4,PRE_EVENT_BASELINE_RATIO,1.4,ratio_to_baseline,,,,,UNLINKED_OPTIONAL_SIGNAL,No bound model input; excluded from active and validation scope
AL-0750,DCS1,GT,dcs1.csv,SIEMENS_GT_ST,GT,GT Bearings,GT Bearing 3,A-L_UNLINKED_OPTIONAL,DCS1.GT.BRG3.METAL_TEMP,,metal_temperature,HH,GT Bearing 3 메탈온도 HH 알람,EXCLUDED_UNTIL_INPUT_BOUND,ABSOLUTE_VALUE_PENDING,,,HIGH,2,0.02 ratio,2,HIGH,주황,#FF9500,FALSE,TRUE,TRUE,NONE,FALSE,TRUE,A-L,UNLINKED_CANDIDATE,EXCLUDED_MISSING_INPUT,EXCLUDED_UNTIL_INPUT_BOUND,,모델 입력 미연동으로 활성 실행·검증에서 제외. 입력·단위·절대 설정값 확보 후 복원 가능.,DCS1,Gas Turbine,metal_temperature > PRE_EVENT_BASELINE * 1.1,PRE_EVENT_BASELINE_RATIO,1.1,ratio_to_baseline,,,,,UNLINKED_OPTIONAL_SIGNAL,No bound model input; excluded from active and validation scope
AL-0752,DCS1,GT,dcs1.csv,SIEMENS_GT_ST,GT,GT Bearings,GT Bearing 4,A-L_UNLINKED_OPTIONAL,DCS1.GT.BRG4.VIB,,vibration,HH,GT Bearing 4 진동 HH 알람,EXCLUDED_UNTIL_INPUT_BOUND,ABSOLUTE_VALUE_PENDING,,,HIGH,2,0.02 ratio,2,HIGH,주황,#FF9500,FALSE,TRUE,TRUE,NONE,FALSE,TRUE,A-L,UNLINKED_CANDIDATE,EXCLUDED_MISSING_INPUT,EXCLUDED_UNTIL_INPUT_BOUND,,모델 입력 미연동으로 활성 실행·검증에서 제외. 입력·단위·절대 설정값 확보 후 복원 가능.,DCS1,Gas Turbine,vibration > PRE_EVENT_BASELINE * 1.4,PRE_EVENT_BASELINE_RATIO,1.4,ratio_to_baseline,,,,,UNLINKED_OPTIONAL_SIGNAL,No bound model input; excluded from active and validation scope
AL-0754,DCS1,GT,dcs1.csv,SIEMENS_GT_ST,GT,GT Bearings,GT Bearing 4,A-L_UNLINKED_OPTIONAL,DCS1.GT.BRG4.METAL_TEMP,,metal_temperature,HH,GT Bearing 4 메탈온도 HH 알람,EXCLUDED_UNTIL_INPUT_BOUND,ABSOLUTE_VALUE_PENDING,,,HIGH,2,0.02 ratio,2,HIGH,주황,#FF9500,FALSE,TRUE,TRUE,NONE,FALSE,TRUE,A-L,UNLINKED_CANDIDATE,EXCLUDED_MISSING_INPUT,EXCLUDED_UNTIL_INPUT_BOUND,,모델 입력 미연동으로 활성 실행·검증에서 제외. 입력·단위·절대 설정값 확보 후 복원 가능.,DCS1,Gas Turbine,metal_temperature > PRE_EVENT_BASELINE * 1.1,PRE_EVENT_BASELINE_RATIO,1.1,ratio_to_baseline,,,,,UNLINKED_OPTIONAL_SIGNAL,No bound model input; excluded from active and validation scope
AL-0776,DCS1,GT,dcs1.csv,SIEMENS_GT_ST,GT,GT Combustion,GT Combustor,A-L_UNLINKED_OPTIONAL,DCS1.GT.FLAME.INTENSITY,,flame_intensity,LL,GT Combustor 화염강도 LL 알람,EXCLUDED_UNTIL_INPUT_BOUND,ABSOLUTE_VALUE_PENDING,,,LOW,2,0.02 ratio,2,HIGH,주황,#FF9500,FALSE,TRUE,TRUE,NONE,FALSE,TRUE,A-L,UNLINKED_CANDIDATE,EXCLUDED_MISSING_INPUT,EXCLUDED_UNTIL_INPUT_BOUND,,모델 입력 미연동으로 활성 실행·검증에서 제외. 입력·단위·절대 설정값 확보 후 복원 가능.,DCS1,Gas Turbine,flame_intensity < PRE_EVENT_BASELINE * 0.6,PRE_EVENT_BASELINE_RATIO,0.6,ratio_to_baseline,,,,,UNLINKED_OPTIONAL_SIGNAL,No bound model input; excluded from active and validation scope
AL-0764,DCS1,GT,dcs1.csv,SIEMENS_GT_ST,GT,GT Compressor,GT Compressor,A-L_UNLINKED_OPTIONAL,DCS1.GT.COMP.DISCH_PRESS,,discharge_pressure,HH,GT Compressor 토출압력 HH 알람,EXCLUDED_UNTIL_INPUT_BOUND,ABSOLUTE_VALUE_PENDING,,,HIGH,2,0.02 ratio,2,HIGH,주황,#FF9500,FALSE,TRUE,TRUE,NONE,FALSE,TRUE,A-L,UNLINKED_CANDIDATE,EXCLUDED_MISSING_INPUT,EXCLUDED_UNTIL_INPUT_BOUND,,모델 입력 미연동으로 활성 실행·검증에서 제외. 입력·단위·절대 설정값 확보 후 복원 가능.,DCS1,Gas Turbine,discharge_pressure > PRE_EVENT_BASELINE * 1.15,PRE_EVENT_BASELINE_RATIO,1.15,ratio_to_baseline,,,,,UNLINKED_OPTIONAL_SIGNAL,No bound model input; excluded from active and validation scope
AL-0766,DCS1,GT,dcs1.csv,SIEMENS_GT_ST,GT,GT Compressor,GT Compressor,A-L_UNLINKED_OPTIONAL,DCS1.GT.COMP.DISCH_PRESS,,discharge_pressure,LL,GT Compressor 토출압력 LL 알람,EXCLUDED_UNTIL_INPUT_BOUND,ABSOLUTE_VALUE_PENDING,,,LOW,2,0.02 ratio,2,HIGH,주황,#FF9500,FALSE,TRUE,TRUE,NONE,FALSE,TRUE,A-L,UNLINKED_CANDIDATE,EXCLUDED_MISSING_INPUT,EXCLUDED_UNTIL_INPUT_BOUND,,모델 입력 미연동으로 활성 실행·검증에서 제외. 입력·단위·절대 설정값 확보 후 복원 가능.,DCS1,Gas Turbine,discharge_pressure < PRE_EVENT_BASELINE * 0.85,PRE_EVENT_BASELINE_RATIO,0.85,ratio_to_baseline,,,,,UNLINKED_OPTIONAL_SIGNAL,No bound model input; excluded from active and validation scope
AL-0768,DCS1,GT,dcs1.csv,SIEMENS_GT_ST,GT,GT Compressor,GT Compressor,A-L_UNLINKED_OPTIONAL,DCS1.GT.COMP.DISCH_TEMP,,discharge_temperature,HH,GT Compressor 토출온도 HH 알람,EXCLUDED_UNTIL_INPUT_BOUND,ABSOLUTE_VALUE_PENDING,,,HIGH,2,0.02 ratio,2,HIGH,주황,#FF9500,FALSE,TRUE,TRUE,NONE,FALSE,TRUE,A-L,UNLINKED_CANDIDATE,EXCLUDED_MISSING_INPUT,EXCLUDED_UNTIL_INPUT_BOUND,,모델 입력 미연동으로 활성 실행·검증에서 제외. 입력·단위·절대 설정값 확보 후 복원 가능.,DCS1,Gas Turbine,discharge_temperature > PRE_EVENT_BASELINE * 1.1,PRE_EVENT_BASELINE_RATIO,1.1,ratio_to_baseline,,,,,UNLINKED_OPTIONAL_SIGNAL,No bound model input; excluded from active and validation scope
AL-0780,DCS1,GT,dcs1.csv,SIEMENS_GT_ST,GT,GT Enclosure,GT Enclosure,A-L_UNLINKED_OPTIONAL,DCS1.GT.ENCLOSURE.TEMP,,temperature,HH,GT Enclosure 온도 HH 알람,EXCLUDED_UNTIL_INPUT_BOUND,ABSOLUTE_VALUE_PENDING,,,HIGH,2,0.02 ratio,2,HIGH,주황,#FF9500,FALSE,TRUE,TRUE,NONE,FALSE,TRUE,A-L,UNLINKED_CANDIDATE,EXCLUDED_MISSING_INPUT,EXCLUDED_UNTIL_INPUT_BOUND,,모델 입력 미연동으로 활성 실행·검증에서 제외. 입력·단위·절대 설정값 확보 후 복원 가능.,DCS1,Gas Turbine,temperature > PRE_EVENT_BASELINE * 1.1,PRE_EVENT_BASELINE_RATIO,1.1,ratio_to_baseline,,,,,UNLINKED_OPTIONAL_SIGNAL,No bound model input; excluded from active and validation scope
AL-0760,DCS1,GT,dcs1.csv,SIEMENS_GT_ST,GT,GT Exhaust,GT Exhaust,A-L_UNLINKED_OPTIONAL,DCS1.GT.EXHAUST.TEMP_AVG,,temperature_average,HH,GT Exhaust 평균온도 HH 알람,EXCLUDED_UNTIL_INPUT_BOUND,ABSOLUTE_VALUE_PENDING,,,HIGH,2,0.02 ratio,2,HIGH,주황,#FF9500,FALSE,TRUE,TRUE,NONE,FALSE,TRUE,A-L,UNLINKED_CANDIDATE,EXCLUDED_MISSING_INPUT,EXCLUDED_UNTIL_INPUT_BOUND,,모델 입력 미연동으로 활성 실행·검증에서 제외. 입력·단위·절대 설정값 확보 후 복원 가능.,DCS1,Gas Turbine,temperature_average > PRE_EVENT_BASELINE * 1.1,PRE_EVENT_BASELINE_RATIO,1.1,ratio_to_baseline,,,,,UNLINKED_OPTIONAL_SIGNAL,No bound model input; excluded from active and validation scope
AL-0762,DCS1,GT,dcs1.csv,SIEMENS_GT_ST,GT,GT Exhaust,GT Exhaust,A-L_UNLINKED_OPTIONAL,DCS1.GT.EXHAUST.TEMP_SPREAD,,temperature_spread,HH,GT Exhaust 온도편차 HH 알람,EXCLUDED_UNTIL_INPUT_BOUND,ABSOLUTE_VALUE_PENDING,,,HIGH,2,0.02 ratio,2,HIGH,주황,#FF9500,FALSE,TRUE,TRUE,NONE,FALSE,TRUE,A-L,UNLINKED_CANDIDATE,EXCLUDED_MISSING_INPUT,EXCLUDED_UNTIL_INPUT_BOUND,,모델 입력 미연동으로 활성 실행·검증에서 제외. 입력·단위·절대 설정값 확보 후 복원 가능.,DCS1,Gas Turbine,temperature_spread > PRE_EVENT_BASELINE * 1.4,PRE_EVENT_BASELINE_RATIO,1.4,ratio_to_baseline,,,,,UNLINKED_OPTIONAL_SIGNAL,No bound model input; excluded from active and validation scope
AL-0772,DCS1,GT,dcs1.csv,SIEMENS_GT_ST,GT,GT Fuel Gas,GT Fuel Gas,A-L_UNLINKED_OPTIONAL,DCS1.GT.FUEL_GAS.PRESS,,fuel_pressure,HH,GT Fuel Gas 연료가스압력 HH 알람,EXCLUDED_UNTIL_INPUT_BOUND,ABSOLUTE_VALUE_PENDING,,,HIGH,2,0.02 ratio,2,HIGH,주황,#FF9500,FALSE,TRUE,TRUE,NONE,FALSE,TRUE,A-L,UNLINKED_CANDIDATE,EXCLUDED_MISSING_INPUT,EXCLUDED_UNTIL_INPUT_BOUND,,모델 입력 미연동으로 활성 실행·검증에서 제외. 입력·단위·절대 설정값 확보 후 복원 가능.,DCS1,Gas Turbine,fuel_pressure > PRE_EVENT_BASELINE * 1.2,PRE_EVENT_BASELINE_RATIO,1.2,ratio_to_baseline,,,,,UNLINKED_OPTIONAL_SIGNAL,No bound model input; excluded from active and validation scope
AL-0774,DCS1,GT,dcs1.csv,SIEMENS_GT_ST,GT,GT Fuel Gas,GT Fuel Gas,A-L_UNLINKED_OPTIONAL,DCS1.GT.FUEL_GAS.PRESS,,fuel_pressure,LL,GT Fuel Gas 연료가스압력 LL 알람,EXCLUDED_UNTIL_INPUT_BOUND,ABSOLUTE_VALUE_PENDING,,,LOW,2,0.02 ratio,2,HIGH,주황,#FF9500,FALSE,TRUE,TRUE,NONE,FALSE,TRUE,A-L,UNLINKED_CANDIDATE,EXCLUDED_MISSING_INPUT,EXCLUDED_UNTIL_INPUT_BOUND,,모델 입력 미연동으로 활성 실행·검증에서 제외. 입력·단위·절대 설정값 확보 후 복원 가능.,DCS1,Gas Turbine,fuel_pressure < PRE_EVENT_BASELINE * 0.8,PRE_EVENT_BASELINE_RATIO,0.8,ratio_to_baseline,,,,,UNLINKED_OPTIONAL_SIGNAL,No bound model input; excluded from active and validation scope
AL-0778,DCS1,GT,dcs1.csv,SIEMENS_GT_ST,GT,GT Air Control,GT IGV,A-L_UNLINKED_OPTIONAL,DCS1.GT.IGV.POS_DEV,,position_deviation,HH,GT IGV 위치편차 HH 알람,EXCLUDED_UNTIL_INPUT_BOUND,ABSOLUTE_VALUE_PENDING,,,HIGH,2,0.02 ratio,2,HIGH,주황,#FF9500,FALSE,TRUE,TRUE,NONE,FALSE,TRUE,A-L,UNLINKED_CANDIDATE,EXCLUDED_MISSING_INPUT,EXCLUDED_UNTIL_INPUT_BOUND,,모델 입력 미연동으로 활성 실행·검증에서 제외. 입력·단위·절대 설정값 확보 후 복원 가능.,DCS1,Gas Turbine,position_deviation > PRE_EVENT_BASELINE * 1.4,PRE_EVENT_BASELINE_RATIO,1.4,ratio_to_baseline,,,,,UNLINKED_OPTIONAL_SIGNAL,No bound model input; excluded from active and validation scope
AL-0756,DCS1,GT,dcs1.csv,SIEMENS_GT_ST,GT,GT Lube Oil,GT Lube Oil,A-L_UNLINKED_OPTIONAL,DCS1.GT.LUBE_OIL.PRESS,,pressure,LL,GT Lube Oil 압력 LL 알람,EXCLUDED_UNTIL_INPUT_BOUND,ABSOLUTE_VALUE_PENDING,,,LOW,2,0.02 ratio,2,HIGH,주황,#FF9500,FALSE,TRUE,TRUE,NONE,FALSE,TRUE,A-L,UNLINKED_CANDIDATE,EXCLUDED_MISSING_INPUT,EXCLUDED_UNTIL_INPUT_BOUND,,모델 입력 미연동으로 활성 실행·검증에서 제외. 입력·단위·절대 설정값 확보 후 복원 가능.,DCS1,Gas Turbine,pressure < PRE_EVENT_BASELINE * 0.8,PRE_EVENT_BASELINE_RATIO,0.8,ratio_to_baseline,,,,,UNLINKED_OPTIONAL_SIGNAL,No bound model input; excluded from active and validation scope
AL-0758,DCS1,GT,dcs1.csv,SIEMENS_GT_ST,GT,GT Lube Oil,GT Lube Oil,A-L_UNLINKED_OPTIONAL,DCS1.GT.LUBE_OIL.TEMP,,temperature,HH,GT Lube Oil 온도 HH 알람,EXCLUDED_UNTIL_INPUT_BOUND,ABSOLUTE_VALUE_PENDING,,,HIGH,2,0.02 ratio,2,HIGH,주황,#FF9500,FALSE,TRUE,TRUE,NONE,FALSE,TRUE,A-L,UNLINKED_CANDIDATE,EXCLUDED_MISSING_INPUT,EXCLUDED_UNTIL_INPUT_BOUND,,모델 입력 미연동으로 활성 실행·검증에서 제외. 입력·단위·절대 설정값 확보 후 복원 가능.,DCS1,Gas Turbine,temperature > PRE_EVENT_BASELINE * 1.1,PRE_EVENT_BASELINE_RATIO,1.1,ratio_to_baseline,,,,,UNLINKED_OPTIONAL_SIGNAL,No bound model input; excluded from active and validation scope
AL-0770,DCS1,GT,dcs1.csv,SIEMENS_GT_ST,GT,GT Shaft,GT Shaft,A-L_UNLINKED_OPTIONAL,DCS1.GT.SHAFT.SPEED,,speed,HH,GT Shaft 회전속도 HH 알람,EXCLUDED_UNTIL_INPUT_BOUND,ABSOLUTE_VALUE_PENDING,,,HIGH,2,0.02 ratio,2,HIGH,주황,#FF9500,FALSE,TRUE,TRUE,NONE,FALSE,TRUE,A-L,UNLINKED_CANDIDATE,EXCLUDED_MISSING_INPUT,EXCLUDED_UNTIL_INPUT_BOUND,,모델 입력 미연동으로 활성 실행·검증에서 제외. 입력·단위·절대 설정값 확보 후 복원 가능.,DCS1,Gas Turbine,speed > PRE_EVENT_BASELINE * 1.08,PRE_EVENT_BASELINE_RATIO,1.08,ratio_to_baseline,,,,,UNLINKED_OPTIONAL_SIGNAL,No bound model input; excluded from active and validation scope
AL-0787,DCS1,ST,dcs1.csv,SIEMENS_GT_ST,ST,ST Bearings,ST Bearing 1,A-L_UNLINKED_OPTIONAL,DCS1.ST.BRG1.VIB,,vibration,HH,ST Bearing 1 진동 HH 알람,EXCLUDED_UNTIL_INPUT_BOUND,ABSOLUTE_VALUE_PENDING,,,HIGH,2,0.02 ratio,2,HIGH,주황,#FF9500,FALSE,TRUE,TRUE,NONE,FALSE,TRUE,A-L,UNLINKED_CANDIDATE,EXCLUDED_MISSING_INPUT,EXCLUDED_UNTIL_INPUT_BOUND,,모델 입력 미연동으로 활성 실행·검증에서 제외. 입력·단위·절대 설정값 확보 후 복원 가능.,DCS1,Steam Turbine,vibration > PRE_EVENT_BASELINE * 1.4,PRE_EVENT_BASELINE_RATIO,1.4,ratio_to_baseline,,,,,UNLINKED_OPTIONAL_SIGNAL,No bound model input; excluded from active and validation scope
AL-0789,DCS1,ST,dcs1.csv,SIEMENS_GT_ST,ST,ST Bearings,ST Bearing 1,A-L_UNLINKED_OPTIONAL,DCS1.ST.BRG1.METAL_TEMP,,metal_temperature,HH,ST Bearing 1 메탈온도 HH 알람,EXCLUDED_UNTIL_INPUT_BOUND,ABSOLUTE_VALUE_PENDING,,,HIGH,2,0.02 ratio,2,HIGH,주황,#FF9500,FALSE,TRUE,TRUE,NONE,FALSE,TRUE,A-L,UNLINKED_CANDIDATE,EXCLUDED_MISSING_INPUT,EXCLUDED_UNTIL_INPUT_BOUND,,모델 입력 미연동으로 활성 실행·검증에서 제외. 입력·단위·절대 설정값 확보 후 복원 가능.,DCS1,Steam Turbine,metal_temperature > PRE_EVENT_BASELINE * 1.1,PRE_EVENT_BASELINE_RATIO,1.1,ratio_to_baseline,,,,,UNLINKED_OPTIONAL_SIGNAL,No bound model input; excluded from active and validation scope
AL-0791,DCS1,ST,dcs1.csv,SIEMENS_GT_ST,ST,ST Bearings,ST Bearing 2,A-L_UNLINKED_OPTIONAL,DCS1.ST.BRG2.VIB,,vibration,HH,ST Bearing 2 진동 HH 알람,EXCLUDED_UNTIL_INPUT_BOUND,ABSOLUTE_VALUE_PENDING,,,HIGH,2,0.02 ratio,2,HIGH,주황,#FF9500,FALSE,TRUE,TRUE,NONE,FALSE,TRUE,A-L,UNLINKED_CANDIDATE,EXCLUDED_MISSING_INPUT,EXCLUDED_UNTIL_INPUT_BOUND,,모델 입력 미연동으로 활성 실행·검증에서 제외. 입력·단위·절대 설정값 확보 후 복원 가능.,DCS1,Steam Turbine,vibration > PRE_EVENT_BASELINE * 1.4,PRE_EVENT_BASELINE_RATIO,1.4,ratio_to_baseline,,,,,UNLINKED_OPTIONAL_SIGNAL,No bound model input; excluded from active and validation scope
AL-0793,DCS1,ST,dcs1.csv,SIEMENS_GT_ST,ST,ST Bearings,ST Bearing 2,A-L_UNLINKED_OPTIONAL,DCS1.ST.BRG2.METAL_TEMP,,metal_temperature,HH,ST Bearing 2 메탈온도 HH 알람,EXCLUDED_UNTIL_INPUT_BOUND,ABSOLUTE_VALUE_PENDING,,,HIGH,2,0.02 ratio,2,HIGH,주황,#FF9500,FALSE,TRUE,TRUE,NONE,FALSE,TRUE,A-L,UNLINKED_CANDIDATE,EXCLUDED_MISSING_INPUT,EXCLUDED_UNTIL_INPUT_BOUND,,모델 입력 미연동으로 활성 실행·검증에서 제외. 입력·단위·절대 설정값 확보 후 복원 가능.,DCS1,Steam Turbine,metal_temperature > PRE_EVENT_BASELINE * 1.1,PRE_EVENT_BASELINE_RATIO,1.1,ratio_to_baseline,,,,,UNLINKED_OPTIONAL_SIGNAL,No bound model input; excluded from active and validation scope
AL-0795,DCS1,ST,dcs1.csv,SIEMENS_GT_ST,ST,ST Bearings,ST Bearing 3,A-L_UNLINKED_OPTIONAL,DCS1.ST.BRG3.VIB,,vibration,HH,ST Bearing 3 진동 HH 알람,EXCLUDED_UNTIL_INPUT_BOUND,ABSOLUTE_VALUE_PENDING,,,HIGH,2,0.02 ratio,2,HIGH,주황,#FF9500,FALSE,TRUE,TRUE,NONE,FALSE,TRUE,A-L,UNLINKED_CANDIDATE,EXCLUDED_MISSING_INPUT,EXCLUDED_UNTIL_INPUT_BOUND,,모델 입력 미연동으로 활성 실행·검증에서 제외. 입력·단위·절대 설정값 확보 후 복원 가능.,DCS1,Steam Turbine,vibration > PRE_EVENT_BASELINE * 1.4,PRE_EVENT_BASELINE_RATIO,1.4,ratio_to_baseline,,,,,UNLINKED_OPTIONAL_SIGNAL,No bound model input; excluded from active and validation scope
AL-0797,DCS1,ST,dcs1.csv,SIEMENS_GT_ST,ST,ST Bearings,ST Bearing 3,A-L_UNLINKED_OPTIONAL,DCS1.ST.BRG3.METAL_TEMP,,metal_temperature,HH,ST Bearing 3 메탈온도 HH 알람,EXCLUDED_UNTIL_INPUT_BOUND,ABSOLUTE_VALUE_PENDING,,,HIGH,2,0.02 ratio,2,HIGH,주황,#FF9500,FALSE,TRUE,TRUE,NONE,FALSE,TRUE,A-L,UNLINKED_CANDIDATE,EXCLUDED_MISSING_INPUT,EXCLUDED_UNTIL_INPUT_BOUND,,모델 입력 미연동으로 활성 실행·검증에서 제외. 입력·단위·절대 설정값 확보 후 복원 가능.,DCS1,Steam Turbine,metal_temperature > PRE_EVENT_BASELINE * 1.1,PRE_EVENT_BASELINE_RATIO,1.1,ratio_to_baseline,,,,,UNLINKED_OPTIONAL_SIGNAL,No bound model input; excluded from active and validation scope
AL-0799,DCS1,ST,dcs1.csv,SIEMENS_GT_ST,ST,ST Bearings,ST Bearing 4,A-L_UNLINKED_OPTIONAL,DCS1.ST.BRG4.VIB,,vibration,HH,ST Bearing 4 진동 HH 알람,EXCLUDED_UNTIL_INPUT_BOUND,ABSOLUTE_VALUE_PENDING,,,HIGH,2,0.02 ratio,2,HIGH,주황,#FF9500,FALSE,TRUE,TRUE,NONE,FALSE,TRUE,A-L,UNLINKED_CANDIDATE,EXCLUDED_MISSING_INPUT,EXCLUDED_UNTIL_INPUT_BOUND,,모델 입력 미연동으로 활성 실행·검증에서 제외. 입력·단위·절대 설정값 확보 후 복원 가능.,DCS1,Steam Turbine,vibration > PRE_EVENT_BASELINE * 1.4,PRE_EVENT_BASELINE_RATIO,1.4,ratio_to_baseline,,,,,UNLINKED_OPTIONAL_SIGNAL,No bound model input; excluded from active and validation scope
AL-0801,DCS1,ST,dcs1.csv,SIEMENS_GT_ST,ST,ST Bearings,ST Bearing 4,A-L_UNLINKED_OPTIONAL,DCS1.ST.BRG4.METAL_TEMP,,metal_temperature,HH,ST Bearing 4 메탈온도 HH 알람,EXCLUDED_UNTIL_INPUT_BOUND,ABSOLUTE_VALUE_PENDING,,,HIGH,2,0.02 ratio,2,HIGH,주황,#FF9500,FALSE,TRUE,TRUE,NONE,FALSE,TRUE,A-L,UNLINKED_CANDIDATE,EXCLUDED_MISSING_INPUT,EXCLUDED_UNTIL_INPUT_BOUND,,모델 입력 미연동으로 활성 실행·검증에서 제외. 입력·단위·절대 설정값 확보 후 복원 가능.,DCS1,Steam Turbine,metal_temperature > PRE_EVENT_BASELINE * 1.1,PRE_EVENT_BASELINE_RATIO,1.1,ratio_to_baseline,,,,,UNLINKED_OPTIONAL_SIGNAL,No bound model input; excluded from active and validation scope
AL-0803,DCS1,ST,dcs1.csv,SIEMENS_GT_ST,ST,ST Bearings,ST Bearing 5,A-L_UNLINKED_OPTIONAL,DCS1.ST.BRG5.VIB,,vibration,HH,ST Bearing 5 진동 HH 알람,EXCLUDED_UNTIL_INPUT_BOUND,ABSOLUTE_VALUE_PENDING,,,HIGH,2,0.02 ratio,2,HIGH,주황,#FF9500,FALSE,TRUE,TRUE,NONE,FALSE,TRUE,A-L,UNLINKED_CANDIDATE,EXCLUDED_MISSING_INPUT,EXCLUDED_UNTIL_INPUT_BOUND,,모델 입력 미연동으로 활성 실행·검증에서 제외. 입력·단위·절대 설정값 확보 후 복원 가능.,DCS1,Steam Turbine,vibration > PRE_EVENT_BASELINE * 1.4,PRE_EVENT_BASELINE_RATIO,1.4,ratio_to_baseline,,,,,UNLINKED_OPTIONAL_SIGNAL,No bound model input; excluded from active and validation scope
AL-0805,DCS1,ST,dcs1.csv,SIEMENS_GT_ST,ST,ST Bearings,ST Bearing 5,A-L_UNLINKED_OPTIONAL,DCS1.ST.BRG5.METAL_TEMP,,metal_temperature,HH,ST Bearing 5 메탈온도 HH 알람,EXCLUDED_UNTIL_INPUT_BOUND,ABSOLUTE_VALUE_PENDING,,,HIGH,2,0.02 ratio,2,HIGH,주황,#FF9500,FALSE,TRUE,TRUE,NONE,FALSE,TRUE,A-L,UNLINKED_CANDIDATE,EXCLUDED_MISSING_INPUT,EXCLUDED_UNTIL_INPUT_BOUND,,모델 입력 미연동으로 활성 실행·검증에서 제외. 입력·단위·절대 설정값 확보 후 복원 가능.,DCS1,Steam Turbine,metal_temperature > PRE_EVENT_BASELINE * 1.1,PRE_EVENT_BASELINE_RATIO,1.1,ratio_to_baseline,,,,,UNLINKED_OPTIONAL_SIGNAL,No bound model input; excluded from active and validation scope
AL-0807,DCS1,ST,dcs1.csv,SIEMENS_GT_ST,ST,ST Bearings,ST Bearing 6,A-L_UNLINKED_OPTIONAL,DCS1.ST.BRG6.VIB,,vibration,HH,ST Bearing 6 진동 HH 알람,EXCLUDED_UNTIL_INPUT_BOUND,ABSOLUTE_VALUE_PENDING,,,HIGH,2,0.02 ratio,2,HIGH,주황,#FF9500,FALSE,TRUE,TRUE,NONE,FALSE,TRUE,A-L,UNLINKED_CANDIDATE,EXCLUDED_MISSING_INPUT,EXCLUDED_UNTIL_INPUT_BOUND,,모델 입력 미연동으로 활성 실행·검증에서 제외. 입력·단위·절대 설정값 확보 후 복원 가능.,DCS1,Steam Turbine,vibration > PRE_EVENT_BASELINE * 1.4,PRE_EVENT_BASELINE_RATIO,1.4,ratio_to_baseline,,,,,UNLINKED_OPTIONAL_SIGNAL,No bound model input; excluded from active and validation scope
AL-0809,DCS1,ST,dcs1.csv,SIEMENS_GT_ST,ST,ST Bearings,ST Bearing 6,A-L_UNLINKED_OPTIONAL,DCS1.ST.BRG6.METAL_TEMP,,metal_temperature,HH,ST Bearing 6 메탈온도 HH 알람,EXCLUDED_UNTIL_INPUT_BOUND,ABSOLUTE_VALUE_PENDING,,,HIGH,2,0.02 ratio,2,HIGH,주황,#FF9500,FALSE,TRUE,TRUE,NONE,FALSE,TRUE,A-L,UNLINKED_CANDIDATE,EXCLUDED_MISSING_INPUT,EXCLUDED_UNTIL_INPUT_BOUND,,모델 입력 미연동으로 활성 실행·검증에서 제외. 입력·단위·절대 설정값 확보 후 복원 가능.,DCS1,Steam Turbine,metal_temperature > PRE_EVENT_BASELINE * 1.1,PRE_EVENT_BASELINE_RATIO,1.1,ratio_to_baseline,,,,,UNLINKED_OPTIONAL_SIGNAL,No bound model input; excluded from active and validation scope
AL-0839,DCS1,ST,dcs1.csv,SIEMENS_GT_ST,ST,ST Valve Control,ST Control Valve,A-L_UNLINKED_OPTIONAL,DCS1.ST.CV.POS_DEV,,position_deviation,HH,ST Control Valve 위치편차 HH 알람,EXCLUDED_UNTIL_INPUT_BOUND,ABSOLUTE_VALUE_PENDING,,,HIGH,2,0.02 ratio,2,HIGH,주황,#FF9500,FALSE,TRUE,TRUE,NONE,FALSE,TRUE,A-L,UNLINKED_CANDIDATE,EXCLUDED_MISSING_INPUT,EXCLUDED_UNTIL_INPUT_BOUND,,모델 입력 미연동으로 활성 실행·검증에서 제외. 입력·단위·절대 설정값 확보 후 복원 가능.,DCS1,Steam Turbine,position_deviation > PRE_EVENT_BASELINE * 1.4,PRE_EVENT_BASELINE_RATIO,1.4,ratio_to_baseline,,,,,UNLINKED_OPTIONAL_SIGNAL,No bound model input; excluded from active and validation scope
AL-0835,DCS1,ST,dcs1.csv,SIEMENS_GT_ST,ST,ST Gland Steam,ST Gland Steam,A-L_UNLINKED_OPTIONAL,DCS1.ST.GLAND.PRESS,,pressure,HH,ST Gland Steam 압력 HH 알람,EXCLUDED_UNTIL_INPUT_BOUND,ABSOLUTE_VALUE_PENDING,,,HIGH,2,0.02 ratio,2,HIGH,주황,#FF9500,FALSE,TRUE,TRUE,NONE,FALSE,TRUE,A-L,UNLINKED_CANDIDATE,EXCLUDED_MISSING_INPUT,EXCLUDED_UNTIL_INPUT_BOUND,,모델 입력 미연동으로 활성 실행·검증에서 제외. 입력·단위·절대 설정값 확보 후 복원 가능.,DCS1,Steam Turbine,pressure > PRE_EVENT_BASELINE * 1.2,PRE_EVENT_BASELINE_RATIO,1.2,ratio_to_baseline,,,,,UNLINKED_OPTIONAL_SIGNAL,No bound model input; excluded from active and validation scope
AL-0837,DCS1,ST,dcs1.csv,SIEMENS_GT_ST,ST,ST Gland Steam,ST Gland Steam,A-L_UNLINKED_OPTIONAL,DCS1.ST.GLAND.PRESS,,pressure,LL,ST Gland Steam 압력 LL 알람,EXCLUDED_UNTIL_INPUT_BOUND,ABSOLUTE_VALUE_PENDING,,,LOW,2,0.02 ratio,2,HIGH,주황,#FF9500,FALSE,TRUE,TRUE,NONE,FALSE,TRUE,A-L,UNLINKED_CANDIDATE,EXCLUDED_MISSING_INPUT,EXCLUDED_UNTIL_INPUT_BOUND,,모델 입력 미연동으로 활성 실행·검증에서 제외. 입력·단위·절대 설정값 확보 후 복원 가능.,DCS1,Steam Turbine,pressure < PRE_EVENT_BASELINE * 0.8,PRE_EVENT_BASELINE_RATIO,0.8,ratio_to_baseline,,,,,UNLINKED_OPTIONAL_SIGNAL,No bound model input; excluded from active and validation scope
AL-0817,DCS1,ST,dcs1.csv,SIEMENS_GT_ST,ST,ST Lube Oil,ST Lube Oil,A-L_UNLINKED_OPTIONAL,DCS1.ST.LUBE_OIL.PRESS,,pressure,LL,ST Lube Oil 압력 LL 알람,EXCLUDED_UNTIL_INPUT_BOUND,ABSOLUTE_VALUE_PENDING,,,LOW,2,0.02 ratio,2,HIGH,주황,#FF9500,FALSE,TRUE,TRUE,NONE,FALSE,TRUE,A-L,UNLINKED_CANDIDATE,EXCLUDED_MISSING_INPUT,EXCLUDED_UNTIL_INPUT_BOUND,,모델 입력 미연동으로 활성 실행·검증에서 제외. 입력·단위·절대 설정값 확보 후 복원 가능.,DCS1,Steam Turbine,pressure < PRE_EVENT_BASELINE * 0.8,PRE_EVENT_BASELINE_RATIO,0.8,ratio_to_baseline,,,,,UNLINKED_OPTIONAL_SIGNAL,No bound model input; excluded from active and validation scope
AL-0823,DCS1,ST,dcs1.csv,SIEMENS_GT_ST,ST,ST Main Steam,ST Main Steam,A-L_UNLINKED_OPTIONAL,DCS1.ST.MAIN_STEAM.PRESS,,pressure,HH,ST Main Steam 압력 HH 알람,EXCLUDED_UNTIL_INPUT_BOUND,ABSOLUTE_VALUE_PENDING,,,HIGH,2,0.02 ratio,2,HIGH,주황,#FF9500,FALSE,TRUE,TRUE,NONE,FALSE,TRUE,A-L,UNLINKED_CANDIDATE,EXCLUDED_MISSING_INPUT,EXCLUDED_UNTIL_INPUT_BOUND,,모델 입력 미연동으로 활성 실행·검증에서 제외. 입력·단위·절대 설정값 확보 후 복원 가능.,DCS1,Steam Turbine,pressure > PRE_EVENT_BASELINE * 1.15,PRE_EVENT_BASELINE_RATIO,1.15,ratio_to_baseline,,,,,UNLINKED_OPTIONAL_SIGNAL,No bound model input; excluded from active and validation scope
AL-0825,DCS1,ST,dcs1.csv,SIEMENS_GT_ST,ST,ST Main Steam,ST Main Steam,A-L_UNLINKED_OPTIONAL,DCS1.ST.MAIN_STEAM.PRESS,,pressure,LL,ST Main Steam 압력 LL 알람,EXCLUDED_UNTIL_INPUT_BOUND,ABSOLUTE_VALUE_PENDING,,,LOW,2,0.02 ratio,2,HIGH,주황,#FF9500,FALSE,TRUE,TRUE,NONE,FALSE,TRUE,A-L,UNLINKED_CANDIDATE,EXCLUDED_MISSING_INPUT,EXCLUDED_UNTIL_INPUT_BOUND,,모델 입력 미연동으로 활성 실행·검증에서 제외. 입력·단위·절대 설정값 확보 후 복원 가능.,DCS1,Steam Turbine,pressure < PRE_EVENT_BASELINE * 0.85,PRE_EVENT_BASELINE_RATIO,0.85,ratio_to_baseline,,,,,UNLINKED_OPTIONAL_SIGNAL,No bound model input; excluded from active and validation scope
AL-0827,DCS1,ST,dcs1.csv,SIEMENS_GT_ST,ST,ST Main Steam,ST Main Steam,A-L_UNLINKED_OPTIONAL,DCS1.ST.MAIN_STEAM.TEMP,,temperature,HH,ST Main Steam 온도 HH 알람,EXCLUDED_UNTIL_INPUT_BOUND,ABSOLUTE_VALUE_PENDING,,,HIGH,2,0.02 ratio,2,HIGH,주황,#FF9500,FALSE,TRUE,TRUE,NONE,FALSE,TRUE,A-L,UNLINKED_CANDIDATE,EXCLUDED_MISSING_INPUT,EXCLUDED_UNTIL_INPUT_BOUND,,모델 입력 미연동으로 활성 실행·검증에서 제외. 입력·단위·절대 설정값 확보 후 복원 가능.,DCS1,Steam Turbine,temperature > PRE_EVENT_BASELINE * 1.1,PRE_EVENT_BASELINE_RATIO,1.1,ratio_to_baseline,,,,,UNLINKED_OPTIONAL_SIGNAL,No bound model input; excluded from active and validation scope
AL-0829,DCS1,ST,dcs1.csv,SIEMENS_GT_ST,ST,ST Main Steam,ST Main Steam,A-L_UNLINKED_OPTIONAL,DCS1.ST.MAIN_STEAM.TEMP,,temperature,LL,ST Main Steam 온도 LL 알람,EXCLUDED_UNTIL_INPUT_BOUND,ABSOLUTE_VALUE_PENDING,,,LOW,2,0.02 ratio,2,HIGH,주황,#FF9500,FALSE,TRUE,TRUE,NONE,FALSE,TRUE,A-L,UNLINKED_CANDIDATE,EXCLUDED_MISSING_INPUT,EXCLUDED_UNTIL_INPUT_BOUND,,모델 입력 미연동으로 활성 실행·검증에서 제외. 입력·단위·절대 설정값 확보 후 복원 가능.,DCS1,Steam Turbine,temperature < PRE_EVENT_BASELINE * 0.9,PRE_EVENT_BASELINE_RATIO,0.9,ratio_to_baseline,,,,,UNLINKED_OPTIONAL_SIGNAL,No bound model input; excluded from active and validation scope
AL-0831,DCS1,ST,dcs1.csv,SIEMENS_GT_ST,ST,ST Reheat Steam,ST Reheat Steam,A-L_UNLINKED_OPTIONAL,DCS1.ST.REHEAT.TEMP,,temperature,HH,ST Reheat Steam 온도 HH 알람,EXCLUDED_UNTIL_INPUT_BOUND,ABSOLUTE_VALUE_PENDING,,,HIGH,2,0.02 ratio,2,HIGH,주황,#FF9500,FALSE,TRUE,TRUE,NONE,FALSE,TRUE,A-L,UNLINKED_CANDIDATE,EXCLUDED_MISSING_INPUT,EXCLUDED_UNTIL_INPUT_BOUND,,모델 입력 미연동으로 활성 실행·검증에서 제외. 입력·단위·절대 설정값 확보 후 복원 가능.,DCS1,Steam Turbine,temperature > PRE_EVENT_BASELINE * 1.1,PRE_EVENT_BASELINE_RATIO,1.1,ratio_to_baseline,,,,,UNLINKED_OPTIONAL_SIGNAL,No bound model input; excluded from active and validation scope
AL-0833,DCS1,ST,dcs1.csv,SIEMENS_GT_ST,ST,ST Reheat Steam,ST Reheat Steam,A-L_UNLINKED_OPTIONAL,DCS1.ST.REHEAT.TEMP,,temperature,LL,ST Reheat Steam 온도 LL 알람,EXCLUDED_UNTIL_INPUT_BOUND,ABSOLUTE_VALUE_PENDING,,,LOW,2,0.02 ratio,2,HIGH,주황,#FF9500,FALSE,TRUE,TRUE,NONE,FALSE,TRUE,A-L,UNLINKED_CANDIDATE,EXCLUDED_MISSING_INPUT,EXCLUDED_UNTIL_INPUT_BOUND,,모델 입력 미연동으로 활성 실행·검증에서 제외. 입력·단위·절대 설정값 확보 후 복원 가능.,DCS1,Steam Turbine,temperature < PRE_EVENT_BASELINE * 0.9,PRE_EVENT_BASELINE_RATIO,0.9,ratio_to_baseline,,,,,UNLINKED_OPTIONAL_SIGNAL,No bound model input; excluded from active and validation scope
AL-0811,DCS1,ST,dcs1.csv,SIEMENS_GT_ST,ST,ST Shaft,ST Shaft,A-L_UNLINKED_OPTIONAL,DCS1.ST.SHAFT.AXIAL_POS,,axial_position,HH,ST Shaft 축위치 HH 알람,EXCLUDED_UNTIL_INPUT_BOUND,ABSOLUTE_VALUE_PENDING,,,HIGH,2,0.02 ratio,2,HIGH,주황,#FF9500,FALSE,TRUE,TRUE,NONE,FALSE,TRUE,A-L,UNLINKED_CANDIDATE,EXCLUDED_MISSING_INPUT,EXCLUDED_UNTIL_INPUT_BOUND,,모델 입력 미연동으로 활성 실행·검증에서 제외. 입력·단위·절대 설정값 확보 후 복원 가능.,DCS1,Steam Turbine,axial_position > PRE_EVENT_BASELINE * 1.4,PRE_EVENT_BASELINE_RATIO,1.4,ratio_to_baseline,,,,,UNLINKED_OPTIONAL_SIGNAL,No bound model input; excluded from active and validation scope
AL-0813,DCS1,ST,dcs1.csv,SIEMENS_GT_ST,ST,ST Shaft,ST Shaft,A-L_UNLINKED_OPTIONAL,DCS1.ST.SHAFT.DIFF_EXP,,differential_expansion,HH,ST Shaft 차팽창 HH 알람,EXCLUDED_UNTIL_INPUT_BOUND,ABSOLUTE_VALUE_PENDING,,,HIGH,2,0.02 ratio,2,HIGH,주황,#FF9500,FALSE,TRUE,TRUE,NONE,FALSE,TRUE,A-L,UNLINKED_CANDIDATE,EXCLUDED_MISSING_INPUT,EXCLUDED_UNTIL_INPUT_BOUND,,모델 입력 미연동으로 활성 실행·검증에서 제외. 입력·단위·절대 설정값 확보 후 복원 가능.,DCS1,Steam Turbine,differential_expansion > PRE_EVENT_BASELINE * 1.4,PRE_EVENT_BASELINE_RATIO,1.4,ratio_to_baseline,,,,,UNLINKED_OPTIONAL_SIGNAL,No bound model input; excluded from active and validation scope
AL-0815,DCS1,ST,dcs1.csv,SIEMENS_GT_ST,ST,ST Shaft,ST Shaft,A-L_UNLINKED_OPTIONAL,DCS1.ST.SHAFT.ECCENTRICITY,,eccentricity,HH,ST Shaft 편심 HH 알람,EXCLUDED_UNTIL_INPUT_BOUND,ABSOLUTE_VALUE_PENDING,,,HIGH,2,0.02 ratio,2,HIGH,주황,#FF9500,FALSE,TRUE,TRUE,NONE,FALSE,TRUE,A-L,UNLINKED_CANDIDATE,EXCLUDED_MISSING_INPUT,EXCLUDED_UNTIL_INPUT_BOUND,,모델 입력 미연동으로 활성 실행·검증에서 제외. 입력·단위·절대 설정값 확보 후 복원 가능.,DCS1,Steam Turbine,eccentricity > PRE_EVENT_BASELINE * 1.4,PRE_EVENT_BASELINE_RATIO,1.4,ratio_to_baseline,,,,,UNLINKED_OPTIONAL_SIGNAL,No bound model input; excluded from active and validation scope
AL-0821,DCS1,ST,dcs1.csv,SIEMENS_GT_ST,ST,ST Shaft,ST Shaft,A-L_UNLINKED_OPTIONAL,DCS1.ST.SHAFT.SPEED,,speed,HH,ST Shaft 회전속도 HH 알람,EXCLUDED_UNTIL_INPUT_BOUND,ABSOLUTE_VALUE_PENDING,,,HIGH,2,0.02 ratio,2,HIGH,주황,#FF9500,FALSE,TRUE,TRUE,NONE,FALSE,TRUE,A-L,UNLINKED_CANDIDATE,EXCLUDED_MISSING_INPUT,EXCLUDED_UNTIL_INPUT_BOUND,,모델 입력 미연동으로 활성 실행·검증에서 제외. 입력·단위·절대 설정값 확보 후 복원 가능.,DCS1,Steam Turbine,speed > PRE_EVENT_BASELINE * 1.08,PRE_EVENT_BASELINE_RATIO,1.08,ratio_to_baseline,,,,,UNLINKED_OPTIONAL_SIGNAL,No bound model input; excluded from active and validation scope
AL-0819,DCS1,ST,dcs1.csv,SIEMENS_GT_ST,ST,ST Trip Oil,ST Trip Oil,A-L_UNLINKED_OPTIONAL,DCS1.ST.TRIP_OIL.PRESS,,pressure,LL,ST Trip Oil 압력 LL 알람,EXCLUDED_UNTIL_INPUT_BOUND,ABSOLUTE_VALUE_PENDING,,,LOW,2,0.02 ratio,2,HIGH,주황,#FF9500,FALSE,TRUE,TRUE,NONE,FALSE,TRUE,A-L,UNLINKED_CANDIDATE,EXCLUDED_MISSING_INPUT,EXCLUDED_UNTIL_INPUT_BOUND,,모델 입력 미연동으로 활성 실행·검증에서 제외. 입력·단위·절대 설정값 확보 후 복원 가능.,DCS1,Steam Turbine,pressure < PRE_EVENT_BASELINE * 0.8,PRE_EVENT_BASELINE_RATIO,0.8,ratio_to_baseline,,,,,UNLINKED_OPTIONAL_SIGNAL,No bound model input; excluded from active and validation scope
AL-0337,DCS2,BOP,dcs2.csv,ABB_HRSG_BOP,BOP,Steam Cycle / Condenser,Condenser,M-V_DIRECT,TSP.MV.CONDENSER.P,Condenser.P,P,HH,Condenser 압력 고고(HH),Condenser.P > 110 Pa,ABSOLUTE_MODEL_VALUE,110,Pa,HIGH,2,2 Pa,2,HIGH,주황,#FF9500,FALSE,TRUE,TRUE,NONE,TRUE,TRUE,A-L,VIRTUAL_MODEL_PRETRIP_CALIBRATION,MODEL_SIGNAL_VERIFIED_ABSOLUTE_THRESHOLD_CALIBRATED,READY_ABSOLUTE_MODEL_VALUE,https://build.openmodelica.org/Documentation/ThermoSysPro.WaterSteam.HeatExchangers.SimpleDynamicCondenser.html,원시 변수명은 공개 빌드 로그로 확인. 임계값·지연·히스테리시스는 시연용 A-L 가정이며 현장 기준으로 교체 필요.,DCS2,Steam Cycle,P > PRE_EVENT_BASELINE * 1.1,PRE_EVENT_BASELINE_RATIO,1.1,ratio_to_baseline,Condenser.P,100,GT_TRIP_RAW_DATA_0.1s_0-40s.csv,0-10,CALIBRATED_MODEL_DIRECT,Direct model quantity and physical unit available
AL-0338,DCS2,BOP,dcs2.csv,ABB_HRSG_BOP,BOP,Steam Cycle / Condenser,Condenser Hotwell,M-V_DIRECT,TSP.MV.CONDENSER.VL,Condenser.Vl,normalized_level(Vl),HH,Condenser Hotwell 레벨 고고(HH),DISABLED_UNTIL_ABSOLUTE_PHYSICAL_SIGNAL_AVAILABLE,ABSOLUTE_VALUE_PENDING,,,HIGH,2,0.03 span,2,HIGH,주황,#FF9500,FALSE,TRUE,TRUE,NONE,FALSE,TRUE,A-L,THERMOSYSPRO_MODEL+ASSUMED_LOGIC,ABSOLUTE_PHYSICAL_VALUE_NOT_AVAILABLE,DISABLED_PENDING_PHYSICAL_OUTPUT,https://build.openmodelica.org/Documentation/ThermoSysPro.WaterSteam.HeatExchangers.SimpleDynamicCondenser.html,원시 변수명은 공개 빌드 로그로 확인. 임계값·지연·히스테리시스는 시연용 A-L 가정이며 현장 기준으로 교체 필요.,DCS2,Steam Cycle,normalized_level(Vl) > 0.8,NORMALIZED_SPAN,0.8,fraction_of_span,,,,,DEFERRED_LEVEL_OR_MODEL_OUTPUT,Physical level geometry/output is unavailable
AL-0339,DCS2,BOP,dcs2.csv,ABB_HRSG_BOP,BOP,Steam Cycle / Condenser,Condenser Hotwell,M-V_DIRECT,TSP.MV.CONDENSER.VL,Condenser.Vl,normalized_level(Vl),LL,Condenser Hotwell 레벨 저저(LL),DISABLED_UNTIL_ABSOLUTE_PHYSICAL_SIGNAL_AVAILABLE,ABSOLUTE_VALUE_PENDING,,,LOW,2,0.03 span,2,HIGH,주황,#FF9500,FALSE,TRUE,TRUE,NONE,FALSE,TRUE,A-L,THERMOSYSPRO_MODEL+ASSUMED_LOGIC,ABSOLUTE_PHYSICAL_VALUE_NOT_AVAILABLE,DISABLED_PENDING_PHYSICAL_OUTPUT,https://build.openmodelica.org/Documentation/ThermoSysPro.WaterSteam.HeatExchangers.SimpleDynamicCondenser.html,원시 변수명은 공개 빌드 로그로 확인. 임계값·지연·히스테리시스는 시연용 A-L 가정이며 현장 기준으로 교체 필요.,DCS2,Steam Cycle,normalized_level(Vl) < 0.2,NORMALIZED_SPAN,0.2,fraction_of_span,,,,,DEFERRED_LEVEL_OR_MODEL_OUTPUT,Physical level geometry/output is unavailable
AL-0340,DCS2,BOP,dcs2.csv,ABB_HRSG_BOP,BOP,Steam Cycle / Intermediate Volumes,VolumeECO HP1 2,M-V_DIRECT,TSP.MV.VOLUMEECO_HP1_2.P,VolumeECO_HP1_2.P,P,HH,VolumeECO HP1 2 압력 고고(HH),VolumeECO_HP1_2.P > 110 Pa,ABSOLUTE_MODEL_VALUE,110,Pa,HIGH,2,2 Pa,2,HIGH,주황,#FF9500,FALSE,TRUE,TRUE,NONE,TRUE,TRUE,A-L,VIRTUAL_MODEL_PRETRIP_CALIBRATION,MODEL_SIGNAL_VERIFIED_ABSOLUTE_THRESHOLD_CALIBRATED,READY_ABSOLUTE_MODEL_VALUE,https://libraries.openmodelica.org/branches/master/ThermoSysPro/files/ThermoSysPro_ThermoSysPro.Examples.Book.PowerPlants.CombinedCyclePowerPlant.GasTurbineTrip.err,원시 변수명은 공개 빌드 로그로 확인. 임계값·지연·히스테리시스는 시연용 A-L 가정이며 현장 기준으로 교체 필요.,DCS2,Steam Cycle,P > PRE_EVENT_BASELINE * 1.1,PRE_EVENT_BASELINE_RATIO,1.1,ratio_to_baseline,VolumeECO_HP1_2.P,100,GT_TRIP_RAW_DATA_0.1s_0-40s.csv,0-10,CALIBRATED_MODEL_DIRECT,Direct model quantity and physical unit available
AL-0341,DCS2,BOP,dcs2.csv,ABB_HRSG_BOP,BOP,Steam Cycle / Intermediate Volumes,VolumeECO HP1 2,M-V_DIRECT,TSP.MV.VOLUMEECO_HP1_2.P,VolumeECO_HP1_2.P,P,LL,VolumeECO HP1 2 압력 저저(LL),VolumeECO_HP1_2.P < 90 Pa,ABSOLUTE_MODEL_VALUE,90,Pa,LOW,2,2 Pa,2,HIGH,주황,#FF9500,FALSE,TRUE,TRUE,NONE,TRUE,TRUE,A-L,VIRTUAL_MODEL_PRETRIP_CALIBRATION,MODEL_SIGNAL_VERIFIED_ABSOLUTE_THRESHOLD_CALIBRATED,READY_ABSOLUTE_MODEL_VALUE,https://libraries.openmodelica.org/branches/master/ThermoSysPro/files/ThermoSysPro_ThermoSysPro.Examples.Book.PowerPlants.CombinedCyclePowerPlant.GasTurbineTrip.err,원시 변수명은 공개 빌드 로그로 확인. 임계값·지연·히스테리시스는 시연용 A-L 가정이며 현장 기준으로 교체 필요.,DCS2,Steam Cycle,P < PRE_EVENT_BASELINE * 0.9,PRE_EVENT_BASELINE_RATIO,0.9,ratio_to_baseline,VolumeECO_HP1_2.P,100,GT_TRIP_RAW_DATA_0.1s_0-40s.csv,0-10,CALIBRATED_MODEL_DIRECT,Direct model quantity and physical unit available
AL-0342,DCS2,BOP,dcs2.csv,ABB_HRSG_BOP,BOP,Steam Cycle / Intermediate Volumes,VolumeECO HP2 3,M-V_DIRECT,TSP.MV.VOLUMEECO_HP2_3.P,VolumeECO_HP2_3.P,P,HH,VolumeECO HP2 3 압력 고고(HH),VolumeECO_HP2_3.P > 110 Pa,ABSOLUTE_MODEL_VALUE,110,Pa,HIGH,2,2 Pa,2,HIGH,주황,#FF9500,FALSE,TRUE,TRUE,NONE,TRUE,TRUE,A-L,VIRTUAL_MODEL_PRETRIP_CALIBRATION,MODEL_SIGNAL_VERIFIED_ABSOLUTE_THRESHOLD_CALIBRATED,READY_ABSOLUTE_MODEL_VALUE,https://libraries.openmodelica.org/branches/master/ThermoSysPro/files/ThermoSysPro_ThermoSysPro.Examples.Book.PowerPlants.CombinedCyclePowerPlant.GasTurbineTrip.err,원시 변수명은 공개 빌드 로그로 확인. 임계값·지연·히스테리시스는 시연용 A-L 가정이며 현장 기준으로 교체 필요.,DCS2,Steam Cycle,P > PRE_EVENT_BASELINE * 1.1,PRE_EVENT_BASELINE_RATIO,1.1,ratio_to_baseline,VolumeECO_HP2_3.P,100,GT_TRIP_RAW_DATA_0.1s_0-40s.csv,0-10,CALIBRATED_MODEL_DIRECT,Direct model quantity and physical unit available
AL-0343,DCS2,BOP,dcs2.csv,ABB_HRSG_BOP,BOP,Steam Cycle / Intermediate Volumes,VolumeECO HP2 3,M-V_DIRECT,TSP.MV.VOLUMEECO_HP2_3.P,VolumeECO_HP2_3.P,P,LL,VolumeECO HP2 3 압력 저저(LL),VolumeECO_HP2_3.P < 90 Pa,ABSOLUTE_MODEL_VALUE,90,Pa,LOW,2,2 Pa,2,HIGH,주황,#FF9500,FALSE,TRUE,TRUE,NONE,TRUE,TRUE,A-L,VIRTUAL_MODEL_PRETRIP_CALIBRATION,MODEL_SIGNAL_VERIFIED_ABSOLUTE_THRESHOLD_CALIBRATED,READY_ABSOLUTE_MODEL_VALUE,https://libraries.openmodelica.org/branches/master/ThermoSysPro/files/ThermoSysPro_ThermoSysPro.Examples.Book.PowerPlants.CombinedCyclePowerPlant.GasTurbineTrip.err,원시 변수명은 공개 빌드 로그로 확인. 임계값·지연·히스테리시스는 시연용 A-L 가정이며 현장 기준으로 교체 필요.,DCS2,Steam Cycle,P < PRE_EVENT_BASELINE * 0.9,PRE_EVENT_BASELINE_RATIO,0.9,ratio_to_baseline,VolumeECO_HP2_3.P,100,GT_TRIP_RAW_DATA_0.1s_0-40s.csv,0-10,CALIBRATED_MODEL_DIRECT,Direct model quantity and physical unit available
AL-0344,DCS2,BOP,dcs2.csv,ABB_HRSG_BOP,BOP,Steam Cycle / Intermediate Volumes,VolumeIP,M-V_DIRECT,TSP.MV.VOLUMEIP.P,VolumeIP.P,P,HH,VolumeIP 압력 고고(HH),VolumeIP.P > 110 Pa,ABSOLUTE_MODEL_VALUE,110,Pa,HIGH,2,2 Pa,2,HIGH,주황,#FF9500,FALSE,TRUE,TRUE,NONE,TRUE,TRUE,A-L,VIRTUAL_MODEL_PRETRIP_CALIBRATION,MODEL_SIGNAL_VERIFIED_ABSOLUTE_THRESHOLD_CALIBRATED,READY_ABSOLUTE_MODEL_VALUE,https://libraries.openmodelica.org/branches/master/ThermoSysPro/files/ThermoSysPro_ThermoSysPro.Examples.Book.PowerPlants.CombinedCyclePowerPlant.GasTurbineTrip.err,원시 변수명은 공개 빌드 로그로 확인. 임계값·지연·히스테리시스는 시연용 A-L 가정이며 현장 기준으로 교체 필요.,DCS2,Steam Cycle,P > PRE_EVENT_BASELINE * 1.1,PRE_EVENT_BASELINE_RATIO,1.1,ratio_to_baseline,VolumeIP.P,100,GT_TRIP_RAW_DATA_0.1s_0-40s.csv,0-10,CALIBRATED_MODEL_DIRECT,Direct model quantity and physical unit available
AL-0345,DCS2,BOP,dcs2.csv,ABB_HRSG_BOP,BOP,Steam Cycle / Intermediate Volumes,VolumeIP,M-V_DIRECT,TSP.MV.VOLUMEIP.P,VolumeIP.P,P,LL,VolumeIP 압력 저저(LL),VolumeIP.P < 90 Pa,ABSOLUTE_MODEL_VALUE,90,Pa,LOW,2,2 Pa,2,HIGH,주황,#FF9500,FALSE,TRUE,TRUE,NONE,TRUE,TRUE,A-L,VIRTUAL_MODEL_PRETRIP_CALIBRATION,MODEL_SIGNAL_VERIFIED_ABSOLUTE_THRESHOLD_CALIBRATED,READY_ABSOLUTE_MODEL_VALUE,https://libraries.openmodelica.org/branches/master/ThermoSysPro/files/ThermoSysPro_ThermoSysPro.Examples.Book.PowerPlants.CombinedCyclePowerPlant.GasTurbineTrip.err,원시 변수명은 공개 빌드 로그로 확인. 임계값·지연·히스테리시스는 시연용 A-L 가정이며 현장 기준으로 교체 필요.,DCS2,Steam Cycle,P < PRE_EVENT_BASELINE * 0.9,PRE_EVENT_BASELINE_RATIO,0.9,ratio_to_baseline,VolumeIP.P,100,GT_TRIP_RAW_DATA_0.1s_0-40s.csv,0-10,CALIBRATED_MODEL_DIRECT,Direct model quantity and physical unit available
AL-0346,DCS2,BOP,dcs2.csv,ABB_HRSG_BOP,BOP,Steam Cycle / Intermediate Volumes,VolumePreTHP,M-V_DIRECT,TSP.MV.VOLUMEPRETHP.P,VolumePreTHP.P,P,HH,VolumePreTHP 압력 고고(HH),VolumePreTHP.P > 110 Pa,ABSOLUTE_MODEL_VALUE,110,Pa,HIGH,2,2 Pa,2,HIGH,주황,#FF9500,FALSE,TRUE,TRUE,NONE,TRUE,TRUE,A-L,VIRTUAL_MODEL_PRETRIP_CALIBRATION,MODEL_SIGNAL_VERIFIED_ABSOLUTE_THRESHOLD_CALIBRATED,READY_ABSOLUTE_MODEL_VALUE,https://libraries.openmodelica.org/branches/master/ThermoSysPro/files/ThermoSysPro_ThermoSysPro.Examples.Book.PowerPlants.CombinedCyclePowerPlant.GasTurbineTrip.err,원시 변수명은 공개 빌드 로그로 확인. 임계값·지연·히스테리시스는 시연용 A-L 가정이며 현장 기준으로 교체 필요.,DCS2,Steam Cycle,P > PRE_EVENT_BASELINE * 1.1,PRE_EVENT_BASELINE_RATIO,1.1,ratio_to_baseline,VolumePreTHP.P,100,GT_TRIP_RAW_DATA_0.1s_0-40s.csv,0-10,CALIBRATED_MODEL_DIRECT,Direct model quantity and physical unit available
AL-0347,DCS2,BOP,dcs2.csv,ABB_HRSG_BOP,BOP,Steam Cycle / Intermediate Volumes,VolumePreTHP,M-V_DIRECT,TSP.MV.VOLUMEPRETHP.P,VolumePreTHP.P,P,LL,VolumePreTHP 압력 저저(LL),VolumePreTHP.P < 90 Pa,ABSOLUTE_MODEL_VALUE,90,Pa,LOW,2,2 Pa,2,HIGH,주황,#FF9500,FALSE,TRUE,TRUE,NONE,TRUE,TRUE,A-L,VIRTUAL_MODEL_PRETRIP_CALIBRATION,MODEL_SIGNAL_VERIFIED_ABSOLUTE_THRESHOLD_CALIBRATED,READY_ABSOLUTE_MODEL_VALUE,https://libraries.openmodelica.org/branches/master/ThermoSysPro/files/ThermoSysPro_ThermoSysPro.Examples.Book.PowerPlants.CombinedCyclePowerPlant.GasTurbineTrip.err,원시 변수명은 공개 빌드 로그로 확인. 임계값·지연·히스테리시스는 시연용 A-L 가정이며 현장 기준으로 교체 필요.,DCS2,Steam Cycle,P < PRE_EVENT_BASELINE * 0.9,PRE_EVENT_BASELINE_RATIO,0.9,ratio_to_baseline,VolumePreTHP.P,100,GT_TRIP_RAW_DATA_0.1s_0-40s.csv,0-10,CALIBRATED_MODEL_DIRECT,Direct model quantity and physical unit available
AL-0030,DCS2,HRSG,dcs2.csv,ABB_HRSG_BOP,HRSG,HP HRSG,HP Drum,M-V_DIRECT,TSP.DRUM.HP.LEVEL,BallonHP.zl,hp_drum_level_mm,HH,HP Drum 레벨 고고(HH),hp_drum_level_mm > 1250.000079 mm,ABSOLUTE_MODEL_LEVEL,1250.000079,mm,HIGH,2,20 mm,2,HIGH,주황,#FF9500,FALSE,TRUE,TRUE,NONE,TRUE,TRUE,A-L,THERMOSYSPRO_DIRECT_LEVEL_CALIBRATION,MODEL_LEVEL_VERIFIED_ABSOLUTE_THRESHOLD_CALIBRATED,READY_AFTER_M_TO_MM_ADAPTER,https://build.openmodelica.org/Documentation/ThermoSysPro.WaterSteam.Volumes.DynamicDrum.html,원시 변수명은 공개 빌드 로그로 확인. 임계값·지연·히스테리시스는 시연용 A-L 가정이며 현장 기준으로 교체 필요.,DCS2,HRSG,normalized_level(Vl) > 0.8,NORMALIZED_SPAN,0.8,fraction_of_span,BallonHP.zl,1050.000079,LOCAL_thermosyspro-raw.csv,0-50,CALIBRATED_MODEL_LEVEL_MM,Direct ThermoSysPro drum level converted from m to mm
AL-0031,DCS2,HRSG,dcs2.csv,ABB_HRSG_BOP,HRSG,HP HRSG,HP Drum,M-V_DIRECT,TSP.DRUM.HP.LEVEL,BallonHP.zl,hp_drum_level_mm,LL,HP Drum 레벨 저저(LL),hp_drum_level_mm < 850.000079 mm,ABSOLUTE_MODEL_LEVEL,850.000079,mm,LOW,2,20 mm,2,HIGH,주황,#FF9500,FALSE,TRUE,TRUE,NONE,TRUE,TRUE,A-L,THERMOSYSPRO_DIRECT_LEVEL_CALIBRATION,MODEL_LEVEL_VERIFIED_ABSOLUTE_THRESHOLD_CALIBRATED,READY_AFTER_M_TO_MM_ADAPTER,https://build.openmodelica.org/Documentation/ThermoSysPro.WaterSteam.Volumes.DynamicDrum.html,원시 변수명은 공개 빌드 로그로 확인. 임계값·지연·히스테리시스는 시연용 A-L 가정이며 현장 기준으로 교체 필요.,DCS2,HRSG,normalized_level(Vl) < 0.2,NORMALIZED_SPAN,0.2,fraction_of_span,BallonHP.zl,1050.000079,LOCAL_thermosyspro-raw.csv,0-50,CALIBRATED_MODEL_LEVEL_MM,Direct ThermoSysPro drum level converted from m to mm
AL-0032,DCS2,HRSG,dcs2.csv,ABB_HRSG_BOP,HRSG,HP HRSG,HP Drum,M-V_DIRECT,TSP.MV.HP_DRUM.TP,HP_Drum.Tp,Tp,HH,HP Drum 벽온도 고고(HH),HP_Drum.Tp > 689 K,ABSOLUTE_MODEL_VALUE,689,K,HIGH,3,13 K,2,HIGH,주황,#FF9500,FALSE,TRUE,TRUE,NONE,TRUE,TRUE,A-L,VIRTUAL_MODEL_PRETRIP_CALIBRATION,MODEL_SIGNAL_VERIFIED_ABSOLUTE_THRESHOLD_CALIBRATED,READY_ABSOLUTE_MODEL_VALUE,https://build.openmodelica.org/Documentation/ThermoSysPro.WaterSteam.Volumes.DynamicDrum.html,원시 변수명은 공개 빌드 로그로 확인. 임계값·지연·히스테리시스는 시연용 A-L 가정이며 현장 기준으로 교체 필요.,DCS2,HRSG,Tp > PRE_EVENT_BASELINE * 1.06,PRE_EVENT_BASELINE_RATIO,1.06,ratio_to_baseline,HP_Drum.Tp,650,GT_TRIP_RAW_DATA_0.1s_0-40s.csv,0-10,CALIBRATED_MODEL_DIRECT,Direct model quantity and physical unit available
AL-0033,DCS2,HRSG,dcs2.csv,ABB_HRSG_BOP,HRSG,HP HRSG,HP Drum,M-V_DIRECT,TSP.MV.HP_DRUM.P,HP_Drum.P,P,HH,HP Drum 압력 고고(HH),HP_Drum.P > 13200000 Pa,ABSOLUTE_MODEL_VALUE,13200000,Pa,HIGH,2,240000 Pa,2,HIGH,주황,#FF9500,FALSE,TRUE,TRUE,NONE,TRUE,TRUE,A-L,VIRTUAL_MODEL_PRETRIP_CALIBRATION,MODEL_SIGNAL_VERIFIED_ABSOLUTE_THRESHOLD_CALIBRATED,READY_ABSOLUTE_MODEL_VALUE,https://build.openmodelica.org/Documentation/ThermoSysPro.WaterSteam.Volumes.DynamicDrum.html,원시 변수명은 공개 빌드 로그로 확인. 임계값·지연·히스테리시스는 시연용 A-L 가정이며 현장 기준으로 교체 필요.,DCS2,HRSG,P > PRE_EVENT_BASELINE * 1.1,PRE_EVENT_BASELINE_RATIO,1.1,ratio_to_baseline,HP_Drum.P,12000000,GT_TRIP_RAW_DATA_0.1s_0-40s.csv,0-10,CALIBRATED_MODEL_DIRECT,Direct model quantity and physical unit available
AL-0034,DCS2,HRSG,dcs2.csv,ABB_HRSG_BOP,HRSG,HP HRSG,HP Drum,M-V_DIRECT,TSP.MV.HP_DRUM.P,HP_Drum.P,P,LL,HP Drum 압력 저저(LL),HP_Drum.P < 10800000 Pa,ABSOLUTE_MODEL_VALUE,10800000,Pa,LOW,2,240000 Pa,2,HIGH,주황,#FF9500,FALSE,TRUE,TRUE,NONE,TRUE,TRUE,A-L,VIRTUAL_MODEL_PRETRIP_CALIBRATION,MODEL_SIGNAL_VERIFIED_ABSOLUTE_THRESHOLD_CALIBRATED,READY_ABSOLUTE_MODEL_VALUE,https://build.openmodelica.org/Documentation/ThermoSysPro.WaterSteam.Volumes.DynamicDrum.html,원시 변수명은 공개 빌드 로그로 확인. 임계값·지연·히스테리시스는 시연용 A-L 가정이며 현장 기준으로 교체 필요.,DCS2,HRSG,P < PRE_EVENT_BASELINE * 0.9,PRE_EVENT_BASELINE_RATIO,0.9,ratio_to_baseline,HP_Drum.P,12000000,GT_TRIP_RAW_DATA_0.1s_0-40s.csv,0-10,CALIBRATED_MODEL_DIRECT,Direct model quantity and physical unit available
AL-0035,DCS2,HRSG,dcs2.csv,ABB_HRSG_BOP,HRSG,HP HRSG,HP Economizer 1 Cell 1,M-V_DIRECT,TSP.MV.HP_ECONOMIZER_1.WS.Q_1,HP_Economizer_1.TwoPhaseFlowPipe.Q[1],Q,LL,HP Economizer 1 Cell 1 유량 저저(LL),HP_Economizer_1.TwoPhaseFlowPipe.Q[1] < 50 kg/s,ABSOLUTE_MODEL_VALUE,50,kg/s,LOW,2,5 kg/s,2,HIGH,주황,#FF9500,FALSE,TRUE,TRUE,NONE,TRUE,TRUE,A-L,VIRTUAL_MODEL_PRETRIP_CALIBRATION,MODEL_SIGNAL_VERIFIED_ABSOLUTE_THRESHOLD_CALIBRATED,READY_ABSOLUTE_MODEL_VALUE,https://build.openmodelica.org/Documentation/ThermoSysPro.WaterSteam.HeatExchangers.DynamicTwoPhaseFlowPipe.html,원시 변수명은 공개 빌드 로그로 확인. 임계값·지연·히스테리시스는 시연용 A-L 가정이며 현장 기준으로 교체 필요.,DCS2,HRSG,Q < PRE_EVENT_BASELINE * 0.5,PRE_EVENT_BASELINE_RATIO,0.5,ratio_to_baseline,HP_Economizer_1.TwoPhaseFlowPipe.Q[1],100,GT_TRIP_RAW_DATA_0.1s_0-40s.csv,0-10,CALIBRATED_MODEL_DIRECT,Direct model quantity and physical unit available
AL-0036,DCS2,HRSG,dcs2.csv,ABB_HRSG_BOP,HRSG,HP HRSG,HP Economizer 1 Cell 2,M-V_DIRECT,TSP.MV.HP_ECONOMIZER_1.WS.P_2,HP_Economizer_1.TwoPhaseFlowPipe.P[2],P,HH,HP Economizer 1 Cell 2 압력 고고(HH),HP_Economizer_1.TwoPhaseFlowPipe.P[2] > 13200000 Pa,ABSOLUTE_MODEL_VALUE,13200000,Pa,HIGH,2,240000 Pa,2,HIGH,주황,#FF9500,FALSE,TRUE,TRUE,NONE,TRUE,TRUE,A-L,VIRTUAL_MODEL_PRETRIP_CALIBRATION,MODEL_SIGNAL_VERIFIED_ABSOLUTE_THRESHOLD_CALIBRATED,READY_ABSOLUTE_MODEL_VALUE,https://build.openmodelica.org/Documentation/ThermoSysPro.WaterSteam.HeatExchangers.DynamicTwoPhaseFlowPipe.html,원시 변수명은 공개 빌드 로그로 확인. 임계값·지연·히스테리시스는 시연용 A-L 가정이며 현장 기준으로 교체 필요.,DCS2,HRSG,P > PRE_EVENT_BASELINE * 1.1,PRE_EVENT_BASELINE_RATIO,1.1,ratio_to_baseline,HP_Economizer_1.TwoPhaseFlowPipe.P[2],12000000,GT_TRIP_RAW_DATA_0.1s_0-40s.csv,0-10,CALIBRATED_MODEL_DIRECT,Direct model quantity and physical unit available
AL-0037,DCS2,HRSG,dcs2.csv,ABB_HRSG_BOP,HRSG,HP HRSG,HP Economizer 1 Cell 2,M-V_DIRECT,TSP.MV.HP_ECONOMIZER_1.WS.P_2,HP_Economizer_1.TwoPhaseFlowPipe.P[2],P,LL,HP Economizer 1 Cell 2 압력 저저(LL),HP_Economizer_1.TwoPhaseFlowPipe.P[2] < 10800000 Pa,ABSOLUTE_MODEL_VALUE,10800000,Pa,LOW,2,240000 Pa,2,HIGH,주황,#FF9500,FALSE,TRUE,TRUE,NONE,TRUE,TRUE,A-L,VIRTUAL_MODEL_PRETRIP_CALIBRATION,MODEL_SIGNAL_VERIFIED_ABSOLUTE_THRESHOLD_CALIBRATED,READY_ABSOLUTE_MODEL_VALUE,https://build.openmodelica.org/Documentation/ThermoSysPro.WaterSteam.HeatExchangers.DynamicTwoPhaseFlowPipe.html,원시 변수명은 공개 빌드 로그로 확인. 임계값·지연·히스테리시스는 시연용 A-L 가정이며 현장 기준으로 교체 필요.,DCS2,HRSG,P < PRE_EVENT_BASELINE * 0.9,PRE_EVENT_BASELINE_RATIO,0.9,ratio_to_baseline,HP_Economizer_1.TwoPhaseFlowPipe.P[2],12000000,GT_TRIP_RAW_DATA_0.1s_0-40s.csv,0-10,CALIBRATED_MODEL_DIRECT,Direct model quantity and physical unit available
AL-0038,DCS2,HRSG,dcs2.csv,ABB_HRSG_BOP,HRSG,HP HRSG,HP Economizer 1 Cell 2,M-V_DIRECT,TSP.MV.HP_ECONOMIZER_1.WS.Q_2,HP_Economizer_1.TwoPhaseFlowPipe.Q[2],Q,LL,HP Economizer 1 Cell 2 유량 저저(LL),HP_Economizer_1.TwoPhaseFlowPipe.Q[2] < 50 kg/s,ABSOLUTE_MODEL_VALUE,50,kg/s,LOW,2,5 kg/s,2,HIGH,주황,#FF9500,FALSE,TRUE,TRUE,NONE,TRUE,TRUE,A-L,VIRTUAL_MODEL_PRETRIP_CALIBRATION,MODEL_SIGNAL_VERIFIED_ABSOLUTE_THRESHOLD_CALIBRATED,READY_ABSOLUTE_MODEL_VALUE,https://build.openmodelica.org/Documentation/ThermoSysPro.WaterSteam.HeatExchangers.DynamicTwoPhaseFlowPipe.html,원시 변수명은 공개 빌드 로그로 확인. 임계값·지연·히스테리시스는 시연용 A-L 가정이며 현장 기준으로 교체 필요.,DCS2,HRSG,Q < PRE_EVENT_BASELINE * 0.5,PRE_EVENT_BASELINE_RATIO,0.5,ratio_to_baseline,HP_Economizer_1.TwoPhaseFlowPipe.Q[2],100,GT_TRIP_RAW_DATA_0.1s_0-40s.csv,0-10,CALIBRATED_MODEL_DIRECT,Direct model quantity and physical unit available
AL-0039,DCS2,HRSG,dcs2.csv,ABB_HRSG_BOP,HRSG,HP HRSG,HP Economizer 1 Cell 2,M-V_CALCULATED,TSP.MV.HP_ECONOMIZER_1.WS.P_2;TSP.MV.HP_ECONOMIZER_1.WS.H_2,HP_Economizer_1.TwoPhaseFlowPipe.P[2];HP_Economizer_1.TwoPhaseFlowPipe.h[2],"T_ph(P,h)",HH,HP Economizer 1 Cell 2 유체온도 고고(HH),DISABLED_UNTIL_ABSOLUTE_PHYSICAL_SIGNAL_AVAILABLE,ABSOLUTE_VALUE_PENDING,,,HIGH,2,0.02 ratio,2,HIGH,주황,#FF9500,FALSE,TRUE,TRUE,NONE,FALSE,TRUE,A-L,THERMOSYSPRO_MODEL+ASSUMED_LOGIC,ABSOLUTE_PHYSICAL_VALUE_NOT_AVAILABLE,DISABLED_PENDING_PHYSICAL_OUTPUT,https://build.openmodelica.org/Documentation/ThermoSysPro.WaterSteam.HeatExchangers.DynamicTwoPhaseFlowPipe.html,원시 변수명은 공개 빌드 로그로 확인. 임계값·지연·히스테리시스는 시연용 A-L 가정이며 현장 기준으로 교체 필요.,DCS2,HRSG,"T_ph(P,h) > PRE_EVENT_BASELINE * 1.06",PRE_EVENT_BASELINE_RATIO,1.06,ratio_to_baseline,,,,,DEFERRED_PROPERTY_CALCULATION,P/h property output must be exported and calculated in physical units
AL-0040,DCS2,HRSG,dcs2.csv,ABB_HRSG_BOP,HRSG,HP HRSG,HP Economizer 1 Cell 2,M-V_CALCULATED,TSP.MV.HP_ECONOMIZER_1.WS.P_2;TSP.MV.HP_ECONOMIZER_1.WS.H_2,HP_Economizer_1.TwoPhaseFlowPipe.P[2];HP_Economizer_1.TwoPhaseFlowPipe.h[2],"T_ph(P,h)",LL,HP Economizer 1 Cell 2 유체온도 저저(LL),DISABLED_UNTIL_ABSOLUTE_PHYSICAL_SIGNAL_AVAILABLE,ABSOLUTE_VALUE_PENDING,,,LOW,2,0.02 ratio,2,HIGH,주황,#FF9500,FALSE,TRUE,TRUE,NONE,FALSE,TRUE,A-L,THERMOSYSPRO_MODEL+ASSUMED_LOGIC,ABSOLUTE_PHYSICAL_VALUE_NOT_AVAILABLE,DISABLED_PENDING_PHYSICAL_OUTPUT,https://build.openmodelica.org/Documentation/ThermoSysPro.WaterSteam.HeatExchangers.DynamicTwoPhaseFlowPipe.html,원시 변수명은 공개 빌드 로그로 확인. 임계값·지연·히스테리시스는 시연용 A-L 가정이며 현장 기준으로 교체 필요.,DCS2,HRSG,"T_ph(P,h) < PRE_EVENT_BASELINE * 0.94",PRE_EVENT_BASELINE_RATIO,0.94,ratio_to_baseline,,,,,DEFERRED_PROPERTY_CALCULATION,P/h property output must be exported and calculated in physical units
AL-0041,DCS2,HRSG,dcs2.csv,ABB_HRSG_BOP,HRSG,HP HRSG,HP Economizer 1 Cell 3,M-V_DIRECT,TSP.MV.HP_ECONOMIZER_1.WS.P_3,HP_Economizer_1.TwoPhaseFlowPipe.P[3],P,HH,HP Economizer 1 Cell 3 압력 고고(HH),HP_Economizer_1.TwoPhaseFlowPipe.P[3] > 13200000 Pa,ABSOLUTE_MODEL_VALUE,13200000,Pa,HIGH,2,240000 Pa,2,HIGH,주황,#FF9500,FALSE,TRUE,TRUE,NONE,TRUE,TRUE,A-L,VIRTUAL_MODEL_PRETRIP_CALIBRATION,MODEL_SIGNAL_VERIFIED_ABSOLUTE_THRESHOLD_CALIBRATED,READY_ABSOLUTE_MODEL_VALUE,https://build.openmodelica.org/Documentation/ThermoSysPro.WaterSteam.HeatExchangers.DynamicTwoPhaseFlowPipe.html,원시 변수명은 공개 빌드 로그로 확인. 임계값·지연·히스테리시스는 시연용 A-L 가정이며 현장 기준으로 교체 필요.,DCS2,HRSG,P > PRE_EVENT_BASELINE * 1.1,PRE_EVENT_BASELINE_RATIO,1.1,ratio_to_baseline,HP_Economizer_1.TwoPhaseFlowPipe.P[3],12000000,GT_TRIP_RAW_DATA_0.1s_0-40s.csv,0-10,CALIBRATED_MODEL_DIRECT,Direct model quantity and physical unit available
AL-0042,DCS2,HRSG,dcs2.csv,ABB_HRSG_BOP,HRSG,HP HRSG,HP Economizer 1 Cell 3,M-V_DIRECT,TSP.MV.HP_ECONOMIZER_1.WS.P_3,HP_Economizer_1.TwoPhaseFlowPipe.P[3],P,LL,HP Economizer 1 Cell 3 압력 저저(LL),HP_Economizer_1.TwoPhaseFlowPipe.P[3] < 10800000 Pa,ABSOLUTE_MODEL_VALUE,10800000,Pa,LOW,2,240000 Pa,2,HIGH,주황,#FF9500,FALSE,TRUE,TRUE,NONE,TRUE,TRUE,A-L,VIRTUAL_MODEL_PRETRIP_CALIBRATION,MODEL_SIGNAL_VERIFIED_ABSOLUTE_THRESHOLD_CALIBRATED,READY_ABSOLUTE_MODEL_VALUE,https://build.openmodelica.org/Documentation/ThermoSysPro.WaterSteam.HeatExchangers.DynamicTwoPhaseFlowPipe.html,원시 변수명은 공개 빌드 로그로 확인. 임계값·지연·히스테리시스는 시연용 A-L 가정이며 현장 기준으로 교체 필요.,DCS2,HRSG,P < PRE_EVENT_BASELINE * 0.9,PRE_EVENT_BASELINE_RATIO,0.9,ratio_to_baseline,HP_Economizer_1.TwoPhaseFlowPipe.P[3],12000000,GT_TRIP_RAW_DATA_0.1s_0-40s.csv,0-10,CALIBRATED_MODEL_DIRECT,Direct model quantity and physical unit available
AL-0043,DCS2,HRSG,dcs2.csv,ABB_HRSG_BOP,HRSG,HP HRSG,HP Economizer 1 Cell 3,M-V_DIRECT,TSP.MV.HP_ECONOMIZER_1.WS.Q_3,HP_Economizer_1.TwoPhaseFlowPipe.Q[3],Q,LL,HP Economizer 1 Cell 3 유량 저저(LL),HP_Economizer_1.TwoPhaseFlowPipe.Q[3] < 50 kg/s,ABSOLUTE_MODEL_VALUE,50,kg/s,LOW,2,5 kg/s,2,HIGH,주황,#FF9500,FALSE,TRUE,TRUE,NONE,TRUE,TRUE,A-L,VIRTUAL_MODEL_PRETRIP_CALIBRATION,MODEL_SIGNAL_VERIFIED_ABSOLUTE_THRESHOLD_CALIBRATED,READY_ABSOLUTE_MODEL_VALUE,https://build.openmodelica.org/Documentation/ThermoSysPro.WaterSteam.HeatExchangers.DynamicTwoPhaseFlowPipe.html,원시 변수명은 공개 빌드 로그로 확인. 임계값·지연·히스테리시스는 시연용 A-L 가정이며 현장 기준으로 교체 필요.,DCS2,HRSG,Q < PRE_EVENT_BASELINE * 0.5,PRE_EVENT_BASELINE_RATIO,0.5,ratio_to_baseline,HP_Economizer_1.TwoPhaseFlowPipe.Q[3],100,GT_TRIP_RAW_DATA_0.1s_0-40s.csv,0-10,CALIBRATED_MODEL_DIRECT,Direct model quantity and physical unit available
AL-0044,DCS2,HRSG,dcs2.csv,ABB_HRSG_BOP,HRSG,HP HRSG,HP Economizer 1 Cell 3,M-V_CALCULATED,TSP.MV.HP_ECONOMIZER_1.WS.P_3;TSP.MV.HP_ECONOMIZER_1.WS.H_3,HP_Economizer_1.TwoPhaseFlowPipe.P[3];HP_Economizer_1.TwoPhaseFlowPipe.h[3],"T_ph(P,h)",HH,HP Economizer 1 Cell 3 유체온도 고고(HH),DISABLED_UNTIL_ABSOLUTE_PHYSICAL_SIGNAL_AVAILABLE,ABSOLUTE_VALUE_PENDING,,,HIGH,2,0.02 ratio,2,HIGH,주황,#FF9500,FALSE,TRUE,TRUE,NONE,FALSE,TRUE,A-L,THERMOSYSPRO_MODEL+ASSUMED_LOGIC,ABSOLUTE_PHYSICAL_VALUE_NOT_AVAILABLE,DISABLED_PENDING_PHYSICAL_OUTPUT,https://build.openmodelica.org/Documentation/ThermoSysPro.WaterSteam.HeatExchangers.DynamicTwoPhaseFlowPipe.html,원시 변수명은 공개 빌드 로그로 확인. 임계값·지연·히스테리시스는 시연용 A-L 가정이며 현장 기준으로 교체 필요.,DCS2,HRSG,"T_ph(P,h) > PRE_EVENT_BASELINE * 1.06",PRE_EVENT_BASELINE_RATIO,1.06,ratio_to_baseline,,,,,DEFERRED_PROPERTY_CALCULATION,P/h property output must be exported and calculated in physical units
AL-0045,DCS2,HRSG,dcs2.csv,ABB_HRSG_BOP,HRSG,HP HRSG,HP Economizer 1 Cell 3,M-V_CALCULATED,TSP.MV.HP_ECONOMIZER_1.WS.P_3;TSP.MV.HP_ECONOMIZER_1.WS.H_3,HP_Economizer_1.TwoPhaseFlowPipe.P[3];HP_Economizer_1.TwoPhaseFlowPipe.h[3],"T_ph(P,h)",LL,HP Economizer 1 Cell 3 유체온도 저저(LL),DISABLED_UNTIL_ABSOLUTE_PHYSICAL_SIGNAL_AVAILABLE,ABSOLUTE_VALUE_PENDING,,,LOW,2,0.02 ratio,2,HIGH,주황,#FF9500,FALSE,TRUE,TRUE,NONE,FALSE,TRUE,A-L,THERMOSYSPRO_MODEL+ASSUMED_LOGIC,ABSOLUTE_PHYSICAL_VALUE_NOT_AVAILABLE,DISABLED_PENDING_PHYSICAL_OUTPUT,https://build.openmodelica.org/Documentation/ThermoSysPro.WaterSteam.HeatExchangers.DynamicTwoPhaseFlowPipe.html,원시 변수명은 공개 빌드 로그로 확인. 임계값·지연·히스테리시스는 시연용 A-L 가정이며 현장 기준으로 교체 필요.,DCS2,HRSG,"T_ph(P,h) < PRE_EVENT_BASELINE * 0.94",PRE_EVENT_BASELINE_RATIO,0.94,ratio_to_baseline,,,,,DEFERRED_PROPERTY_CALCULATION,P/h property output must be exported and calculated in physical units
AL-0046,DCS2,HRSG,dcs2.csv,ABB_HRSG_BOP,HRSG,HP HRSG,HP Economizer 1 Cell 4,M-V_DIRECT,TSP.MV.HP_ECONOMIZER_1.WS.P_4,HP_Economizer_1.TwoPhaseFlowPipe.P[4],P,HH,HP Economizer 1 Cell 4 압력 고고(HH),HP_Economizer_1.TwoPhaseFlowPipe.P[4] > 13200000 Pa,ABSOLUTE_MODEL_VALUE,13200000,Pa,HIGH,2,240000 Pa,2,HIGH,주황,#FF9500,FALSE,TRUE,TRUE,NONE,TRUE,TRUE,A-L,VIRTUAL_MODEL_PRETRIP_CALIBRATION,MODEL_SIGNAL_VERIFIED_ABSOLUTE_THRESHOLD_CALIBRATED,READY_ABSOLUTE_MODEL_VALUE,https://build.openmodelica.org/Documentation/ThermoSysPro.WaterSteam.HeatExchangers.DynamicTwoPhaseFlowPipe.html,원시 변수명은 공개 빌드 로그로 확인. 임계값·지연·히스테리시스는 시연용 A-L 가정이며 현장 기준으로 교체 필요.,DCS2,HRSG,P > PRE_EVENT_BASELINE * 1.1,PRE_EVENT_BASELINE_RATIO,1.1,ratio_to_baseline,HP_Economizer_1.TwoPhaseFlowPipe.P[4],12000000,GT_TRIP_RAW_DATA_0.1s_0-40s.csv,0-10,CALIBRATED_MODEL_DIRECT,Direct model quantity and physical unit available
AL-0047,DCS2,HRSG,dcs2.csv,ABB_HRSG_BOP,HRSG,HP HRSG,HP Economizer 1 Cell 4,M-V_DIRECT,TSP.MV.HP_ECONOMIZER_1.WS.P_4,HP_Economizer_1.TwoPhaseFlowPipe.P[4],P,LL,HP Economizer 1 Cell 4 압력 저저(LL),HP_Economizer_1.TwoPhaseFlowPipe.P[4] < 10800000 Pa,ABSOLUTE_MODEL_VALUE,10800000,Pa,LOW,2,240000 Pa,2,HIGH,주황,#FF9500,FALSE,TRUE,TRUE,NONE,TRUE,TRUE,A-L,VIRTUAL_MODEL_PRETRIP_CALIBRATION,MODEL_SIGNAL_VERIFIED_ABSOLUTE_THRESHOLD_CALIBRATED,READY_ABSOLUTE_MODEL_VALUE,https://build.openmodelica.org/Documentation/ThermoSysPro.WaterSteam.HeatExchangers.DynamicTwoPhaseFlowPipe.html,원시 변수명은 공개 빌드 로그로 확인. 임계값·지연·히스테리시스는 시연용 A-L 가정이며 현장 기준으로 교체 필요.,DCS2,HRSG,P < PRE_EVENT_BASELINE * 0.9,PRE_EVENT_BASELINE_RATIO,0.9,ratio_to_baseline,HP_Economizer_1.TwoPhaseFlowPipe.P[4],12000000,GT_TRIP_RAW_DATA_0.1s_0-40s.csv,0-10,CALIBRATED_MODEL_DIRECT,Direct model quantity and physical unit available
AL-0048,DCS2,HRSG,dcs2.csv,ABB_HRSG_BOP,HRSG,HP HRSG,HP Economizer 1 Cell 4,M-V_DIRECT,TSP.MV.HP_ECONOMIZER_1.WS.Q_4,HP_Economizer_1.TwoPhaseFlowPipe.Q[4],Q,LL,HP Economizer 1 Cell 4 유량 저저(LL),HP_Economizer_1.TwoPhaseFlowPipe.Q[4] < 50 kg/s,ABSOLUTE_MODEL_VALUE,50,kg/s,LOW,2,5 kg/s,2,HIGH,주황,#FF9500,FALSE,TRUE,TRUE,NONE,TRUE,TRUE,A-L,VIRTUAL_MODEL_PRETRIP_CALIBRATION,MODEL_SIGNAL_VERIFIED_ABSOLUTE_THRESHOLD_CALIBRATED,READY_ABSOLUTE_MODEL_VALUE,https://build.openmodelica.org/Documentation/ThermoSysPro.WaterSteam.HeatExchangers.DynamicTwoPhaseFlowPipe.html,원시 변수명은 공개 빌드 로그로 확인. 임계값·지연·히스테리시스는 시연용 A-L 가정이며 현장 기준으로 교체 필요.,DCS2,HRSG,Q < PRE_EVENT_BASELINE * 0.5,PRE_EVENT_BASELINE_RATIO,0.5,ratio_to_baseline,HP_Economizer_1.TwoPhaseFlowPipe.Q[4],100,GT_TRIP_RAW_DATA_0.1s_0-40s.csv,0-10,CALIBRATED_MODEL_DIRECT,Direct model quantity and physical unit available
AL-0049,DCS2,HRSG,dcs2.csv,ABB_HRSG_BOP,HRSG,HP HRSG,HP Economizer 1 Cell 4,M-V_CALCULATED,TSP.MV.HP_ECONOMIZER_1.WS.P_4;TSP.MV.HP_ECONOMIZER_1.WS.H_4,HP_Economizer_1.TwoPhaseFlowPipe.P[4];HP_Economizer_1.TwoPhaseFlowPipe.h[4],"T_ph(P,h)",HH,HP Economizer 1 Cell 4 유체온도 고고(HH),DISABLED_UNTIL_ABSOLUTE_PHYSICAL_SIGNAL_AVAILABLE,ABSOLUTE_VALUE_PENDING,,,HIGH,2,0.02 ratio,2,HIGH,주황,#FF9500,FALSE,TRUE,TRUE,NONE,FALSE,TRUE,A-L,THERMOSYSPRO_MODEL+ASSUMED_LOGIC,ABSOLUTE_PHYSICAL_VALUE_NOT_AVAILABLE,DISABLED_PENDING_PHYSICAL_OUTPUT,https://build.openmodelica.org/Documentation/ThermoSysPro.WaterSteam.HeatExchangers.DynamicTwoPhaseFlowPipe.html,원시 변수명은 공개 빌드 로그로 확인. 임계값·지연·히스테리시스는 시연용 A-L 가정이며 현장 기준으로 교체 필요.,DCS2,HRSG,"T_ph(P,h) > PRE_EVENT_BASELINE * 1.06",PRE_EVENT_BASELINE_RATIO,1.06,ratio_to_baseline,,,,,DEFERRED_PROPERTY_CALCULATION,P/h property output must be exported and calculated in physical units
AL-0050,DCS2,HRSG,dcs2.csv,ABB_HRSG_BOP,HRSG,HP HRSG,HP Economizer 1 Cell 4,M-V_CALCULATED,TSP.MV.HP_ECONOMIZER_1.WS.P_4;TSP.MV.HP_ECONOMIZER_1.WS.H_4,HP_Economizer_1.TwoPhaseFlowPipe.P[4];HP_Economizer_1.TwoPhaseFlowPipe.h[4],"T_ph(P,h)",LL,HP Economizer 1 Cell 4 유체온도 저저(LL),DISABLED_UNTIL_ABSOLUTE_PHYSICAL_SIGNAL_AVAILABLE,ABSOLUTE_VALUE_PENDING,,,LOW,2,0.02 ratio,2,HIGH,주황,#FF9500,FALSE,TRUE,TRUE,NONE,FALSE,TRUE,A-L,THERMOSYSPRO_MODEL+ASSUMED_LOGIC,ABSOLUTE_PHYSICAL_VALUE_NOT_AVAILABLE,DISABLED_PENDING_PHYSICAL_OUTPUT,https://build.openmodelica.org/Documentation/ThermoSysPro.WaterSteam.HeatExchangers.DynamicTwoPhaseFlowPipe.html,원시 변수명은 공개 빌드 로그로 확인. 임계값·지연·히스테리시스는 시연용 A-L 가정이며 현장 기준으로 교체 필요.,DCS2,HRSG,"T_ph(P,h) < PRE_EVENT_BASELINE * 0.94",PRE_EVENT_BASELINE_RATIO,0.94,ratio_to_baseline,,,,,DEFERRED_PROPERTY_CALCULATION,P/h property output must be exported and calculated in physical units
AL-0051,DCS2,HRSG,dcs2.csv,ABB_HRSG_BOP,HRSG,HP HRSG,HP Economizer 1 Wall 1,M-V_DIRECT,TSP.MV.HP_ECONOMIZER_1.WALL.TP_1,HP_Economizer_1.ExchangerWall.Tp[1],Tp,HH,HP Economizer 1 Wall 1 벽온도 고고(HH),HP_Economizer_1.ExchangerWall.Tp[1] > 689 K,ABSOLUTE_MODEL_VALUE,689,K,HIGH,3,13 K,2,HIGH,주황,#FF9500,FALSE,TRUE,TRUE,NONE,TRUE,TRUE,A-L,VIRTUAL_MODEL_PRETRIP_CALIBRATION,MODEL_SIGNAL_VERIFIED_ABSOLUTE_THRESHOLD_CALIBRATED,READY_ABSOLUTE_MODEL_VALUE,https://build.openmodelica.org/Documentation/ThermoSysPro.WaterSteam.HeatExchangers.DynamicTwoPhaseFlowPipe.html,원시 변수명은 공개 빌드 로그로 확인. 임계값·지연·히스테리시스는 시연용 A-L 가정이며 현장 기준으로 교체 필요.,DCS2,HRSG,Tp > PRE_EVENT_BASELINE * 1.06,PRE_EVENT_BASELINE_RATIO,1.06,ratio_to_baseline,HP_Economizer_1.ExchangerWall.Tp[1],650,GT_TRIP_RAW_DATA_0.1s_0-40s.csv,0-10,CALIBRATED_MODEL_DIRECT,Direct model quantity and physical unit available
AL-0052,DCS2,HRSG,dcs2.csv,ABB_HRSG_BOP,HRSG,HP HRSG,HP Economizer 1 Wall 2,M-V_DIRECT,TSP.MV.HP_ECONOMIZER_1.WALL.TP_2,HP_Economizer_1.ExchangerWall.Tp[2],Tp,HH,HP Economizer 1 Wall 2 벽온도 고고(HH),HP_Economizer_1.ExchangerWall.Tp[2] > 689 K,ABSOLUTE_MODEL_VALUE,689,K,HIGH,3,13 K,2,HIGH,주황,#FF9500,FALSE,TRUE,TRUE,NONE,TRUE,TRUE,A-L,VIRTUAL_MODEL_PRETRIP_CALIBRATION,MODEL_SIGNAL_VERIFIED_ABSOLUTE_THRESHOLD_CALIBRATED,READY_ABSOLUTE_MODEL_VALUE,https://build.openmodelica.org/Documentation/ThermoSysPro.WaterSteam.HeatExchangers.DynamicTwoPhaseFlowPipe.html,원시 변수명은 공개 빌드 로그로 확인. 임계값·지연·히스테리시스는 시연용 A-L 가정이며 현장 기준으로 교체 필요.,DCS2,HRSG,Tp > PRE_EVENT_BASELINE * 1.06,PRE_EVENT_BASELINE_RATIO,1.06,ratio_to_baseline,HP_Economizer_1.ExchangerWall.Tp[2],650,GT_TRIP_RAW_DATA_0.1s_0-40s.csv,0-10,CALIBRATED_MODEL_DIRECT,Direct model quantity and physical unit available
AL-0053,DCS2,HRSG,dcs2.csv,ABB_HRSG_BOP,HRSG,HP HRSG,HP Economizer 1 Wall 3,M-V_DIRECT,TSP.MV.HP_ECONOMIZER_1.WALL.TP_3,HP_Economizer_1.ExchangerWall.Tp[3],Tp,HH,HP Economizer 1 Wall 3 벽온도 고고(HH),HP_Economizer_1.ExchangerWall.Tp[3] > 689 K,ABSOLUTE_MODEL_VALUE,689,K,HIGH,3,13 K,2,HIGH,주황,#FF9500,FALSE,TRUE,TRUE,NONE,TRUE,TRUE,A-L,VIRTUAL_MODEL_PRETRIP_CALIBRATION,MODEL_SIGNAL_VERIFIED_ABSOLUTE_THRESHOLD_CALIBRATED,READY_ABSOLUTE_MODEL_VALUE,https://build.openmodelica.org/Documentation/ThermoSysPro.WaterSteam.HeatExchangers.DynamicTwoPhaseFlowPipe.html,원시 변수명은 공개 빌드 로그로 확인. 임계값·지연·히스테리시스는 시연용 A-L 가정이며 현장 기준으로 교체 필요.,DCS2,HRSG,Tp > PRE_EVENT_BASELINE * 1.06,PRE_EVENT_BASELINE_RATIO,1.06,ratio_to_baseline,HP_Economizer_1.ExchangerWall.Tp[3],650,GT_TRIP_RAW_DATA_0.1s_0-40s.csv,0-10,CALIBRATED_MODEL_DIRECT,Direct model quantity and physical unit available
AL-0054,DCS2,HRSG,dcs2.csv,ABB_HRSG_BOP,HRSG,HP HRSG,HP Economizer 2 Cell 1,M-V_DIRECT,TSP.MV.HP_ECONOMIZER_2.WS.Q_1,HP_Economizer_2.TwoPhaseFlowPipe.Q[1],Q,LL,HP Economizer 2 Cell 1 유량 저저(LL),HP_Economizer_2.TwoPhaseFlowPipe.Q[1] < 50 kg/s,ABSOLUTE_MODEL_VALUE,50,kg/s,LOW,2,5 kg/s,2,HIGH,주황,#FF9500,FALSE,TRUE,TRUE,NONE,TRUE,TRUE,A-L,VIRTUAL_MODEL_PRETRIP_CALIBRATION,MODEL_SIGNAL_VERIFIED_ABSOLUTE_THRESHOLD_CALIBRATED,READY_ABSOLUTE_MODEL_VALUE,https://build.openmodelica.org/Documentation/ThermoSysPro.WaterSteam.HeatExchangers.DynamicTwoPhaseFlowPipe.html,원시 변수명은 공개 빌드 로그로 확인. 임계값·지연·히스테리시스는 시연용 A-L 가정이며 현장 기준으로 교체 필요.,DCS2,HRSG,Q < PRE_EVENT_BASELINE * 0.5,PRE_EVENT_BASELINE_RATIO,0.5,ratio_to_baseline,HP_Economizer_2.TwoPhaseFlowPipe.Q[1],100,GT_TRIP_RAW_DATA_0.1s_0-40s.csv,0-10,CALIBRATED_MODEL_DIRECT,Direct model quantity and physical unit available
AL-0055,DCS2,HRSG,dcs2.csv,ABB_HRSG_BOP,HRSG,HP HRSG,HP Economizer 2 Cell 2,M-V_DIRECT,TSP.MV.HP_ECONOMIZER_2.WS.P_2,HP_Economizer_2.TwoPhaseFlowPipe.P[2],P,HH,HP Economizer 2 Cell 2 압력 고고(HH),HP_Economizer_2.TwoPhaseFlowPipe.P[2] > 110 Pa,ABSOLUTE_MODEL_VALUE,110,Pa,HIGH,2,2 Pa,2,HIGH,주황,#FF9500,FALSE,TRUE,TRUE,NONE,TRUE,TRUE,A-L,VIRTUAL_MODEL_PRETRIP_CALIBRATION,MODEL_SIGNAL_VERIFIED_ABSOLUTE_THRESHOLD_CALIBRATED,READY_ABSOLUTE_MODEL_VALUE,https://build.openmodelica.org/Documentation/ThermoSysPro.WaterSteam.HeatExchangers.DynamicTwoPhaseFlowPipe.html,원시 변수명은 공개 빌드 로그로 확인. 임계값·지연·히스테리시스는 시연용 A-L 가정이며 현장 기준으로 교체 필요.,DCS2,HRSG,P > PRE_EVENT_BASELINE * 1.1,PRE_EVENT_BASELINE_RATIO,1.1,ratio_to_baseline,HP_Economizer_2.TwoPhaseFlowPipe.P[2],100,GT_TRIP_RAW_DATA_0.1s_0-40s.csv,0-10,CALIBRATED_MODEL_DIRECT,Direct model quantity and physical unit available
AL-0056,DCS2,HRSG,dcs2.csv,ABB_HRSG_BOP,HRSG,HP HRSG,HP Economizer 2 Cell 2,M-V_DIRECT,TSP.MV.HP_ECONOMIZER_2.WS.P_2,HP_Economizer_2.TwoPhaseFlowPipe.P[2],P,LL,HP Economizer 2 Cell 2 압력 저저(LL),HP_Economizer_2.TwoPhaseFlowPipe.P[2] < 90 Pa,ABSOLUTE_MODEL_VALUE,90,Pa,LOW,2,2 Pa,2,HIGH,주황,#FF9500,FALSE,TRUE,TRUE,NONE,TRUE,TRUE,A-L,VIRTUAL_MODEL_PRETRIP_CALIBRATION,MODEL_SIGNAL_VERIFIED_ABSOLUTE_THRESHOLD_CALIBRATED,READY_ABSOLUTE_MODEL_VALUE,https://build.openmodelica.org/Documentation/ThermoSysPro.WaterSteam.HeatExchangers.DynamicTwoPhaseFlowPipe.html,원시 변수명은 공개 빌드 로그로 확인. 임계값·지연·히스테리시스는 시연용 A-L 가정이며 현장 기준으로 교체 필요.,DCS2,HRSG,P < PRE_EVENT_BASELINE * 0.9,PRE_EVENT_BASELINE_RATIO,0.9,ratio_to_baseline,HP_Economizer_2.TwoPhaseFlowPipe.P[2],100,GT_TRIP_RAW_DATA_0.1s_0-40s.csv,0-10,CALIBRATED_MODEL_DIRECT,Direct model quantity and physical unit available
AL-0057,DCS2,HRSG,dcs2.csv,ABB_HRSG_BOP,HRSG,HP HRSG,HP Economizer 2 Cell 2,M-V_DIRECT,TSP.MV.HP_ECONOMIZER_2.WS.Q_2,HP_Economizer_2.TwoPhaseFlowPipe.Q[2],Q,LL,HP Economizer 2 Cell 2 유량 저저(LL),HP_Economizer_2.TwoPhaseFlowPipe.Q[2] < 50 kg/s,ABSOLUTE_MODEL_VALUE,50,kg/s,LOW,2,5 kg/s,2,HIGH,주황,#FF9500,FALSE,TRUE,TRUE,NONE,TRUE,TRUE,A-L,VIRTUAL_MODEL_PRETRIP_CALIBRATION,MODEL_SIGNAL_VERIFIED_ABSOLUTE_THRESHOLD_CALIBRATED,READY_ABSOLUTE_MODEL_VALUE,https://build.openmodelica.org/Documentation/ThermoSysPro.WaterSteam.HeatExchangers.DynamicTwoPhaseFlowPipe.html,원시 변수명은 공개 빌드 로그로 확인. 임계값·지연·히스테리시스는 시연용 A-L 가정이며 현장 기준으로 교체 필요.,DCS2,HRSG,Q < PRE_EVENT_BASELINE * 0.5,PRE_EVENT_BASELINE_RATIO,0.5,ratio_to_baseline,HP_Economizer_2.TwoPhaseFlowPipe.Q[2],100,GT_TRIP_RAW_DATA_0.1s_0-40s.csv,0-10,CALIBRATED_MODEL_DIRECT,Direct model quantity and physical unit available
AL-0058,DCS2,HRSG,dcs2.csv,ABB_HRSG_BOP,HRSG,HP HRSG,HP Economizer 2 Cell 2,M-V_CALCULATED,TSP.MV.HP_ECONOMIZER_2.WS.P_2;TSP.MV.HP_ECONOMIZER_2.WS.H_2,HP_Economizer_2.TwoPhaseFlowPipe.P[2];HP_Economizer_2.TwoPhaseFlowPipe.h[2],"T_ph(P,h)",HH,HP Economizer 2 Cell 2 유체온도 고고(HH),DISABLED_UNTIL_ABSOLUTE_PHYSICAL_SIGNAL_AVAILABLE,ABSOLUTE_VALUE_PENDING,,,HIGH,2,0.02 ratio,2,HIGH,주황,#FF9500,FALSE,TRUE,TRUE,NONE,FALSE,TRUE,A-L,THERMOSYSPRO_MODEL+ASSUMED_LOGIC,ABSOLUTE_PHYSICAL_VALUE_NOT_AVAILABLE,DISABLED_PENDING_PHYSICAL_OUTPUT,https://build.openmodelica.org/Documentation/ThermoSysPro.WaterSteam.HeatExchangers.DynamicTwoPhaseFlowPipe.html,원시 변수명은 공개 빌드 로그로 확인. 임계값·지연·히스테리시스는 시연용 A-L 가정이며 현장 기준으로 교체 필요.,DCS2,HRSG,"T_ph(P,h) > PRE_EVENT_BASELINE * 1.06",PRE_EVENT_BASELINE_RATIO,1.06,ratio_to_baseline,,,,,DEFERRED_PROPERTY_CALCULATION,P/h property output must be exported and calculated in physical units
AL-0059,DCS2,HRSG,dcs2.csv,ABB_HRSG_BOP,HRSG,HP HRSG,HP Economizer 2 Cell 2,M-V_CALCULATED,TSP.MV.HP_ECONOMIZER_2.WS.P_2;TSP.MV.HP_ECONOMIZER_2.WS.H_2,HP_Economizer_2.TwoPhaseFlowPipe.P[2];HP_Economizer_2.TwoPhaseFlowPipe.h[2],"T_ph(P,h)",LL,HP Economizer 2 Cell 2 유체온도 저저(LL),DISABLED_UNTIL_ABSOLUTE_PHYSICAL_SIGNAL_AVAILABLE,ABSOLUTE_VALUE_PENDING,,,LOW,2,0.02 ratio,2,HIGH,주황,#FF9500,FALSE,TRUE,TRUE,NONE,FALSE,TRUE,A-L,THERMOSYSPRO_MODEL+ASSUMED_LOGIC,ABSOLUTE_PHYSICAL_VALUE_NOT_AVAILABLE,DISABLED_PENDING_PHYSICAL_OUTPUT,https://build.openmodelica.org/Documentation/ThermoSysPro.WaterSteam.HeatExchangers.DynamicTwoPhaseFlowPipe.html,원시 변수명은 공개 빌드 로그로 확인. 임계값·지연·히스테리시스는 시연용 A-L 가정이며 현장 기준으로 교체 필요.,DCS2,HRSG,"T_ph(P,h) < PRE_EVENT_BASELINE * 0.94",PRE_EVENT_BASELINE_RATIO,0.94,ratio_to_baseline,,,,,DEFERRED_PROPERTY_CALCULATION,P/h property output must be exported and calculated in physical units
AL-0060,DCS2,HRSG,dcs2.csv,ABB_HRSG_BOP,HRSG,HP HRSG,HP Economizer 2 Cell 3,M-V_DIRECT,TSP.MV.HP_ECONOMIZER_2.WS.P_3,HP_Economizer_2.TwoPhaseFlowPipe.P[3],P,HH,HP Economizer 2 Cell 3 압력 고고(HH),HP_Economizer_2.TwoPhaseFlowPipe.P[3] > 110 Pa,ABSOLUTE_MODEL_VALUE,110,Pa,HIGH,2,2 Pa,2,HIGH,주황,#FF9500,FALSE,TRUE,TRUE,NONE,TRUE,TRUE,A-L,VIRTUAL_MODEL_PRETRIP_CALIBRATION,MODEL_SIGNAL_VERIFIED_ABSOLUTE_THRESHOLD_CALIBRATED,READY_ABSOLUTE_MODEL_VALUE,https://build.openmodelica.org/Documentation/ThermoSysPro.WaterSteam.HeatExchangers.DynamicTwoPhaseFlowPipe.html,원시 변수명은 공개 빌드 로그로 확인. 임계값·지연·히스테리시스는 시연용 A-L 가정이며 현장 기준으로 교체 필요.,DCS2,HRSG,P > PRE_EVENT_BASELINE * 1.1,PRE_EVENT_BASELINE_RATIO,1.1,ratio_to_baseline,HP_Economizer_2.TwoPhaseFlowPipe.P[3],100,GT_TRIP_RAW_DATA_0.1s_0-40s.csv,0-10,CALIBRATED_MODEL_DIRECT,Direct model quantity and physical unit available
AL-0061,DCS2,HRSG,dcs2.csv,ABB_HRSG_BOP,HRSG,HP HRSG,HP Economizer 2 Cell 3,M-V_DIRECT,TSP.MV.HP_ECONOMIZER_2.WS.P_3,HP_Economizer_2.TwoPhaseFlowPipe.P[3],P,LL,HP Economizer 2 Cell 3 압력 저저(LL),HP_Economizer_2.TwoPhaseFlowPipe.P[3] < 90 Pa,ABSOLUTE_MODEL_VALUE,90,Pa,LOW,2,2 Pa,2,HIGH,주황,#FF9500,FALSE,TRUE,TRUE,NONE,TRUE,TRUE,A-L,VIRTUAL_MODEL_PRETRIP_CALIBRATION,MODEL_SIGNAL_VERIFIED_ABSOLUTE_THRESHOLD_CALIBRATED,READY_ABSOLUTE_MODEL_VALUE,https://build.openmodelica.org/Documentation/ThermoSysPro.WaterSteam.HeatExchangers.DynamicTwoPhaseFlowPipe.html,원시 변수명은 공개 빌드 로그로 확인. 임계값·지연·히스테리시스는 시연용 A-L 가정이며 현장 기준으로 교체 필요.,DCS2,HRSG,P < PRE_EVENT_BASELINE * 0.9,PRE_EVENT_BASELINE_RATIO,0.9,ratio_to_baseline,HP_Economizer_2.TwoPhaseFlowPipe.P[3],100,GT_TRIP_RAW_DATA_0.1s_0-40s.csv,0-10,CALIBRATED_MODEL_DIRECT,Direct model quantity and physical unit available
AL-0062,DCS2,HRSG,dcs2.csv,ABB_HRSG_BOP,HRSG,HP HRSG,HP Economizer 2 Cell 3,M-V_DIRECT,TSP.MV.HP_ECONOMIZER_2.WS.Q_3,HP_Economizer_2.TwoPhaseFlowPipe.Q[3],Q,LL,HP Economizer 2 Cell 3 유량 저저(LL),HP_Economizer_2.TwoPhaseFlowPipe.Q[3] < 50 kg/s,ABSOLUTE_MODEL_VALUE,50,kg/s,LOW,2,5 kg/s,2,HIGH,주황,#FF9500,FALSE,TRUE,TRUE,NONE,TRUE,TRUE,A-L,VIRTUAL_MODEL_PRETRIP_CALIBRATION,MODEL_SIGNAL_VERIFIED_ABSOLUTE_THRESHOLD_CALIBRATED,READY_ABSOLUTE_MODEL_VALUE,https://build.openmodelica.org/Documentation/ThermoSysPro.WaterSteam.HeatExchangers.DynamicTwoPhaseFlowPipe.html,원시 변수명은 공개 빌드 로그로 확인. 임계값·지연·히스테리시스는 시연용 A-L 가정이며 현장 기준으로 교체 필요.,DCS2,HRSG,Q < PRE_EVENT_BASELINE * 0.5,PRE_EVENT_BASELINE_RATIO,0.5,ratio_to_baseline,HP_Economizer_2.TwoPhaseFlowPipe.Q[3],100,GT_TRIP_RAW_DATA_0.1s_0-40s.csv,0-10,CALIBRATED_MODEL_DIRECT,Direct model quantity and physical unit available
AL-0063,DCS2,HRSG,dcs2.csv,ABB_HRSG_BOP,HRSG,HP HRSG,HP Economizer 2 Cell 3,M-V_CALCULATED,TSP.MV.HP_ECONOMIZER_2.WS.P_3;TSP.MV.HP_ECONOMIZER_2.WS.H_3,HP_Economizer_2.TwoPhaseFlowPipe.P[3];HP_Economizer_2.TwoPhaseFlowPipe.h[3],"T_ph(P,h)",HH,HP Economizer 2 Cell 3 유체온도 고고(HH),DISABLED_UNTIL_ABSOLUTE_PHYSICAL_SIGNAL_AVAILABLE,ABSOLUTE_VALUE_PENDING,,,HIGH,2,0.02 ratio,2,HIGH,주황,#FF9500,FALSE,TRUE,TRUE,NONE,FALSE,TRUE,A-L,THERMOSYSPRO_MODEL+ASSUMED_LOGIC,ABSOLUTE_PHYSICAL_VALUE_NOT_AVAILABLE,DISABLED_PENDING_PHYSICAL_OUTPUT,https://build.openmodelica.org/Documentation/ThermoSysPro.WaterSteam.HeatExchangers.DynamicTwoPhaseFlowPipe.html,원시 변수명은 공개 빌드 로그로 확인. 임계값·지연·히스테리시스는 시연용 A-L 가정이며 현장 기준으로 교체 필요.,DCS2,HRSG,"T_ph(P,h) > PRE_EVENT_BASELINE * 1.06",PRE_EVENT_BASELINE_RATIO,1.06,ratio_to_baseline,,,,,DEFERRED_PROPERTY_CALCULATION,P/h property output must be exported and calculated in physical units
AL-0064,DCS2,HRSG,dcs2.csv,ABB_HRSG_BOP,HRSG,HP HRSG,HP Economizer 2 Cell 3,M-V_CALCULATED,TSP.MV.HP_ECONOMIZER_2.WS.P_3;TSP.MV.HP_ECONOMIZER_2.WS.H_3,HP_Economizer_2.TwoPhaseFlowPipe.P[3];HP_Economizer_2.TwoPhaseFlowPipe.h[3],"T_ph(P,h)",LL,HP Economizer 2 Cell 3 유체온도 저저(LL),DISABLED_UNTIL_ABSOLUTE_PHYSICAL_SIGNAL_AVAILABLE,ABSOLUTE_VALUE_PENDING,,,LOW,2,0.02 ratio,2,HIGH,주황,#FF9500,FALSE,TRUE,TRUE,NONE,FALSE,TRUE,A-L,THERMOSYSPRO_MODEL+ASSUMED_LOGIC,ABSOLUTE_PHYSICAL_VALUE_NOT_AVAILABLE,DISABLED_PENDING_PHYSICAL_OUTPUT,https://build.openmodelica.org/Documentation/ThermoSysPro.WaterSteam.HeatExchangers.DynamicTwoPhaseFlowPipe.html,원시 변수명은 공개 빌드 로그로 확인. 임계값·지연·히스테리시스는 시연용 A-L 가정이며 현장 기준으로 교체 필요.,DCS2,HRSG,"T_ph(P,h) < PRE_EVENT_BASELINE * 0.94",PRE_EVENT_BASELINE_RATIO,0.94,ratio_to_baseline,,,,,DEFERRED_PROPERTY_CALCULATION,P/h property output must be exported and calculated in physical units
AL-0065,DCS2,HRSG,dcs2.csv,ABB_HRSG_BOP,HRSG,HP HRSG,HP Economizer 2 Cell 4,M-V_DIRECT,TSP.MV.HP_ECONOMIZER_2.WS.P_4,HP_Economizer_2.TwoPhaseFlowPipe.P[4],P,HH,HP Economizer 2 Cell 4 압력 고고(HH),HP_Economizer_2.TwoPhaseFlowPipe.P[4] > 110 Pa,ABSOLUTE_MODEL_VALUE,110,Pa,HIGH,2,2 Pa,2,HIGH,주황,#FF9500,FALSE,TRUE,TRUE,NONE,TRUE,TRUE,A-L,VIRTUAL_MODEL_PRETRIP_CALIBRATION,MODEL_SIGNAL_VERIFIED_ABSOLUTE_THRESHOLD_CALIBRATED,READY_ABSOLUTE_MODEL_VALUE,https://build.openmodelica.org/Documentation/ThermoSysPro.WaterSteam.HeatExchangers.DynamicTwoPhaseFlowPipe.html,원시 변수명은 공개 빌드 로그로 확인. 임계값·지연·히스테리시스는 시연용 A-L 가정이며 현장 기준으로 교체 필요.,DCS2,HRSG,P > PRE_EVENT_BASELINE * 1.1,PRE_EVENT_BASELINE_RATIO,1.1,ratio_to_baseline,HP_Economizer_2.TwoPhaseFlowPipe.P[4],100,GT_TRIP_RAW_DATA_0.1s_0-40s.csv,0-10,CALIBRATED_MODEL_DIRECT,Direct model quantity and physical unit available
AL-0066,DCS2,HRSG,dcs2.csv,ABB_HRSG_BOP,HRSG,HP HRSG,HP Economizer 2 Cell 4,M-V_DIRECT,TSP.MV.HP_ECONOMIZER_2.WS.P_4,HP_Economizer_2.TwoPhaseFlowPipe.P[4],P,LL,HP Economizer 2 Cell 4 압력 저저(LL),HP_Economizer_2.TwoPhaseFlowPipe.P[4] < 90 Pa,ABSOLUTE_MODEL_VALUE,90,Pa,LOW,2,2 Pa,2,HIGH,주황,#FF9500,FALSE,TRUE,TRUE,NONE,TRUE,TRUE,A-L,VIRTUAL_MODEL_PRETRIP_CALIBRATION,MODEL_SIGNAL_VERIFIED_ABSOLUTE_THRESHOLD_CALIBRATED,READY_ABSOLUTE_MODEL_VALUE,https://build.openmodelica.org/Documentation/ThermoSysPro.WaterSteam.HeatExchangers.DynamicTwoPhaseFlowPipe.html,원시 변수명은 공개 빌드 로그로 확인. 임계값·지연·히스테리시스는 시연용 A-L 가정이며 현장 기준으로 교체 필요.,DCS2,HRSG,P < PRE_EVENT_BASELINE * 0.9,PRE_EVENT_BASELINE_RATIO,0.9,ratio_to_baseline,HP_Economizer_2.TwoPhaseFlowPipe.P[4],100,GT_TRIP_RAW_DATA_0.1s_0-40s.csv,0-10,CALIBRATED_MODEL_DIRECT,Direct model quantity and physical unit available
AL-0067,DCS2,HRSG,dcs2.csv,ABB_HRSG_BOP,HRSG,HP HRSG,HP Economizer 2 Cell 4,M-V_DIRECT,TSP.MV.HP_ECONOMIZER_2.WS.Q_4,HP_Economizer_2.TwoPhaseFlowPipe.Q[4],Q,LL,HP Economizer 2 Cell 4 유량 저저(LL),HP_Economizer_2.TwoPhaseFlowPipe.Q[4] < 50 kg/s,ABSOLUTE_MODEL_VALUE,50,kg/s,LOW,2,5 kg/s,2,HIGH,주황,#FF9500,FALSE,TRUE,TRUE,NONE,TRUE,TRUE,A-L,VIRTUAL_MODEL_PRETRIP_CALIBRATION,MODEL_SIGNAL_VERIFIED_ABSOLUTE_THRESHOLD_CALIBRATED,READY_ABSOLUTE_MODEL_VALUE,https://build.openmodelica.org/Documentation/ThermoSysPro.WaterSteam.HeatExchangers.DynamicTwoPhaseFlowPipe.html,원시 변수명은 공개 빌드 로그로 확인. 임계값·지연·히스테리시스는 시연용 A-L 가정이며 현장 기준으로 교체 필요.,DCS2,HRSG,Q < PRE_EVENT_BASELINE * 0.5,PRE_EVENT_BASELINE_RATIO,0.5,ratio_to_baseline,HP_Economizer_2.TwoPhaseFlowPipe.Q[4],100,GT_TRIP_RAW_DATA_0.1s_0-40s.csv,0-10,CALIBRATED_MODEL_DIRECT,Direct model quantity and physical unit available
AL-0068,DCS2,HRSG,dcs2.csv,ABB_HRSG_BOP,HRSG,HP HRSG,HP Economizer 2 Cell 4,M-V_CALCULATED,TSP.MV.HP_ECONOMIZER_2.WS.P_4;TSP.MV.HP_ECONOMIZER_2.WS.H_4,HP_Economizer_2.TwoPhaseFlowPipe.P[4];HP_Economizer_2.TwoPhaseFlowPipe.h[4],"T_ph(P,h)",HH,HP Economizer 2 Cell 4 유체온도 고고(HH),DISABLED_UNTIL_ABSOLUTE_PHYSICAL_SIGNAL_AVAILABLE,ABSOLUTE_VALUE_PENDING,,,HIGH,2,0.02 ratio,2,HIGH,주황,#FF9500,FALSE,TRUE,TRUE,NONE,FALSE,TRUE,A-L,THERMOSYSPRO_MODEL+ASSUMED_LOGIC,ABSOLUTE_PHYSICAL_VALUE_NOT_AVAILABLE,DISABLED_PENDING_PHYSICAL_OUTPUT,https://build.openmodelica.org/Documentation/ThermoSysPro.WaterSteam.HeatExchangers.DynamicTwoPhaseFlowPipe.html,원시 변수명은 공개 빌드 로그로 확인. 임계값·지연·히스테리시스는 시연용 A-L 가정이며 현장 기준으로 교체 필요.,DCS2,HRSG,"T_ph(P,h) > PRE_EVENT_BASELINE * 1.06",PRE_EVENT_BASELINE_RATIO,1.06,ratio_to_baseline,,,,,DEFERRED_PROPERTY_CALCULATION,P/h property output must be exported and calculated in physical units
AL-0069,DCS2,HRSG,dcs2.csv,ABB_HRSG_BOP,HRSG,HP HRSG,HP Economizer 2 Cell 4,M-V_CALCULATED,TSP.MV.HP_ECONOMIZER_2.WS.P_4;TSP.MV.HP_ECONOMIZER_2.WS.H_4,HP_Economizer_2.TwoPhaseFlowPipe.P[4];HP_Economizer_2.TwoPhaseFlowPipe.h[4],"T_ph(P,h)",LL,HP Economizer 2 Cell 4 유체온도 저저(LL),DISABLED_UNTIL_ABSOLUTE_PHYSICAL_SIGNAL_AVAILABLE,ABSOLUTE_VALUE_PENDING,,,LOW,2,0.02 ratio,2,HIGH,주황,#FF9500,FALSE,TRUE,TRUE,NONE,FALSE,TRUE,A-L,THERMOSYSPRO_MODEL+ASSUMED_LOGIC,ABSOLUTE_PHYSICAL_VALUE_NOT_AVAILABLE,DISABLED_PENDING_PHYSICAL_OUTPUT,https://build.openmodelica.org/Documentation/ThermoSysPro.WaterSteam.HeatExchangers.DynamicTwoPhaseFlowPipe.html,원시 변수명은 공개 빌드 로그로 확인. 임계값·지연·히스테리시스는 시연용 A-L 가정이며 현장 기준으로 교체 필요.,DCS2,HRSG,"T_ph(P,h) < PRE_EVENT_BASELINE * 0.94",PRE_EVENT_BASELINE_RATIO,0.94,ratio_to_baseline,,,,,DEFERRED_PROPERTY_CALCULATION,P/h property output must be exported and calculated in physical units
AL-0070,DCS2,HRSG,dcs2.csv,ABB_HRSG_BOP,HRSG,HP HRSG,HP Economizer 2 Wall 1,M-V_DIRECT,TSP.MV.HP_ECONOMIZER_2.WALL.TP_1,HP_Economizer_2.ExchangerWall.Tp[1],Tp,HH,HP Economizer 2 Wall 1 벽온도 고고(HH),HP_Economizer_2.ExchangerWall.Tp[1] > 106 K,ABSOLUTE_MODEL_VALUE,106,K,HIGH,3,2 K,2,HIGH,주황,#FF9500,FALSE,TRUE,TRUE,NONE,TRUE,TRUE,A-L,VIRTUAL_MODEL_PRETRIP_CALIBRATION,MODEL_SIGNAL_VERIFIED_ABSOLUTE_THRESHOLD_CALIBRATED,READY_ABSOLUTE_MODEL_VALUE,https://build.openmodelica.org/Documentation/ThermoSysPro.WaterSteam.HeatExchangers.DynamicTwoPhaseFlowPipe.html,원시 변수명은 공개 빌드 로그로 확인. 임계값·지연·히스테리시스는 시연용 A-L 가정이며 현장 기준으로 교체 필요.,DCS2,HRSG,Tp > PRE_EVENT_BASELINE * 1.06,PRE_EVENT_BASELINE_RATIO,1.06,ratio_to_baseline,HP_Economizer_2.ExchangerWall.Tp[1],100,GT_TRIP_RAW_DATA_0.1s_0-40s.csv,0-10,CALIBRATED_MODEL_DIRECT,Direct model quantity and physical unit available
AL-0071,DCS2,HRSG,dcs2.csv,ABB_HRSG_BOP,HRSG,HP HRSG,HP Economizer 2 Wall 2,M-V_DIRECT,TSP.MV.HP_ECONOMIZER_2.WALL.TP_2,HP_Economizer_2.ExchangerWall.Tp[2],Tp,HH,HP Economizer 2 Wall 2 벽온도 고고(HH),HP_Economizer_2.ExchangerWall.Tp[2] > 106 K,ABSOLUTE_MODEL_VALUE,106,K,HIGH,3,2 K,2,HIGH,주황,#FF9500,FALSE,TRUE,TRUE,NONE,TRUE,TRUE,A-L,VIRTUAL_MODEL_PRETRIP_CALIBRATION,MODEL_SIGNAL_VERIFIED_ABSOLUTE_THRESHOLD_CALIBRATED,READY_ABSOLUTE_MODEL_VALUE,https://build.openmodelica.org/Documentation/ThermoSysPro.WaterSteam.HeatExchangers.DynamicTwoPhaseFlowPipe.html,원시 변수명은 공개 빌드 로그로 확인. 임계값·지연·히스테리시스는 시연용 A-L 가정이며 현장 기준으로 교체 필요.,DCS2,HRSG,Tp > PRE_EVENT_BASELINE * 1.06,PRE_EVENT_BASELINE_RATIO,1.06,ratio_to_baseline,HP_Economizer_2.ExchangerWall.Tp[2],100,GT_TRIP_RAW_DATA_0.1s_0-40s.csv,0-10,CALIBRATED_MODEL_DIRECT,Direct model quantity and physical unit available
AL-0072,DCS2,HRSG,dcs2.csv,ABB_HRSG_BOP,HRSG,HP HRSG,HP Economizer 2 Wall 3,M-V_DIRECT,TSP.MV.HP_ECONOMIZER_2.WALL.TP_3,HP_Economizer_2.ExchangerWall.Tp[3],Tp,HH,HP Economizer 2 Wall 3 벽온도 고고(HH),HP_Economizer_2.ExchangerWall.Tp[3] > 106 K,ABSOLUTE_MODEL_VALUE,106,K,HIGH,3,2 K,2,HIGH,주황,#FF9500,FALSE,TRUE,TRUE,NONE,TRUE,TRUE,A-L,VIRTUAL_MODEL_PRETRIP_CALIBRATION,MODEL_SIGNAL_VERIFIED_ABSOLUTE_THRESHOLD_CALIBRATED,READY_ABSOLUTE_MODEL_VALUE,https://build.openmodelica.org/Documentation/ThermoSysPro.WaterSteam.HeatExchangers.DynamicTwoPhaseFlowPipe.html,원시 변수명은 공개 빌드 로그로 확인. 임계값·지연·히스테리시스는 시연용 A-L 가정이며 현장 기준으로 교체 필요.,DCS2,HRSG,Tp > PRE_EVENT_BASELINE * 1.06,PRE_EVENT_BASELINE_RATIO,1.06,ratio_to_baseline,HP_Economizer_2.ExchangerWall.Tp[3],100,GT_TRIP_RAW_DATA_0.1s_0-40s.csv,0-10,CALIBRATED_MODEL_DIRECT,Direct model quantity and physical unit available
AL-0073,DCS2,HRSG,dcs2.csv,ABB_HRSG_BOP,HRSG,HP HRSG,HP Economizer 3 Cell 1,M-V_DIRECT,TSP.MV.HP_ECONOMIZER_3.WS.Q_1,HP_Economizer_3.TwoPhaseFlowPipe.Q[1],Q,LL,HP Economizer 3 Cell 1 유량 저저(LL),HP_Economizer_3.TwoPhaseFlowPipe.Q[1] < 50 kg/s,ABSOLUTE_MODEL_VALUE,50,kg/s,LOW,2,5 kg/s,2,HIGH,주황,#FF9500,FALSE,TRUE,TRUE,NONE,TRUE,TRUE,A-L,VIRTUAL_MODEL_PRETRIP_CALIBRATION,MODEL_SIGNAL_VERIFIED_ABSOLUTE_THRESHOLD_CALIBRATED,READY_ABSOLUTE_MODEL_VALUE,https://build.openmodelica.org/Documentation/ThermoSysPro.WaterSteam.HeatExchangers.DynamicTwoPhaseFlowPipe.html,원시 변수명은 공개 빌드 로그로 확인. 임계값·지연·히스테리시스는 시연용 A-L 가정이며 현장 기준으로 교체 필요.,DCS2,HRSG,Q < PRE_EVENT_BASELINE * 0.5,PRE_EVENT_BASELINE_RATIO,0.5,ratio_to_baseline,HP_Economizer_3.TwoPhaseFlowPipe.Q[1],100,GT_TRIP_RAW_DATA_0.1s_0-40s.csv,0-10,CALIBRATED_MODEL_DIRECT,Direct model quantity and physical unit available
AL-0074,DCS2,HRSG,dcs2.csv,ABB_HRSG_BOP,HRSG,HP HRSG,HP Economizer 3 Cell 2,M-V_DIRECT,TSP.MV.HP_ECONOMIZER_3.WS.P_2,HP_Economizer_3.TwoPhaseFlowPipe.P[2],P,HH,HP Economizer 3 Cell 2 압력 고고(HH),HP_Economizer_3.TwoPhaseFlowPipe.P[2] > 110 Pa,ABSOLUTE_MODEL_VALUE,110,Pa,HIGH,2,2 Pa,2,HIGH,주황,#FF9500,FALSE,TRUE,TRUE,NONE,TRUE,TRUE,A-L,VIRTUAL_MODEL_PRETRIP_CALIBRATION,MODEL_SIGNAL_VERIFIED_ABSOLUTE_THRESHOLD_CALIBRATED,READY_ABSOLUTE_MODEL_VALUE,https://build.openmodelica.org/Documentation/ThermoSysPro.WaterSteam.HeatExchangers.DynamicTwoPhaseFlowPipe.html,원시 변수명은 공개 빌드 로그로 확인. 임계값·지연·히스테리시스는 시연용 A-L 가정이며 현장 기준으로 교체 필요.,DCS2,HRSG,P > PRE_EVENT_BASELINE * 1.1,PRE_EVENT_BASELINE_RATIO,1.1,ratio_to_baseline,HP_Economizer_3.TwoPhaseFlowPipe.P[2],100,GT_TRIP_RAW_DATA_0.1s_0-40s.csv,0-10,CALIBRATED_MODEL_DIRECT,Direct model quantity and physical unit available
AL-0075,DCS2,HRSG,dcs2.csv,ABB_HRSG_BOP,HRSG,HP HRSG,HP Economizer 3 Cell 2,M-V_DIRECT,TSP.MV.HP_ECONOMIZER_3.WS.P_2,HP_Economizer_3.TwoPhaseFlowPipe.P[2],P,LL,HP Economizer 3 Cell 2 압력 저저(LL),HP_Economizer_3.TwoPhaseFlowPipe.P[2] < 90 Pa,ABSOLUTE_MODEL_VALUE,90,Pa,LOW,2,2 Pa,2,HIGH,주황,#FF9500,FALSE,TRUE,TRUE,NONE,TRUE,TRUE,A-L,VIRTUAL_MODEL_PRETRIP_CALIBRATION,MODEL_SIGNAL_VERIFIED_ABSOLUTE_THRESHOLD_CALIBRATED,READY_ABSOLUTE_MODEL_VALUE,https://build.openmodelica.org/Documentation/ThermoSysPro.WaterSteam.HeatExchangers.DynamicTwoPhaseFlowPipe.html,원시 변수명은 공개 빌드 로그로 확인. 임계값·지연·히스테리시스는 시연용 A-L 가정이며 현장 기준으로 교체 필요.,DCS2,HRSG,P < PRE_EVENT_BASELINE * 0.9,PRE_EVENT_BASELINE_RATIO,0.9,ratio_to_baseline,HP_Economizer_3.TwoPhaseFlowPipe.P[2],100,GT_TRIP_RAW_DATA_0.1s_0-40s.csv,0-10,CALIBRATED_MODEL_DIRECT,Direct model quantity and physical unit available
AL-0076,DCS2,HRSG,dcs2.csv,ABB_HRSG_BOP,HRSG,HP HRSG,HP Economizer 3 Cell 2,M-V_DIRECT,TSP.MV.HP_ECONOMIZER_3.WS.Q_2,HP_Economizer_3.TwoPhaseFlowPipe.Q[2],Q,LL,HP Economizer 3 Cell 2 유량 저저(LL),HP_Economizer_3.TwoPhaseFlowPipe.Q[2] < 50 kg/s,ABSOLUTE_MODEL_VALUE,50,kg/s,LOW,2,5 kg/s,2,HIGH,주황,#FF9500,FALSE,TRUE,TRUE,NONE,TRUE,TRUE,A-L,VIRTUAL_MODEL_PRETRIP_CALIBRATION,MODEL_SIGNAL_VERIFIED_ABSOLUTE_THRESHOLD_CALIBRATED,READY_ABSOLUTE_MODEL_VALUE,https://build.openmodelica.org/Documentation/ThermoSysPro.WaterSteam.HeatExchangers.DynamicTwoPhaseFlowPipe.html,원시 변수명은 공개 빌드 로그로 확인. 임계값·지연·히스테리시스는 시연용 A-L 가정이며 현장 기준으로 교체 필요.,DCS2,HRSG,Q < PRE_EVENT_BASELINE * 0.5,PRE_EVENT_BASELINE_RATIO,0.5,ratio_to_baseline,HP_Economizer_3.TwoPhaseFlowPipe.Q[2],100,GT_TRIP_RAW_DATA_0.1s_0-40s.csv,0-10,CALIBRATED_MODEL_DIRECT,Direct model quantity and physical unit available
AL-0077,DCS2,HRSG,dcs2.csv,ABB_HRSG_BOP,HRSG,HP HRSG,HP Economizer 3 Cell 2,M-V_CALCULATED,TSP.MV.HP_ECONOMIZER_3.WS.P_2;TSP.MV.HP_ECONOMIZER_3.WS.H_2,HP_Economizer_3.TwoPhaseFlowPipe.P[2];HP_Economizer_3.TwoPhaseFlowPipe.h[2],"T_ph(P,h)",HH,HP Economizer 3 Cell 2 유체온도 고고(HH),DISABLED_UNTIL_ABSOLUTE_PHYSICAL_SIGNAL_AVAILABLE,ABSOLUTE_VALUE_PENDING,,,HIGH,2,0.02 ratio,2,HIGH,주황,#FF9500,FALSE,TRUE,TRUE,NONE,FALSE,TRUE,A-L,THERMOSYSPRO_MODEL+ASSUMED_LOGIC,ABSOLUTE_PHYSICAL_VALUE_NOT_AVAILABLE,DISABLED_PENDING_PHYSICAL_OUTPUT,https://build.openmodelica.org/Documentation/ThermoSysPro.WaterSteam.HeatExchangers.DynamicTwoPhaseFlowPipe.html,원시 변수명은 공개 빌드 로그로 확인. 임계값·지연·히스테리시스는 시연용 A-L 가정이며 현장 기준으로 교체 필요.,DCS2,HRSG,"T_ph(P,h) > PRE_EVENT_BASELINE * 1.06",PRE_EVENT_BASELINE_RATIO,1.06,ratio_to_baseline,,,,,DEFERRED_PROPERTY_CALCULATION,P/h property output must be exported and calculated in physical units
AL-0078,DCS2,HRSG,dcs2.csv,ABB_HRSG_BOP,HRSG,HP HRSG,HP Economizer 3 Cell 2,M-V_CALCULATED,TSP.MV.HP_ECONOMIZER_3.WS.P_2;TSP.MV.HP_ECONOMIZER_3.WS.H_2,HP_Economizer_3.TwoPhaseFlowPipe.P[2];HP_Economizer_3.TwoPhaseFlowPipe.h[2],"T_ph(P,h)",LL,HP Economizer 3 Cell 2 유체온도 저저(LL),DISABLED_UNTIL_ABSOLUTE_PHYSICAL_SIGNAL_AVAILABLE,ABSOLUTE_VALUE_PENDING,,,LOW,2,0.02 ratio,2,HIGH,주황,#FF9500,FALSE,TRUE,TRUE,NONE,FALSE,TRUE,A-L,THERMOSYSPRO_MODEL+ASSUMED_LOGIC,ABSOLUTE_PHYSICAL_VALUE_NOT_AVAILABLE,DISABLED_PENDING_PHYSICAL_OUTPUT,https://build.openmodelica.org/Documentation/ThermoSysPro.WaterSteam.HeatExchangers.DynamicTwoPhaseFlowPipe.html,원시 변수명은 공개 빌드 로그로 확인. 임계값·지연·히스테리시스는 시연용 A-L 가정이며 현장 기준으로 교체 필요.,DCS2,HRSG,"T_ph(P,h) < PRE_EVENT_BASELINE * 0.94",PRE_EVENT_BASELINE_RATIO,0.94,ratio_to_baseline,,,,,DEFERRED_PROPERTY_CALCULATION,P/h property output must be exported and calculated in physical units
AL-0079,DCS2,HRSG,dcs2.csv,ABB_HRSG_BOP,HRSG,HP HRSG,HP Economizer 3 Cell 3,M-V_DIRECT,TSP.MV.HP_ECONOMIZER_3.WS.P_3,HP_Economizer_3.TwoPhaseFlowPipe.P[3],P,HH,HP Economizer 3 Cell 3 압력 고고(HH),HP_Economizer_3.TwoPhaseFlowPipe.P[3] > 110 Pa,ABSOLUTE_MODEL_VALUE,110,Pa,HIGH,2,2 Pa,2,HIGH,주황,#FF9500,FALSE,TRUE,TRUE,NONE,TRUE,TRUE,A-L,VIRTUAL_MODEL_PRETRIP_CALIBRATION,MODEL_SIGNAL_VERIFIED_ABSOLUTE_THRESHOLD_CALIBRATED,READY_ABSOLUTE_MODEL_VALUE,https://build.openmodelica.org/Documentation/ThermoSysPro.WaterSteam.HeatExchangers.DynamicTwoPhaseFlowPipe.html,원시 변수명은 공개 빌드 로그로 확인. 임계값·지연·히스테리시스는 시연용 A-L 가정이며 현장 기준으로 교체 필요.,DCS2,HRSG,P > PRE_EVENT_BASELINE * 1.1,PRE_EVENT_BASELINE_RATIO,1.1,ratio_to_baseline,HP_Economizer_3.TwoPhaseFlowPipe.P[3],100,GT_TRIP_RAW_DATA_0.1s_0-40s.csv,0-10,CALIBRATED_MODEL_DIRECT,Direct model quantity and physical unit available
AL-0080,DCS2,HRSG,dcs2.csv,ABB_HRSG_BOP,HRSG,HP HRSG,HP Economizer 3 Cell 3,M-V_DIRECT,TSP.MV.HP_ECONOMIZER_3.WS.P_3,HP_Economizer_3.TwoPhaseFlowPipe.P[3],P,LL,HP Economizer 3 Cell 3 압력 저저(LL),HP_Economizer_3.TwoPhaseFlowPipe.P[3] < 90 Pa,ABSOLUTE_MODEL_VALUE,90,Pa,LOW,2,2 Pa,2,HIGH,주황,#FF9500,FALSE,TRUE,TRUE,NONE,TRUE,TRUE,A-L,VIRTUAL_MODEL_PRETRIP_CALIBRATION,MODEL_SIGNAL_VERIFIED_ABSOLUTE_THRESHOLD_CALIBRATED,READY_ABSOLUTE_MODEL_VALUE,https://build.openmodelica.org/Documentation/ThermoSysPro.WaterSteam.HeatExchangers.DynamicTwoPhaseFlowPipe.html,원시 변수명은 공개 빌드 로그로 확인. 임계값·지연·히스테리시스는 시연용 A-L 가정이며 현장 기준으로 교체 필요.,DCS2,HRSG,P < PRE_EVENT_BASELINE * 0.9,PRE_EVENT_BASELINE_RATIO,0.9,ratio_to_baseline,HP_Economizer_3.TwoPhaseFlowPipe.P[3],100,GT_TRIP_RAW_DATA_0.1s_0-40s.csv,0-10,CALIBRATED_MODEL_DIRECT,Direct model quantity and physical unit available
AL-0081,DCS2,HRSG,dcs2.csv,ABB_HRSG_BOP,HRSG,HP HRSG,HP Economizer 3 Cell 3,M-V_DIRECT,TSP.MV.HP_ECONOMIZER_3.WS.Q_3,HP_Economizer_3.TwoPhaseFlowPipe.Q[3],Q,LL,HP Economizer 3 Cell 3 유량 저저(LL),HP_Economizer_3.TwoPhaseFlowPipe.Q[3] < 50 kg/s,ABSOLUTE_MODEL_VALUE,50,kg/s,LOW,2,5 kg/s,2,HIGH,주황,#FF9500,FALSE,TRUE,TRUE,NONE,TRUE,TRUE,A-L,VIRTUAL_MODEL_PRETRIP_CALIBRATION,MODEL_SIGNAL_VERIFIED_ABSOLUTE_THRESHOLD_CALIBRATED,READY_ABSOLUTE_MODEL_VALUE,https://build.openmodelica.org/Documentation/ThermoSysPro.WaterSteam.HeatExchangers.DynamicTwoPhaseFlowPipe.html,원시 변수명은 공개 빌드 로그로 확인. 임계값·지연·히스테리시스는 시연용 A-L 가정이며 현장 기준으로 교체 필요.,DCS2,HRSG,Q < PRE_EVENT_BASELINE * 0.5,PRE_EVENT_BASELINE_RATIO,0.5,ratio_to_baseline,HP_Economizer_3.TwoPhaseFlowPipe.Q[3],100,GT_TRIP_RAW_DATA_0.1s_0-40s.csv,0-10,CALIBRATED_MODEL_DIRECT,Direct model quantity and physical unit available
AL-0082,DCS2,HRSG,dcs2.csv,ABB_HRSG_BOP,HRSG,HP HRSG,HP Economizer 3 Cell 3,M-V_CALCULATED,TSP.MV.HP_ECONOMIZER_3.WS.P_3;TSP.MV.HP_ECONOMIZER_3.WS.H_3,HP_Economizer_3.TwoPhaseFlowPipe.P[3];HP_Economizer_3.TwoPhaseFlowPipe.h[3],"T_ph(P,h)",HH,HP Economizer 3 Cell 3 유체온도 고고(HH),DISABLED_UNTIL_ABSOLUTE_PHYSICAL_SIGNAL_AVAILABLE,ABSOLUTE_VALUE_PENDING,,,HIGH,2,0.02 ratio,2,HIGH,주황,#FF9500,FALSE,TRUE,TRUE,NONE,FALSE,TRUE,A-L,THERMOSYSPRO_MODEL+ASSUMED_LOGIC,ABSOLUTE_PHYSICAL_VALUE_NOT_AVAILABLE,DISABLED_PENDING_PHYSICAL_OUTPUT,https://build.openmodelica.org/Documentation/ThermoSysPro.WaterSteam.HeatExchangers.DynamicTwoPhaseFlowPipe.html,원시 변수명은 공개 빌드 로그로 확인. 임계값·지연·히스테리시스는 시연용 A-L 가정이며 현장 기준으로 교체 필요.,DCS2,HRSG,"T_ph(P,h) > PRE_EVENT_BASELINE * 1.06",PRE_EVENT_BASELINE_RATIO,1.06,ratio_to_baseline,,,,,DEFERRED_PROPERTY_CALCULATION,P/h property output must be exported and calculated in physical units
AL-0083,DCS2,HRSG,dcs2.csv,ABB_HRSG_BOP,HRSG,HP HRSG,HP Economizer 3 Cell 3,M-V_CALCULATED,TSP.MV.HP_ECONOMIZER_3.WS.P_3;TSP.MV.HP_ECONOMIZER_3.WS.H_3,HP_Economizer_3.TwoPhaseFlowPipe.P[3];HP_Economizer_3.TwoPhaseFlowPipe.h[3],"T_ph(P,h)",LL,HP Economizer 3 Cell 3 유체온도 저저(LL),DISABLED_UNTIL_ABSOLUTE_PHYSICAL_SIGNAL_AVAILABLE,ABSOLUTE_VALUE_PENDING,,,LOW,2,0.02 ratio,2,HIGH,주황,#FF9500,FALSE,TRUE,TRUE,NONE,FALSE,TRUE,A-L,THERMOSYSPRO_MODEL+ASSUMED_LOGIC,ABSOLUTE_PHYSICAL_VALUE_NOT_AVAILABLE,DISABLED_PENDING_PHYSICAL_OUTPUT,https://build.openmodelica.org/Documentation/ThermoSysPro.WaterSteam.HeatExchangers.DynamicTwoPhaseFlowPipe.html,원시 변수명은 공개 빌드 로그로 확인. 임계값·지연·히스테리시스는 시연용 A-L 가정이며 현장 기준으로 교체 필요.,DCS2,HRSG,"T_ph(P,h) < PRE_EVENT_BASELINE * 0.94",PRE_EVENT_BASELINE_RATIO,0.94,ratio_to_baseline,,,,,DEFERRED_PROPERTY_CALCULATION,P/h property output must be exported and calculated in physical units
AL-0084,DCS2,HRSG,dcs2.csv,ABB_HRSG_BOP,HRSG,HP HRSG,HP Economizer 3 Cell 4,M-V_DIRECT,TSP.MV.HP_ECONOMIZER_3.WS.P_4,HP_Economizer_3.TwoPhaseFlowPipe.P[4],P,HH,HP Economizer 3 Cell 4 압력 고고(HH),HP_Economizer_3.TwoPhaseFlowPipe.P[4] > 110 Pa,ABSOLUTE_MODEL_VALUE,110,Pa,HIGH,2,2 Pa,2,HIGH,주황,#FF9500,FALSE,TRUE,TRUE,NONE,TRUE,TRUE,A-L,VIRTUAL_MODEL_PRETRIP_CALIBRATION,MODEL_SIGNAL_VERIFIED_ABSOLUTE_THRESHOLD_CALIBRATED,READY_ABSOLUTE_MODEL_VALUE,https://build.openmodelica.org/Documentation/ThermoSysPro.WaterSteam.HeatExchangers.DynamicTwoPhaseFlowPipe.html,원시 변수명은 공개 빌드 로그로 확인. 임계값·지연·히스테리시스는 시연용 A-L 가정이며 현장 기준으로 교체 필요.,DCS2,HRSG,P > PRE_EVENT_BASELINE * 1.1,PRE_EVENT_BASELINE_RATIO,1.1,ratio_to_baseline,HP_Economizer_3.TwoPhaseFlowPipe.P[4],100,GT_TRIP_RAW_DATA_0.1s_0-40s.csv,0-10,CALIBRATED_MODEL_DIRECT,Direct model quantity and physical unit available
AL-0085,DCS2,HRSG,dcs2.csv,ABB_HRSG_BOP,HRSG,HP HRSG,HP Economizer 3 Cell 4,M-V_DIRECT,TSP.MV.HP_ECONOMIZER_3.WS.P_4,HP_Economizer_3.TwoPhaseFlowPipe.P[4],P,LL,HP Economizer 3 Cell 4 압력 저저(LL),HP_Economizer_3.TwoPhaseFlowPipe.P[4] < 90 Pa,ABSOLUTE_MODEL_VALUE,90,Pa,LOW,2,2 Pa,2,HIGH,주황,#FF9500,FALSE,TRUE,TRUE,NONE,TRUE,TRUE,A-L,VIRTUAL_MODEL_PRETRIP_CALIBRATION,MODEL_SIGNAL_VERIFIED_ABSOLUTE_THRESHOLD_CALIBRATED,READY_ABSOLUTE_MODEL_VALUE,https://build.openmodelica.org/Documentation/ThermoSysPro.WaterSteam.HeatExchangers.DynamicTwoPhaseFlowPipe.html,원시 변수명은 공개 빌드 로그로 확인. 임계값·지연·히스테리시스는 시연용 A-L 가정이며 현장 기준으로 교체 필요.,DCS2,HRSG,P < PRE_EVENT_BASELINE * 0.9,PRE_EVENT_BASELINE_RATIO,0.9,ratio_to_baseline,HP_Economizer_3.TwoPhaseFlowPipe.P[4],100,GT_TRIP_RAW_DATA_0.1s_0-40s.csv,0-10,CALIBRATED_MODEL_DIRECT,Direct model quantity and physical unit available
AL-0086,DCS2,HRSG,dcs2.csv,ABB_HRSG_BOP,HRSG,HP HRSG,HP Economizer 3 Cell 4,M-V_CALCULATED,TSP.MV.HP_ECONOMIZER_3.WS.P_4;TSP.MV.HP_ECONOMIZER_3.WS.H_4,HP_Economizer_3.TwoPhaseFlowPipe.P[4];HP_Economizer_3.TwoPhaseFlowPipe.h[4],"T_ph(P,h)",HH,HP Economizer 3 Cell 4 유체온도 고고(HH),DISABLED_UNTIL_ABSOLUTE_PHYSICAL_SIGNAL_AVAILABLE,ABSOLUTE_VALUE_PENDING,,,HIGH,2,0.02 ratio,2,HIGH,주황,#FF9500,FALSE,TRUE,TRUE,NONE,FALSE,TRUE,A-L,THERMOSYSPRO_MODEL+ASSUMED_LOGIC,ABSOLUTE_PHYSICAL_VALUE_NOT_AVAILABLE,DISABLED_PENDING_PHYSICAL_OUTPUT,https://build.openmodelica.org/Documentation/ThermoSysPro.WaterSteam.HeatExchangers.DynamicTwoPhaseFlowPipe.html,원시 변수명은 공개 빌드 로그로 확인. 임계값·지연·히스테리시스는 시연용 A-L 가정이며 현장 기준으로 교체 필요.,DCS2,HRSG,"T_ph(P,h) > PRE_EVENT_BASELINE * 1.06",PRE_EVENT_BASELINE_RATIO,1.06,ratio_to_baseline,,,,,DEFERRED_PROPERTY_CALCULATION,P/h property output must be exported and calculated in physical units
AL-0087,DCS2,HRSG,dcs2.csv,ABB_HRSG_BOP,HRSG,HP HRSG,HP Economizer 3 Cell 4,M-V_CALCULATED,TSP.MV.HP_ECONOMIZER_3.WS.P_4;TSP.MV.HP_ECONOMIZER_3.WS.H_4,HP_Economizer_3.TwoPhaseFlowPipe.P[4];HP_Economizer_3.TwoPhaseFlowPipe.h[4],"T_ph(P,h)",LL,HP Economizer 3 Cell 4 유체온도 저저(LL),DISABLED_UNTIL_ABSOLUTE_PHYSICAL_SIGNAL_AVAILABLE,ABSOLUTE_VALUE_PENDING,,,LOW,2,0.02 ratio,2,HIGH,주황,#FF9500,FALSE,TRUE,TRUE,NONE,FALSE,TRUE,A-L,THERMOSYSPRO_MODEL+ASSUMED_LOGIC,ABSOLUTE_PHYSICAL_VALUE_NOT_AVAILABLE,DISABLED_PENDING_PHYSICAL_OUTPUT,https://build.openmodelica.org/Documentation/ThermoSysPro.WaterSteam.HeatExchangers.DynamicTwoPhaseFlowPipe.html,원시 변수명은 공개 빌드 로그로 확인. 임계값·지연·히스테리시스는 시연용 A-L 가정이며 현장 기준으로 교체 필요.,DCS2,HRSG,"T_ph(P,h) < PRE_EVENT_BASELINE * 0.94",PRE_EVENT_BASELINE_RATIO,0.94,ratio_to_baseline,,,,,DEFERRED_PROPERTY_CALCULATION,P/h property output must be exported and calculated in physical units
AL-0088,DCS2,HRSG,dcs2.csv,ABB_HRSG_BOP,HRSG,HP HRSG,HP Economizer 3 Wall 1,M-V_DIRECT,TSP.MV.HP_ECONOMIZER_3.WALL.TP_1,HP_Economizer_3.ExchangerWall.Tp[1],Tp,HH,HP Economizer 3 Wall 1 벽온도 고고(HH),HP_Economizer_3.ExchangerWall.Tp[1] > 106 K,ABSOLUTE_MODEL_VALUE,106,K,HIGH,3,2 K,2,HIGH,주황,#FF9500,FALSE,TRUE,TRUE,NONE,TRUE,TRUE,A-L,VIRTUAL_MODEL_PRETRIP_CALIBRATION,MODEL_SIGNAL_VERIFIED_ABSOLUTE_THRESHOLD_CALIBRATED,READY_ABSOLUTE_MODEL_VALUE,https://build.openmodelica.org/Documentation/ThermoSysPro.WaterSteam.HeatExchangers.DynamicTwoPhaseFlowPipe.html,원시 변수명은 공개 빌드 로그로 확인. 임계값·지연·히스테리시스는 시연용 A-L 가정이며 현장 기준으로 교체 필요.,DCS2,HRSG,Tp > PRE_EVENT_BASELINE * 1.06,PRE_EVENT_BASELINE_RATIO,1.06,ratio_to_baseline,HP_Economizer_3.ExchangerWall.Tp[1],100,GT_TRIP_RAW_DATA_0.1s_0-40s.csv,0-10,CALIBRATED_MODEL_DIRECT,Direct model quantity and physical unit available
AL-0089,DCS2,HRSG,dcs2.csv,ABB_HRSG_BOP,HRSG,HP HRSG,HP Economizer 3 Wall 2,M-V_DIRECT,TSP.MV.HP_ECONOMIZER_3.WALL.TP_2,HP_Economizer_3.ExchangerWall.Tp[2],Tp,HH,HP Economizer 3 Wall 2 벽온도 고고(HH),HP_Economizer_3.ExchangerWall.Tp[2] > 106 K,ABSOLUTE_MODEL_VALUE,106,K,HIGH,3,2 K,2,HIGH,주황,#FF9500,FALSE,TRUE,TRUE,NONE,TRUE,TRUE,A-L,VIRTUAL_MODEL_PRETRIP_CALIBRATION,MODEL_SIGNAL_VERIFIED_ABSOLUTE_THRESHOLD_CALIBRATED,READY_ABSOLUTE_MODEL_VALUE,https://build.openmodelica.org/Documentation/ThermoSysPro.WaterSteam.HeatExchangers.DynamicTwoPhaseFlowPipe.html,원시 변수명은 공개 빌드 로그로 확인. 임계값·지연·히스테리시스는 시연용 A-L 가정이며 현장 기준으로 교체 필요.,DCS2,HRSG,Tp > PRE_EVENT_BASELINE * 1.06,PRE_EVENT_BASELINE_RATIO,1.06,ratio_to_baseline,HP_Economizer_3.ExchangerWall.Tp[2],100,GT_TRIP_RAW_DATA_0.1s_0-40s.csv,0-10,CALIBRATED_MODEL_DIRECT,Direct model quantity and physical unit available
AL-0090,DCS2,HRSG,dcs2.csv,ABB_HRSG_BOP,HRSG,HP HRSG,HP Economizer 3 Wall 3,M-V_DIRECT,TSP.MV.HP_ECONOMIZER_3.WALL.TP_3,HP_Economizer_3.ExchangerWall.Tp[3],Tp,HH,HP Economizer 3 Wall 3 벽온도 고고(HH),HP_Economizer_3.ExchangerWall.Tp[3] > 106 K,ABSOLUTE_MODEL_VALUE,106,K,HIGH,3,2 K,2,HIGH,주황,#FF9500,FALSE,TRUE,TRUE,NONE,TRUE,TRUE,A-L,VIRTUAL_MODEL_PRETRIP_CALIBRATION,MODEL_SIGNAL_VERIFIED_ABSOLUTE_THRESHOLD_CALIBRATED,READY_ABSOLUTE_MODEL_VALUE,https://build.openmodelica.org/Documentation/ThermoSysPro.WaterSteam.HeatExchangers.DynamicTwoPhaseFlowPipe.html,원시 변수명은 공개 빌드 로그로 확인. 임계값·지연·히스테리시스는 시연용 A-L 가정이며 현장 기준으로 교체 필요.,DCS2,HRSG,Tp > PRE_EVENT_BASELINE * 1.06,PRE_EVENT_BASELINE_RATIO,1.06,ratio_to_baseline,HP_Economizer_3.ExchangerWall.Tp[3],100,GT_TRIP_RAW_DATA_0.1s_0-40s.csv,0-10,CALIBRATED_MODEL_DIRECT,Direct model quantity and physical unit available
AL-0091,DCS2,HRSG,dcs2.csv,ABB_HRSG_BOP,HRSG,HP HRSG,HP Economizer 4 Cell 1,M-V_DIRECT,TSP.MV.HP_ECONOMIZER_4.WS.Q_1,HP_Economizer_4.TwoPhaseFlowPipe.Q[1],Q,LL,HP Economizer 4 Cell 1 유량 저저(LL),HP_Economizer_4.TwoPhaseFlowPipe.Q[1] < 50 kg/s,ABSOLUTE_MODEL_VALUE,50,kg/s,LOW,2,5 kg/s,2,HIGH,주황,#FF9500,FALSE,TRUE,TRUE,NONE,TRUE,TRUE,A-L,VIRTUAL_MODEL_PRETRIP_CALIBRATION,MODEL_SIGNAL_VERIFIED_ABSOLUTE_THRESHOLD_CALIBRATED,READY_ABSOLUTE_MODEL_VALUE,https://build.openmodelica.org/Documentation/ThermoSysPro.WaterSteam.HeatExchangers.DynamicTwoPhaseFlowPipe.html,원시 변수명은 공개 빌드 로그로 확인. 임계값·지연·히스테리시스는 시연용 A-L 가정이며 현장 기준으로 교체 필요.,DCS2,HRSG,Q < PRE_EVENT_BASELINE * 0.5,PRE_EVENT_BASELINE_RATIO,0.5,ratio_to_baseline,HP_Economizer_4.TwoPhaseFlowPipe.Q[1],100,GT_TRIP_RAW_DATA_0.1s_0-40s.csv,0-10,CALIBRATED_MODEL_DIRECT,Direct model quantity and physical unit available
AL-0092,DCS2,HRSG,dcs2.csv,ABB_HRSG_BOP,HRSG,HP HRSG,HP Economizer 4 Cell 2,M-V_DIRECT,TSP.MV.HP_ECONOMIZER_4.WS.P_2,HP_Economizer_4.TwoPhaseFlowPipe.P[2],P,HH,HP Economizer 4 Cell 2 압력 고고(HH),HP_Economizer_4.TwoPhaseFlowPipe.P[2] > 110 Pa,ABSOLUTE_MODEL_VALUE,110,Pa,HIGH,2,2 Pa,2,HIGH,주황,#FF9500,FALSE,TRUE,TRUE,NONE,TRUE,TRUE,A-L,VIRTUAL_MODEL_PRETRIP_CALIBRATION,MODEL_SIGNAL_VERIFIED_ABSOLUTE_THRESHOLD_CALIBRATED,READY_ABSOLUTE_MODEL_VALUE,https://build.openmodelica.org/Documentation/ThermoSysPro.WaterSteam.HeatExchangers.DynamicTwoPhaseFlowPipe.html,원시 변수명은 공개 빌드 로그로 확인. 임계값·지연·히스테리시스는 시연용 A-L 가정이며 현장 기준으로 교체 필요.,DCS2,HRSG,P > PRE_EVENT_BASELINE * 1.1,PRE_EVENT_BASELINE_RATIO,1.1,ratio_to_baseline,HP_Economizer_4.TwoPhaseFlowPipe.P[2],100,GT_TRIP_RAW_DATA_0.1s_0-40s.csv,0-10,CALIBRATED_MODEL_DIRECT,Direct model quantity and physical unit available
AL-0093,DCS2,HRSG,dcs2.csv,ABB_HRSG_BOP,HRSG,HP HRSG,HP Economizer 4 Cell 2,M-V_DIRECT,TSP.MV.HP_ECONOMIZER_4.WS.P_2,HP_Economizer_4.TwoPhaseFlowPipe.P[2],P,LL,HP Economizer 4 Cell 2 압력 저저(LL),HP_Economizer_4.TwoPhaseFlowPipe.P[2] < 90 Pa,ABSOLUTE_MODEL_VALUE,90,Pa,LOW,2,2 Pa,2,HIGH,주황,#FF9500,FALSE,TRUE,TRUE,NONE,TRUE,TRUE,A-L,VIRTUAL_MODEL_PRETRIP_CALIBRATION,MODEL_SIGNAL_VERIFIED_ABSOLUTE_THRESHOLD_CALIBRATED,READY_ABSOLUTE_MODEL_VALUE,https://build.openmodelica.org/Documentation/ThermoSysPro.WaterSteam.HeatExchangers.DynamicTwoPhaseFlowPipe.html,원시 변수명은 공개 빌드 로그로 확인. 임계값·지연·히스테리시스는 시연용 A-L 가정이며 현장 기준으로 교체 필요.,DCS2,HRSG,P < PRE_EVENT_BASELINE * 0.9,PRE_EVENT_BASELINE_RATIO,0.9,ratio_to_baseline,HP_Economizer_4.TwoPhaseFlowPipe.P[2],100,GT_TRIP_RAW_DATA_0.1s_0-40s.csv,0-10,CALIBRATED_MODEL_DIRECT,Direct model quantity and physical unit available
AL-0094,DCS2,HRSG,dcs2.csv,ABB_HRSG_BOP,HRSG,HP HRSG,HP Economizer 4 Cell 2,M-V_DIRECT,TSP.MV.HP_ECONOMIZER_4.WS.Q_2,HP_Economizer_4.TwoPhaseFlowPipe.Q[2],Q,LL,HP Economizer 4 Cell 2 유량 저저(LL),HP_Economizer_4.TwoPhaseFlowPipe.Q[2] < 50 kg/s,ABSOLUTE_MODEL_VALUE,50,kg/s,LOW,2,5 kg/s,2,HIGH,주황,#FF9500,FALSE,TRUE,TRUE,NONE,TRUE,TRUE,A-L,VIRTUAL_MODEL_PRETRIP_CALIBRATION,MODEL_SIGNAL_VERIFIED_ABSOLUTE_THRESHOLD_CALIBRATED,READY_ABSOLUTE_MODEL_VALUE,https://build.openmodelica.org/Documentation/ThermoSysPro.WaterSteam.HeatExchangers.DynamicTwoPhaseFlowPipe.html,원시 변수명은 공개 빌드 로그로 확인. 임계값·지연·히스테리시스는 시연용 A-L 가정이며 현장 기준으로 교체 필요.,DCS2,HRSG,Q < PRE_EVENT_BASELINE * 0.5,PRE_EVENT_BASELINE_RATIO,0.5,ratio_to_baseline,HP_Economizer_4.TwoPhaseFlowPipe.Q[2],100,GT_TRIP_RAW_DATA_0.1s_0-40s.csv,0-10,CALIBRATED_MODEL_DIRECT,Direct model quantity and physical unit available
AL-0095,DCS2,HRSG,dcs2.csv,ABB_HRSG_BOP,HRSG,HP HRSG,HP Economizer 4 Cell 2,M-V_CALCULATED,TSP.MV.HP_ECONOMIZER_4.WS.P_2;TSP.MV.HP_ECONOMIZER_4.WS.H_2,HP_Economizer_4.TwoPhaseFlowPipe.P[2];HP_Economizer_4.TwoPhaseFlowPipe.h[2],"T_ph(P,h)",HH,HP Economizer 4 Cell 2 유체온도 고고(HH),DISABLED_UNTIL_ABSOLUTE_PHYSICAL_SIGNAL_AVAILABLE,ABSOLUTE_VALUE_PENDING,,,HIGH,2,0.02 ratio,2,HIGH,주황,#FF9500,FALSE,TRUE,TRUE,NONE,FALSE,TRUE,A-L,THERMOSYSPRO_MODEL+ASSUMED_LOGIC,ABSOLUTE_PHYSICAL_VALUE_NOT_AVAILABLE,DISABLED_PENDING_PHYSICAL_OUTPUT,https://build.openmodelica.org/Documentation/ThermoSysPro.WaterSteam.HeatExchangers.DynamicTwoPhaseFlowPipe.html,원시 변수명은 공개 빌드 로그로 확인. 임계값·지연·히스테리시스는 시연용 A-L 가정이며 현장 기준으로 교체 필요.,DCS2,HRSG,"T_ph(P,h) > PRE_EVENT_BASELINE * 1.06",PRE_EVENT_BASELINE_RATIO,1.06,ratio_to_baseline,,,,,DEFERRED_PROPERTY_CALCULATION,P/h property output must be exported and calculated in physical units
AL-0096,DCS2,HRSG,dcs2.csv,ABB_HRSG_BOP,HRSG,HP HRSG,HP Economizer 4 Cell 2,M-V_CALCULATED,TSP.MV.HP_ECONOMIZER_4.WS.P_2;TSP.MV.HP_ECONOMIZER_4.WS.H_2,HP_Economizer_4.TwoPhaseFlowPipe.P[2];HP_Economizer_4.TwoPhaseFlowPipe.h[2],"T_ph(P,h)",LL,HP Economizer 4 Cell 2 유체온도 저저(LL),DISABLED_UNTIL_ABSOLUTE_PHYSICAL_SIGNAL_AVAILABLE,ABSOLUTE_VALUE_PENDING,,,LOW,2,0.02 ratio,2,HIGH,주황,#FF9500,FALSE,TRUE,TRUE,NONE,FALSE,TRUE,A-L,THERMOSYSPRO_MODEL+ASSUMED_LOGIC,ABSOLUTE_PHYSICAL_VALUE_NOT_AVAILABLE,DISABLED_PENDING_PHYSICAL_OUTPUT,https://build.openmodelica.org/Documentation/ThermoSysPro.WaterSteam.HeatExchangers.DynamicTwoPhaseFlowPipe.html,원시 변수명은 공개 빌드 로그로 확인. 임계값·지연·히스테리시스는 시연용 A-L 가정이며 현장 기준으로 교체 필요.,DCS2,HRSG,"T_ph(P,h) < PRE_EVENT_BASELINE * 0.94",PRE_EVENT_BASELINE_RATIO,0.94,ratio_to_baseline,,,,,DEFERRED_PROPERTY_CALCULATION,P/h property output must be exported and calculated in physical units
AL-0097,DCS2,HRSG,dcs2.csv,ABB_HRSG_BOP,HRSG,HP HRSG,HP Economizer 4 Cell 3,M-V_DIRECT,TSP.MV.HP_ECONOMIZER_4.WS.P_3,HP_Economizer_4.TwoPhaseFlowPipe.P[3],P,HH,HP Economizer 4 Cell 3 압력 고고(HH),HP_Economizer_4.TwoPhaseFlowPipe.P[3] > 110 Pa,ABSOLUTE_MODEL_VALUE,110,Pa,HIGH,2,2 Pa,2,HIGH,주황,#FF9500,FALSE,TRUE,TRUE,NONE,TRUE,TRUE,A-L,VIRTUAL_MODEL_PRETRIP_CALIBRATION,MODEL_SIGNAL_VERIFIED_ABSOLUTE_THRESHOLD_CALIBRATED,READY_ABSOLUTE_MODEL_VALUE,https://build.openmodelica.org/Documentation/ThermoSysPro.WaterSteam.HeatExchangers.DynamicTwoPhaseFlowPipe.html,원시 변수명은 공개 빌드 로그로 확인. 임계값·지연·히스테리시스는 시연용 A-L 가정이며 현장 기준으로 교체 필요.,DCS2,HRSG,P > PRE_EVENT_BASELINE * 1.1,PRE_EVENT_BASELINE_RATIO,1.1,ratio_to_baseline,HP_Economizer_4.TwoPhaseFlowPipe.P[3],100,GT_TRIP_RAW_DATA_0.1s_0-40s.csv,0-10,CALIBRATED_MODEL_DIRECT,Direct model quantity and physical unit available
AL-0098,DCS2,HRSG,dcs2.csv,ABB_HRSG_BOP,HRSG,HP HRSG,HP Economizer 4 Cell 3,M-V_DIRECT,TSP.MV.HP_ECONOMIZER_4.WS.P_3,HP_Economizer_4.TwoPhaseFlowPipe.P[3],P,LL,HP Economizer 4 Cell 3 압력 저저(LL),HP_Economizer_4.TwoPhaseFlowPipe.P[3] < 90 Pa,ABSOLUTE_MODEL_VALUE,90,Pa,LOW,2,2 Pa,2,HIGH,주황,#FF9500,FALSE,TRUE,TRUE,NONE,TRUE,TRUE,A-L,VIRTUAL_MODEL_PRETRIP_CALIBRATION,MODEL_SIGNAL_VERIFIED_ABSOLUTE_THRESHOLD_CALIBRATED,READY_ABSOLUTE_MODEL_VALUE,https://build.openmodelica.org/Documentation/ThermoSysPro.WaterSteam.HeatExchangers.DynamicTwoPhaseFlowPipe.html,원시 변수명은 공개 빌드 로그로 확인. 임계값·지연·히스테리시스는 시연용 A-L 가정이며 현장 기준으로 교체 필요.,DCS2,HRSG,P < PRE_EVENT_BASELINE * 0.9,PRE_EVENT_BASELINE_RATIO,0.9,ratio_to_baseline,HP_Economizer_4.TwoPhaseFlowPipe.P[3],100,GT_TRIP_RAW_DATA_0.1s_0-40s.csv,0-10,CALIBRATED_MODEL_DIRECT,Direct model quantity and physical unit available
AL-0099,DCS2,HRSG,dcs2.csv,ABB_HRSG_BOP,HRSG,HP HRSG,HP Economizer 4 Cell 3,M-V_DIRECT,TSP.MV.HP_ECONOMIZER_4.WS.Q_3,HP_Economizer_4.TwoPhaseFlowPipe.Q[3],Q,LL,HP Economizer 4 Cell 3 유량 저저(LL),HP_Economizer_4.TwoPhaseFlowPipe.Q[3] < 50 kg/s,ABSOLUTE_MODEL_VALUE,50,kg/s,LOW,2,5 kg/s,2,HIGH,주황,#FF9500,FALSE,TRUE,TRUE,NONE,TRUE,TRUE,A-L,VIRTUAL_MODEL_PRETRIP_CALIBRATION,MODEL_SIGNAL_VERIFIED_ABSOLUTE_THRESHOLD_CALIBRATED,READY_ABSOLUTE_MODEL_VALUE,https://build.openmodelica.org/Documentation/ThermoSysPro.WaterSteam.HeatExchangers.DynamicTwoPhaseFlowPipe.html,원시 변수명은 공개 빌드 로그로 확인. 임계값·지연·히스테리시스는 시연용 A-L 가정이며 현장 기준으로 교체 필요.,DCS2,HRSG,Q < PRE_EVENT_BASELINE * 0.5,PRE_EVENT_BASELINE_RATIO,0.5,ratio_to_baseline,HP_Economizer_4.TwoPhaseFlowPipe.Q[3],100,GT_TRIP_RAW_DATA_0.1s_0-40s.csv,0-10,CALIBRATED_MODEL_DIRECT,Direct model quantity and physical unit available
AL-0100,DCS2,HRSG,dcs2.csv,ABB_HRSG_BOP,HRSG,HP HRSG,HP Economizer 4 Cell 3,M-V_CALCULATED,TSP.MV.HP_ECONOMIZER_4.WS.P_3;TSP.MV.HP_ECONOMIZER_4.WS.H_3,HP_Economizer_4.TwoPhaseFlowPipe.P[3];HP_Economizer_4.TwoPhaseFlowPipe.h[3],"T_ph(P,h)",HH,HP Economizer 4 Cell 3 유체온도 고고(HH),DISABLED_UNTIL_ABSOLUTE_PHYSICAL_SIGNAL_AVAILABLE,ABSOLUTE_VALUE_PENDING,,,HIGH,2,0.02 ratio,2,HIGH,주황,#FF9500,FALSE,TRUE,TRUE,NONE,FALSE,TRUE,A-L,THERMOSYSPRO_MODEL+ASSUMED_LOGIC,ABSOLUTE_PHYSICAL_VALUE_NOT_AVAILABLE,DISABLED_PENDING_PHYSICAL_OUTPUT,https://build.openmodelica.org/Documentation/ThermoSysPro.WaterSteam.HeatExchangers.DynamicTwoPhaseFlowPipe.html,원시 변수명은 공개 빌드 로그로 확인. 임계값·지연·히스테리시스는 시연용 A-L 가정이며 현장 기준으로 교체 필요.,DCS2,HRSG,"T_ph(P,h) > PRE_EVENT_BASELINE * 1.06",PRE_EVENT_BASELINE_RATIO,1.06,ratio_to_baseline,,,,,DEFERRED_PROPERTY_CALCULATION,P/h property output must be exported and calculated in physical units
AL-0101,DCS2,HRSG,dcs2.csv,ABB_HRSG_BOP,HRSG,HP HRSG,HP Economizer 4 Cell 3,M-V_CALCULATED,TSP.MV.HP_ECONOMIZER_4.WS.P_3;TSP.MV.HP_ECONOMIZER_4.WS.H_3,HP_Economizer_4.TwoPhaseFlowPipe.P[3];HP_Economizer_4.TwoPhaseFlowPipe.h[3],"T_ph(P,h)",LL,HP Economizer 4 Cell 3 유체온도 저저(LL),DISABLED_UNTIL_ABSOLUTE_PHYSICAL_SIGNAL_AVAILABLE,ABSOLUTE_VALUE_PENDING,,,LOW,2,0.02 ratio,2,HIGH,주황,#FF9500,FALSE,TRUE,TRUE,NONE,FALSE,TRUE,A-L,THERMOSYSPRO_MODEL+ASSUMED_LOGIC,ABSOLUTE_PHYSICAL_VALUE_NOT_AVAILABLE,DISABLED_PENDING_PHYSICAL_OUTPUT,https://build.openmodelica.org/Documentation/ThermoSysPro.WaterSteam.HeatExchangers.DynamicTwoPhaseFlowPipe.html,원시 변수명은 공개 빌드 로그로 확인. 임계값·지연·히스테리시스는 시연용 A-L 가정이며 현장 기준으로 교체 필요.,DCS2,HRSG,"T_ph(P,h) < PRE_EVENT_BASELINE * 0.94",PRE_EVENT_BASELINE_RATIO,0.94,ratio_to_baseline,,,,,DEFERRED_PROPERTY_CALCULATION,P/h property output must be exported and calculated in physical units
AL-0102,DCS2,HRSG,dcs2.csv,ABB_HRSG_BOP,HRSG,HP HRSG,HP Economizer 4 Cell 4,M-V_DIRECT,TSP.MV.HP_ECONOMIZER_4.WS.P_4,HP_Economizer_4.TwoPhaseFlowPipe.P[4],P,HH,HP Economizer 4 Cell 4 압력 고고(HH),HP_Economizer_4.TwoPhaseFlowPipe.P[4] > 110 Pa,ABSOLUTE_MODEL_VALUE,110,Pa,HIGH,2,2 Pa,2,HIGH,주황,#FF9500,FALSE,TRUE,TRUE,NONE,TRUE,TRUE,A-L,VIRTUAL_MODEL_PRETRIP_CALIBRATION,MODEL_SIGNAL_VERIFIED_ABSOLUTE_THRESHOLD_CALIBRATED,READY_ABSOLUTE_MODEL_VALUE,https://build.openmodelica.org/Documentation/ThermoSysPro.WaterSteam.HeatExchangers.DynamicTwoPhaseFlowPipe.html,원시 변수명은 공개 빌드 로그로 확인. 임계값·지연·히스테리시스는 시연용 A-L 가정이며 현장 기준으로 교체 필요.,DCS2,HRSG,P > PRE_EVENT_BASELINE * 1.1,PRE_EVENT_BASELINE_RATIO,1.1,ratio_to_baseline,HP_Economizer_4.TwoPhaseFlowPipe.P[4],100,GT_TRIP_RAW_DATA_0.1s_0-40s.csv,0-10,CALIBRATED_MODEL_DIRECT,Direct model quantity and physical unit available
AL-0103,DCS2,HRSG,dcs2.csv,ABB_HRSG_BOP,HRSG,HP HRSG,HP Economizer 4 Cell 4,M-V_DIRECT,TSP.MV.HP_ECONOMIZER_4.WS.P_4,HP_Economizer_4.TwoPhaseFlowPipe.P[4],P,LL,HP Economizer 4 Cell 4 압력 저저(LL),HP_Economizer_4.TwoPhaseFlowPipe.P[4] < 90 Pa,ABSOLUTE_MODEL_VALUE,90,Pa,LOW,2,2 Pa,2,HIGH,주황,#FF9500,FALSE,TRUE,TRUE,NONE,TRUE,TRUE,A-L,VIRTUAL_MODEL_PRETRIP_CALIBRATION,MODEL_SIGNAL_VERIFIED_ABSOLUTE_THRESHOLD_CALIBRATED,READY_ABSOLUTE_MODEL_VALUE,https://build.openmodelica.org/Documentation/ThermoSysPro.WaterSteam.HeatExchangers.DynamicTwoPhaseFlowPipe.html,원시 변수명은 공개 빌드 로그로 확인. 임계값·지연·히스테리시스는 시연용 A-L 가정이며 현장 기준으로 교체 필요.,DCS2,HRSG,P < PRE_EVENT_BASELINE * 0.9,PRE_EVENT_BASELINE_RATIO,0.9,ratio_to_baseline,HP_Economizer_4.TwoPhaseFlowPipe.P[4],100,GT_TRIP_RAW_DATA_0.1s_0-40s.csv,0-10,CALIBRATED_MODEL_DIRECT,Direct model quantity and physical unit available
AL-0104,DCS2,HRSG,dcs2.csv,ABB_HRSG_BOP,HRSG,HP HRSG,HP Economizer 4 Cell 4,M-V_DIRECT,TSP.MV.HP_ECONOMIZER_4.WS.Q_4,HP_Economizer_4.TwoPhaseFlowPipe.Q[4],Q,LL,HP Economizer 4 Cell 4 유량 저저(LL),HP_Economizer_4.TwoPhaseFlowPipe.Q[4] < 50 kg/s,ABSOLUTE_MODEL_VALUE,50,kg/s,LOW,2,5 kg/s,2,HIGH,주황,#FF9500,FALSE,TRUE,TRUE,NONE,TRUE,TRUE,A-L,VIRTUAL_MODEL_PRETRIP_CALIBRATION,MODEL_SIGNAL_VERIFIED_ABSOLUTE_THRESHOLD_CALIBRATED,READY_ABSOLUTE_MODEL_VALUE,https://build.openmodelica.org/Documentation/ThermoSysPro.WaterSteam.HeatExchangers.DynamicTwoPhaseFlowPipe.html,원시 변수명은 공개 빌드 로그로 확인. 임계값·지연·히스테리시스는 시연용 A-L 가정이며 현장 기준으로 교체 필요.,DCS2,HRSG,Q < PRE_EVENT_BASELINE * 0.5,PRE_EVENT_BASELINE_RATIO,0.5,ratio_to_baseline,HP_Economizer_4.TwoPhaseFlowPipe.Q[4],100,GT_TRIP_RAW_DATA_0.1s_0-40s.csv,0-10,CALIBRATED_MODEL_DIRECT,Direct model quantity and physical unit available
AL-0105,DCS2,HRSG,dcs2.csv,ABB_HRSG_BOP,HRSG,HP HRSG,HP Economizer 4 Cell 4,M-V_CALCULATED,TSP.MV.HP_ECONOMIZER_4.WS.P_4;TSP.MV.HP_ECONOMIZER_4.WS.H_4,HP_Economizer_4.TwoPhaseFlowPipe.P[4];HP_Economizer_4.TwoPhaseFlowPipe.h[4],"T_ph(P,h)",HH,HP Economizer 4 Cell 4 유체온도 고고(HH),DISABLED_UNTIL_ABSOLUTE_PHYSICAL_SIGNAL_AVAILABLE,ABSOLUTE_VALUE_PENDING,,,HIGH,2,0.02 ratio,2,HIGH,주황,#FF9500,FALSE,TRUE,TRUE,NONE,FALSE,TRUE,A-L,THERMOSYSPRO_MODEL+ASSUMED_LOGIC,ABSOLUTE_PHYSICAL_VALUE_NOT_AVAILABLE,DISABLED_PENDING_PHYSICAL_OUTPUT,https://build.openmodelica.org/Documentation/ThermoSysPro.WaterSteam.HeatExchangers.DynamicTwoPhaseFlowPipe.html,원시 변수명은 공개 빌드 로그로 확인. 임계값·지연·히스테리시스는 시연용 A-L 가정이며 현장 기준으로 교체 필요.,DCS2,HRSG,"T_ph(P,h) > PRE_EVENT_BASELINE * 1.06",PRE_EVENT_BASELINE_RATIO,1.06,ratio_to_baseline,,,,,DEFERRED_PROPERTY_CALCULATION,P/h property output must be exported and calculated in physical units
AL-0106,DCS2,HRSG,dcs2.csv,ABB_HRSG_BOP,HRSG,HP HRSG,HP Economizer 4 Cell 4,M-V_CALCULATED,TSP.MV.HP_ECONOMIZER_4.WS.P_4;TSP.MV.HP_ECONOMIZER_4.WS.H_4,HP_Economizer_4.TwoPhaseFlowPipe.P[4];HP_Economizer_4.TwoPhaseFlowPipe.h[4],"T_ph(P,h)",LL,HP Economizer 4 Cell 4 유체온도 저저(LL),DISABLED_UNTIL_ABSOLUTE_PHYSICAL_SIGNAL_AVAILABLE,ABSOLUTE_VALUE_PENDING,,,LOW,2,0.02 ratio,2,HIGH,주황,#FF9500,FALSE,TRUE,TRUE,NONE,FALSE,TRUE,A-L,THERMOSYSPRO_MODEL+ASSUMED_LOGIC,ABSOLUTE_PHYSICAL_VALUE_NOT_AVAILABLE,DISABLED_PENDING_PHYSICAL_OUTPUT,https://build.openmodelica.org/Documentation/ThermoSysPro.WaterSteam.HeatExchangers.DynamicTwoPhaseFlowPipe.html,원시 변수명은 공개 빌드 로그로 확인. 임계값·지연·히스테리시스는 시연용 A-L 가정이며 현장 기준으로 교체 필요.,DCS2,HRSG,"T_ph(P,h) < PRE_EVENT_BASELINE * 0.94",PRE_EVENT_BASELINE_RATIO,0.94,ratio_to_baseline,,,,,DEFERRED_PROPERTY_CALCULATION,P/h property output must be exported and calculated in physical units
AL-0107,DCS2,HRSG,dcs2.csv,ABB_HRSG_BOP,HRSG,HP HRSG,HP Economizer 4 Wall 1,M-V_DIRECT,TSP.MV.HP_ECONOMIZER_4.WALL.TP_1,HP_Economizer_4.ExchangerWall.Tp[1],Tp,HH,HP Economizer 4 Wall 1 벽온도 고고(HH),HP_Economizer_4.ExchangerWall.Tp[1] > 106 K,ABSOLUTE_MODEL_VALUE,106,K,HIGH,3,2 K,2,HIGH,주황,#FF9500,FALSE,TRUE,TRUE,NONE,TRUE,TRUE,A-L,VIRTUAL_MODEL_PRETRIP_CALIBRATION,MODEL_SIGNAL_VERIFIED_ABSOLUTE_THRESHOLD_CALIBRATED,READY_ABSOLUTE_MODEL_VALUE,https://build.openmodelica.org/Documentation/ThermoSysPro.WaterSteam.HeatExchangers.DynamicTwoPhaseFlowPipe.html,원시 변수명은 공개 빌드 로그로 확인. 임계값·지연·히스테리시스는 시연용 A-L 가정이며 현장 기준으로 교체 필요.,DCS2,HRSG,Tp > PRE_EVENT_BASELINE * 1.06,PRE_EVENT_BASELINE_RATIO,1.06,ratio_to_baseline,HP_Economizer_4.ExchangerWall.Tp[1],100,GT_TRIP_RAW_DATA_0.1s_0-40s.csv,0-10,CALIBRATED_MODEL_DIRECT,Direct model quantity and physical unit available
AL-0108,DCS2,HRSG,dcs2.csv,ABB_HRSG_BOP,HRSG,HP HRSG,HP Economizer 4 Wall 2,M-V_DIRECT,TSP.MV.HP_ECONOMIZER_4.WALL.TP_2,HP_Economizer_4.ExchangerWall.Tp[2],Tp,HH,HP Economizer 4 Wall 2 벽온도 고고(HH),HP_Economizer_4.ExchangerWall.Tp[2] > 106 K,ABSOLUTE_MODEL_VALUE,106,K,HIGH,3,2 K,2,HIGH,주황,#FF9500,FALSE,TRUE,TRUE,NONE,TRUE,TRUE,A-L,VIRTUAL_MODEL_PRETRIP_CALIBRATION,MODEL_SIGNAL_VERIFIED_ABSOLUTE_THRESHOLD_CALIBRATED,READY_ABSOLUTE_MODEL_VALUE,https://build.openmodelica.org/Documentation/ThermoSysPro.WaterSteam.HeatExchangers.DynamicTwoPhaseFlowPipe.html,원시 변수명은 공개 빌드 로그로 확인. 임계값·지연·히스테리시스는 시연용 A-L 가정이며 현장 기준으로 교체 필요.,DCS2,HRSG,Tp > PRE_EVENT_BASELINE * 1.06,PRE_EVENT_BASELINE_RATIO,1.06,ratio_to_baseline,HP_Economizer_4.ExchangerWall.Tp[2],100,GT_TRIP_RAW_DATA_0.1s_0-40s.csv,0-10,CALIBRATED_MODEL_DIRECT,Direct model quantity and physical unit available
AL-0109,DCS2,HRSG,dcs2.csv,ABB_HRSG_BOP,HRSG,HP HRSG,HP Economizer 4 Wall 3,M-V_DIRECT,TSP.MV.HP_ECONOMIZER_4.WALL.TP_3,HP_Economizer_4.ExchangerWall.Tp[3],Tp,HH,HP Economizer 4 Wall 3 벽온도 고고(HH),HP_Economizer_4.ExchangerWall.Tp[3] > 106 K,ABSOLUTE_MODEL_VALUE,106,K,HIGH,3,2 K,2,HIGH,주황,#FF9500,FALSE,TRUE,TRUE,NONE,TRUE,TRUE,A-L,VIRTUAL_MODEL_PRETRIP_CALIBRATION,MODEL_SIGNAL_VERIFIED_ABSOLUTE_THRESHOLD_CALIBRATED,READY_ABSOLUTE_MODEL_VALUE,https://build.openmodelica.org/Documentation/ThermoSysPro.WaterSteam.HeatExchangers.DynamicTwoPhaseFlowPipe.html,원시 변수명은 공개 빌드 로그로 확인. 임계값·지연·히스테리시스는 시연용 A-L 가정이며 현장 기준으로 교체 필요.,DCS2,HRSG,Tp > PRE_EVENT_BASELINE * 1.06,PRE_EVENT_BASELINE_RATIO,1.06,ratio_to_baseline,HP_Economizer_4.ExchangerWall.Tp[3],100,GT_TRIP_RAW_DATA_0.1s_0-40s.csv,0-10,CALIBRATED_MODEL_DIRECT,Direct model quantity and physical unit available
AL-0110,DCS2,HRSG,dcs2.csv,ABB_HRSG_BOP,HRSG,HP HRSG,HP Evaporator Cell 1,M-V_DIRECT,TSP.MV.HP_EVAPORATOR.WS.Q_1,HP_Evaporator.TwoPhaseFlowPipe.Q[1],Q,LL,HP Evaporator Cell 1 유량 저저(LL),HP_Evaporator.TwoPhaseFlowPipe.Q[1] < 50 kg/s,ABSOLUTE_MODEL_VALUE,50,kg/s,LOW,2,5 kg/s,2,HIGH,주황,#FF9500,FALSE,TRUE,TRUE,NONE,TRUE,TRUE,A-L,VIRTUAL_MODEL_PRETRIP_CALIBRATION,MODEL_SIGNAL_VERIFIED_ABSOLUTE_THRESHOLD_CALIBRATED,READY_ABSOLUTE_MODEL_VALUE,https://build.openmodelica.org/Documentation/ThermoSysPro.WaterSteam.HeatExchangers.DynamicTwoPhaseFlowPipe.html,원시 변수명은 공개 빌드 로그로 확인. 임계값·지연·히스테리시스는 시연용 A-L 가정이며 현장 기준으로 교체 필요.,DCS2,HRSG,Q < PRE_EVENT_BASELINE * 0.5,PRE_EVENT_BASELINE_RATIO,0.5,ratio_to_baseline,HP_Evaporator.TwoPhaseFlowPipe.Q[1],100,GT_TRIP_RAW_DATA_0.1s_0-40s.csv,0-10,CALIBRATED_MODEL_DIRECT,Direct model quantity and physical unit available
AL-0111,DCS2,HRSG,dcs2.csv,ABB_HRSG_BOP,HRSG,HP HRSG,HP Evaporator Cell 2,M-V_DIRECT,TSP.MV.HP_EVAPORATOR.WS.P_2,HP_Evaporator.TwoPhaseFlowPipe.P[2],P,HH,HP Evaporator Cell 2 압력 고고(HH),HP_Evaporator.TwoPhaseFlowPipe.P[2] > 110 Pa,ABSOLUTE_MODEL_VALUE,110,Pa,HIGH,2,2 Pa,2,HIGH,주황,#FF9500,FALSE,TRUE,TRUE,NONE,TRUE,TRUE,A-L,VIRTUAL_MODEL_PRETRIP_CALIBRATION,MODEL_SIGNAL_VERIFIED_ABSOLUTE_THRESHOLD_CALIBRATED,READY_ABSOLUTE_MODEL_VALUE,https://build.openmodelica.org/Documentation/ThermoSysPro.WaterSteam.HeatExchangers.DynamicTwoPhaseFlowPipe.html,원시 변수명은 공개 빌드 로그로 확인. 임계값·지연·히스테리시스는 시연용 A-L 가정이며 현장 기준으로 교체 필요.,DCS2,HRSG,P > PRE_EVENT_BASELINE * 1.1,PRE_EVENT_BASELINE_RATIO,1.1,ratio_to_baseline,HP_Evaporator.TwoPhaseFlowPipe.P[2],100,GT_TRIP_RAW_DATA_0.1s_0-40s.csv,0-10,CALIBRATED_MODEL_DIRECT,Direct model quantity and physical unit available
AL-0112,DCS2,HRSG,dcs2.csv,ABB_HRSG_BOP,HRSG,HP HRSG,HP Evaporator Cell 2,M-V_DIRECT,TSP.MV.HP_EVAPORATOR.WS.P_2,HP_Evaporator.TwoPhaseFlowPipe.P[2],P,LL,HP Evaporator Cell 2 압력 저저(LL),HP_Evaporator.TwoPhaseFlowPipe.P[2] < 90 Pa,ABSOLUTE_MODEL_VALUE,90,Pa,LOW,2,2 Pa,2,HIGH,주황,#FF9500,FALSE,TRUE,TRUE,NONE,TRUE,TRUE,A-L,VIRTUAL_MODEL_PRETRIP_CALIBRATION,MODEL_SIGNAL_VERIFIED_ABSOLUTE_THRESHOLD_CALIBRATED,READY_ABSOLUTE_MODEL_VALUE,https://build.openmodelica.org/Documentation/ThermoSysPro.WaterSteam.HeatExchangers.DynamicTwoPhaseFlowPipe.html,원시 변수명은 공개 빌드 로그로 확인. 임계값·지연·히스테리시스는 시연용 A-L 가정이며 현장 기준으로 교체 필요.,DCS2,HRSG,P < PRE_EVENT_BASELINE * 0.9,PRE_EVENT_BASELINE_RATIO,0.9,ratio_to_baseline,HP_Evaporator.TwoPhaseFlowPipe.P[2],100,GT_TRIP_RAW_DATA_0.1s_0-40s.csv,0-10,CALIBRATED_MODEL_DIRECT,Direct model quantity and physical unit available
AL-0113,DCS2,HRSG,dcs2.csv,ABB_HRSG_BOP,HRSG,HP HRSG,HP Evaporator Cell 2,M-V_DIRECT,TSP.MV.HP_EVAPORATOR.WS.Q_2,HP_Evaporator.TwoPhaseFlowPipe.Q[2],Q,LL,HP Evaporator Cell 2 유량 저저(LL),HP_Evaporator.TwoPhaseFlowPipe.Q[2] < 50 kg/s,ABSOLUTE_MODEL_VALUE,50,kg/s,LOW,2,5 kg/s,2,HIGH,주황,#FF9500,FALSE,TRUE,TRUE,NONE,TRUE,TRUE,A-L,VIRTUAL_MODEL_PRETRIP_CALIBRATION,MODEL_SIGNAL_VERIFIED_ABSOLUTE_THRESHOLD_CALIBRATED,READY_ABSOLUTE_MODEL_VALUE,https://build.openmodelica.org/Documentation/ThermoSysPro.WaterSteam.HeatExchangers.DynamicTwoPhaseFlowPipe.html,원시 변수명은 공개 빌드 로그로 확인. 임계값·지연·히스테리시스는 시연용 A-L 가정이며 현장 기준으로 교체 필요.,DCS2,HRSG,Q < PRE_EVENT_BASELINE * 0.5,PRE_EVENT_BASELINE_RATIO,0.5,ratio_to_baseline,HP_Evaporator.TwoPhaseFlowPipe.Q[2],100,GT_TRIP_RAW_DATA_0.1s_0-40s.csv,0-10,CALIBRATED_MODEL_DIRECT,Direct model quantity and physical unit available
AL-0114,DCS2,HRSG,dcs2.csv,ABB_HRSG_BOP,HRSG,HP HRSG,HP Evaporator Cell 2,M-V_CALCULATED,TSP.MV.HP_EVAPORATOR.WS.P_2;TSP.MV.HP_EVAPORATOR.WS.H_2,HP_Evaporator.TwoPhaseFlowPipe.P[2];HP_Evaporator.TwoPhaseFlowPipe.h[2],"T_ph(P,h)",HH,HP Evaporator Cell 2 유체온도 고고(HH),DISABLED_UNTIL_ABSOLUTE_PHYSICAL_SIGNAL_AVAILABLE,ABSOLUTE_VALUE_PENDING,,,HIGH,2,0.02 ratio,2,HIGH,주황,#FF9500,FALSE,TRUE,TRUE,NONE,FALSE,TRUE,A-L,THERMOSYSPRO_MODEL+ASSUMED_LOGIC,ABSOLUTE_PHYSICAL_VALUE_NOT_AVAILABLE,DISABLED_PENDING_PHYSICAL_OUTPUT,https://build.openmodelica.org/Documentation/ThermoSysPro.WaterSteam.HeatExchangers.DynamicTwoPhaseFlowPipe.html,원시 변수명은 공개 빌드 로그로 확인. 임계값·지연·히스테리시스는 시연용 A-L 가정이며 현장 기준으로 교체 필요.,DCS2,HRSG,"T_ph(P,h) > PRE_EVENT_BASELINE * 1.06",PRE_EVENT_BASELINE_RATIO,1.06,ratio_to_baseline,,,,,DEFERRED_PROPERTY_CALCULATION,P/h property output must be exported and calculated in physical units
AL-0115,DCS2,HRSG,dcs2.csv,ABB_HRSG_BOP,HRSG,HP HRSG,HP Evaporator Cell 2,M-V_CALCULATED,TSP.MV.HP_EVAPORATOR.WS.P_2;TSP.MV.HP_EVAPORATOR.WS.H_2,HP_Evaporator.TwoPhaseFlowPipe.P[2];HP_Evaporator.TwoPhaseFlowPipe.h[2],"T_ph(P,h)",LL,HP Evaporator Cell 2 유체온도 저저(LL),DISABLED_UNTIL_ABSOLUTE_PHYSICAL_SIGNAL_AVAILABLE,ABSOLUTE_VALUE_PENDING,,,LOW,2,0.02 ratio,2,HIGH,주황,#FF9500,FALSE,TRUE,TRUE,NONE,FALSE,TRUE,A-L,THERMOSYSPRO_MODEL+ASSUMED_LOGIC,ABSOLUTE_PHYSICAL_VALUE_NOT_AVAILABLE,DISABLED_PENDING_PHYSICAL_OUTPUT,https://build.openmodelica.org/Documentation/ThermoSysPro.WaterSteam.HeatExchangers.DynamicTwoPhaseFlowPipe.html,원시 변수명은 공개 빌드 로그로 확인. 임계값·지연·히스테리시스는 시연용 A-L 가정이며 현장 기준으로 교체 필요.,DCS2,HRSG,"T_ph(P,h) < PRE_EVENT_BASELINE * 0.94",PRE_EVENT_BASELINE_RATIO,0.94,ratio_to_baseline,,,,,DEFERRED_PROPERTY_CALCULATION,P/h property output must be exported and calculated in physical units
AL-0116,DCS2,HRSG,dcs2.csv,ABB_HRSG_BOP,HRSG,HP HRSG,HP Evaporator Cell 3,M-V_DIRECT,TSP.MV.HP_EVAPORATOR.WS.P_3,HP_Evaporator.TwoPhaseFlowPipe.P[3],P,HH,HP Evaporator Cell 3 압력 고고(HH),HP_Evaporator.TwoPhaseFlowPipe.P[3] > 110 Pa,ABSOLUTE_MODEL_VALUE,110,Pa,HIGH,2,2 Pa,2,HIGH,주황,#FF9500,FALSE,TRUE,TRUE,NONE,TRUE,TRUE,A-L,VIRTUAL_MODEL_PRETRIP_CALIBRATION,MODEL_SIGNAL_VERIFIED_ABSOLUTE_THRESHOLD_CALIBRATED,READY_ABSOLUTE_MODEL_VALUE,https://build.openmodelica.org/Documentation/ThermoSysPro.WaterSteam.HeatExchangers.DynamicTwoPhaseFlowPipe.html,원시 변수명은 공개 빌드 로그로 확인. 임계값·지연·히스테리시스는 시연용 A-L 가정이며 현장 기준으로 교체 필요.,DCS2,HRSG,P > PRE_EVENT_BASELINE * 1.1,PRE_EVENT_BASELINE_RATIO,1.1,ratio_to_baseline,HP_Evaporator.TwoPhaseFlowPipe.P[3],100,GT_TRIP_RAW_DATA_0.1s_0-40s.csv,0-10,CALIBRATED_MODEL_DIRECT,Direct model quantity and physical unit available
AL-0117,DCS2,HRSG,dcs2.csv,ABB_HRSG_BOP,HRSG,HP HRSG,HP Evaporator Cell 3,M-V_DIRECT,TSP.MV.HP_EVAPORATOR.WS.P_3,HP_Evaporator.TwoPhaseFlowPipe.P[3],P,LL,HP Evaporator Cell 3 압력 저저(LL),HP_Evaporator.TwoPhaseFlowPipe.P[3] < 90 Pa,ABSOLUTE_MODEL_VALUE,90,Pa,LOW,2,2 Pa,2,HIGH,주황,#FF9500,FALSE,TRUE,TRUE,NONE,TRUE,TRUE,A-L,VIRTUAL_MODEL_PRETRIP_CALIBRATION,MODEL_SIGNAL_VERIFIED_ABSOLUTE_THRESHOLD_CALIBRATED,READY_ABSOLUTE_MODEL_VALUE,https://build.openmodelica.org/Documentation/ThermoSysPro.WaterSteam.HeatExchangers.DynamicTwoPhaseFlowPipe.html,원시 변수명은 공개 빌드 로그로 확인. 임계값·지연·히스테리시스는 시연용 A-L 가정이며 현장 기준으로 교체 필요.,DCS2,HRSG,P < PRE_EVENT_BASELINE * 0.9,PRE_EVENT_BASELINE_RATIO,0.9,ratio_to_baseline,HP_Evaporator.TwoPhaseFlowPipe.P[3],100,GT_TRIP_RAW_DATA_0.1s_0-40s.csv,0-10,CALIBRATED_MODEL_DIRECT,Direct model quantity and physical unit available
AL-0118,DCS2,HRSG,dcs2.csv,ABB_HRSG_BOP,HRSG,HP HRSG,HP Evaporator Cell 3,M-V_DIRECT,TSP.MV.HP_EVAPORATOR.WS.Q_3,HP_Evaporator.TwoPhaseFlowPipe.Q[3],Q,LL,HP Evaporator Cell 3 유량 저저(LL),HP_Evaporator.TwoPhaseFlowPipe.Q[3] < 50 kg/s,ABSOLUTE_MODEL_VALUE,50,kg/s,LOW,2,5 kg/s,2,HIGH,주황,#FF9500,FALSE,TRUE,TRUE,NONE,TRUE,TRUE,A-L,VIRTUAL_MODEL_PRETRIP_CALIBRATION,MODEL_SIGNAL_VERIFIED_ABSOLUTE_THRESHOLD_CALIBRATED,READY_ABSOLUTE_MODEL_VALUE,https://build.openmodelica.org/Documentation/ThermoSysPro.WaterSteam.HeatExchangers.DynamicTwoPhaseFlowPipe.html,원시 변수명은 공개 빌드 로그로 확인. 임계값·지연·히스테리시스는 시연용 A-L 가정이며 현장 기준으로 교체 필요.,DCS2,HRSG,Q < PRE_EVENT_BASELINE * 0.5,PRE_EVENT_BASELINE_RATIO,0.5,ratio_to_baseline,HP_Evaporator.TwoPhaseFlowPipe.Q[3],100,GT_TRIP_RAW_DATA_0.1s_0-40s.csv,0-10,CALIBRATED_MODEL_DIRECT,Direct model quantity and physical unit available
AL-0119,DCS2,HRSG,dcs2.csv,ABB_HRSG_BOP,HRSG,HP HRSG,HP Evaporator Cell 3,M-V_CALCULATED,TSP.MV.HP_EVAPORATOR.WS.P_3;TSP.MV.HP_EVAPORATOR.WS.H_3,HP_Evaporator.TwoPhaseFlowPipe.P[3];HP_Evaporator.TwoPhaseFlowPipe.h[3],"T_ph(P,h)",HH,HP Evaporator Cell 3 유체온도 고고(HH),DISABLED_UNTIL_ABSOLUTE_PHYSICAL_SIGNAL_AVAILABLE,ABSOLUTE_VALUE_PENDING,,,HIGH,2,0.02 ratio,2,HIGH,주황,#FF9500,FALSE,TRUE,TRUE,NONE,FALSE,TRUE,A-L,THERMOSYSPRO_MODEL+ASSUMED_LOGIC,ABSOLUTE_PHYSICAL_VALUE_NOT_AVAILABLE,DISABLED_PENDING_PHYSICAL_OUTPUT,https://build.openmodelica.org/Documentation/ThermoSysPro.WaterSteam.HeatExchangers.DynamicTwoPhaseFlowPipe.html,원시 변수명은 공개 빌드 로그로 확인. 임계값·지연·히스테리시스는 시연용 A-L 가정이며 현장 기준으로 교체 필요.,DCS2,HRSG,"T_ph(P,h) > PRE_EVENT_BASELINE * 1.06",PRE_EVENT_BASELINE_RATIO,1.06,ratio_to_baseline,,,,,DEFERRED_PROPERTY_CALCULATION,P/h property output must be exported and calculated in physical units
AL-0120,DCS2,HRSG,dcs2.csv,ABB_HRSG_BOP,HRSG,HP HRSG,HP Evaporator Cell 3,M-V_CALCULATED,TSP.MV.HP_EVAPORATOR.WS.P_3;TSP.MV.HP_EVAPORATOR.WS.H_3,HP_Evaporator.TwoPhaseFlowPipe.P[3];HP_Evaporator.TwoPhaseFlowPipe.h[3],"T_ph(P,h)",LL,HP Evaporator Cell 3 유체온도 저저(LL),DISABLED_UNTIL_ABSOLUTE_PHYSICAL_SIGNAL_AVAILABLE,ABSOLUTE_VALUE_PENDING,,,LOW,2,0.02 ratio,2,HIGH,주황,#FF9500,FALSE,TRUE,TRUE,NONE,FALSE,TRUE,A-L,THERMOSYSPRO_MODEL+ASSUMED_LOGIC,ABSOLUTE_PHYSICAL_VALUE_NOT_AVAILABLE,DISABLED_PENDING_PHYSICAL_OUTPUT,https://build.openmodelica.org/Documentation/ThermoSysPro.WaterSteam.HeatExchangers.DynamicTwoPhaseFlowPipe.html,원시 변수명은 공개 빌드 로그로 확인. 임계값·지연·히스테리시스는 시연용 A-L 가정이며 현장 기준으로 교체 필요.,DCS2,HRSG,"T_ph(P,h) < PRE_EVENT_BASELINE * 0.94",PRE_EVENT_BASELINE_RATIO,0.94,ratio_to_baseline,,,,,DEFERRED_PROPERTY_CALCULATION,P/h property output must be exported and calculated in physical units
AL-0121,DCS2,HRSG,dcs2.csv,ABB_HRSG_BOP,HRSG,HP HRSG,HP Evaporator Cell 4,M-V_DIRECT,TSP.MV.HP_EVAPORATOR.WS.P_4,HP_Evaporator.TwoPhaseFlowPipe.P[4],P,HH,HP Evaporator Cell 4 압력 고고(HH),HP_Evaporator.TwoPhaseFlowPipe.P[4] > 110 Pa,ABSOLUTE_MODEL_VALUE,110,Pa,HIGH,2,2 Pa,2,HIGH,주황,#FF9500,FALSE,TRUE,TRUE,NONE,TRUE,TRUE,A-L,VIRTUAL_MODEL_PRETRIP_CALIBRATION,MODEL_SIGNAL_VERIFIED_ABSOLUTE_THRESHOLD_CALIBRATED,READY_ABSOLUTE_MODEL_VALUE,https://build.openmodelica.org/Documentation/ThermoSysPro.WaterSteam.HeatExchangers.DynamicTwoPhaseFlowPipe.html,원시 변수명은 공개 빌드 로그로 확인. 임계값·지연·히스테리시스는 시연용 A-L 가정이며 현장 기준으로 교체 필요.,DCS2,HRSG,P > PRE_EVENT_BASELINE * 1.1,PRE_EVENT_BASELINE_RATIO,1.1,ratio_to_baseline,HP_Evaporator.TwoPhaseFlowPipe.P[4],100,GT_TRIP_RAW_DATA_0.1s_0-40s.csv,0-10,CALIBRATED_MODEL_DIRECT,Direct model quantity and physical unit available
AL-0122,DCS2,HRSG,dcs2.csv,ABB_HRSG_BOP,HRSG,HP HRSG,HP Evaporator Cell 4,M-V_DIRECT,TSP.MV.HP_EVAPORATOR.WS.P_4,HP_Evaporator.TwoPhaseFlowPipe.P[4],P,LL,HP Evaporator Cell 4 압력 저저(LL),HP_Evaporator.TwoPhaseFlowPipe.P[4] < 90 Pa,ABSOLUTE_MODEL_VALUE,90,Pa,LOW,2,2 Pa,2,HIGH,주황,#FF9500,FALSE,TRUE,TRUE,NONE,TRUE,TRUE,A-L,VIRTUAL_MODEL_PRETRIP_CALIBRATION,MODEL_SIGNAL_VERIFIED_ABSOLUTE_THRESHOLD_CALIBRATED,READY_ABSOLUTE_MODEL_VALUE,https://build.openmodelica.org/Documentation/ThermoSysPro.WaterSteam.HeatExchangers.DynamicTwoPhaseFlowPipe.html,원시 변수명은 공개 빌드 로그로 확인. 임계값·지연·히스테리시스는 시연용 A-L 가정이며 현장 기준으로 교체 필요.,DCS2,HRSG,P < PRE_EVENT_BASELINE * 0.9,PRE_EVENT_BASELINE_RATIO,0.9,ratio_to_baseline,HP_Evaporator.TwoPhaseFlowPipe.P[4],100,GT_TRIP_RAW_DATA_0.1s_0-40s.csv,0-10,CALIBRATED_MODEL_DIRECT,Direct model quantity and physical unit available
AL-0123,DCS2,HRSG,dcs2.csv,ABB_HRSG_BOP,HRSG,HP HRSG,HP Evaporator Cell 4,M-V_DIRECT,TSP.MV.HP_EVAPORATOR.WS.Q_4,HP_Evaporator.TwoPhaseFlowPipe.Q[4],Q,LL,HP Evaporator Cell 4 유량 저저(LL),HP_Evaporator.TwoPhaseFlowPipe.Q[4] < 50 kg/s,ABSOLUTE_MODEL_VALUE,50,kg/s,LOW,2,5 kg/s,2,HIGH,주황,#FF9500,FALSE,TRUE,TRUE,NONE,TRUE,TRUE,A-L,VIRTUAL_MODEL_PRETRIP_CALIBRATION,MODEL_SIGNAL_VERIFIED_ABSOLUTE_THRESHOLD_CALIBRATED,READY_ABSOLUTE_MODEL_VALUE,https://build.openmodelica.org/Documentation/ThermoSysPro.WaterSteam.HeatExchangers.DynamicTwoPhaseFlowPipe.html,원시 변수명은 공개 빌드 로그로 확인. 임계값·지연·히스테리시스는 시연용 A-L 가정이며 현장 기준으로 교체 필요.,DCS2,HRSG,Q < PRE_EVENT_BASELINE * 0.5,PRE_EVENT_BASELINE_RATIO,0.5,ratio_to_baseline,HP_Evaporator.TwoPhaseFlowPipe.Q[4],100,GT_TRIP_RAW_DATA_0.1s_0-40s.csv,0-10,CALIBRATED_MODEL_DIRECT,Direct model quantity and physical unit available
AL-0124,DCS2,HRSG,dcs2.csv,ABB_HRSG_BOP,HRSG,HP HRSG,HP Evaporator Cell 4,M-V_CALCULATED,TSP.MV.HP_EVAPORATOR.WS.P_4;TSP.MV.HP_EVAPORATOR.WS.H_4,HP_Evaporator.TwoPhaseFlowPipe.P[4];HP_Evaporator.TwoPhaseFlowPipe.h[4],"T_ph(P,h)",HH,HP Evaporator Cell 4 유체온도 고고(HH),DISABLED_UNTIL_ABSOLUTE_PHYSICAL_SIGNAL_AVAILABLE,ABSOLUTE_VALUE_PENDING,,,HIGH,2,0.02 ratio,2,HIGH,주황,#FF9500,FALSE,TRUE,TRUE,NONE,FALSE,TRUE,A-L,THERMOSYSPRO_MODEL+ASSUMED_LOGIC,ABSOLUTE_PHYSICAL_VALUE_NOT_AVAILABLE,DISABLED_PENDING_PHYSICAL_OUTPUT,https://build.openmodelica.org/Documentation/ThermoSysPro.WaterSteam.HeatExchangers.DynamicTwoPhaseFlowPipe.html,원시 변수명은 공개 빌드 로그로 확인. 임계값·지연·히스테리시스는 시연용 A-L 가정이며 현장 기준으로 교체 필요.,DCS2,HRSG,"T_ph(P,h) > PRE_EVENT_BASELINE * 1.06",PRE_EVENT_BASELINE_RATIO,1.06,ratio_to_baseline,,,,,DEFERRED_PROPERTY_CALCULATION,P/h property output must be exported and calculated in physical units
AL-0125,DCS2,HRSG,dcs2.csv,ABB_HRSG_BOP,HRSG,HP HRSG,HP Evaporator Cell 4,M-V_CALCULATED,TSP.MV.HP_EVAPORATOR.WS.P_4;TSP.MV.HP_EVAPORATOR.WS.H_4,HP_Evaporator.TwoPhaseFlowPipe.P[4];HP_Evaporator.TwoPhaseFlowPipe.h[4],"T_ph(P,h)",LL,HP Evaporator Cell 4 유체온도 저저(LL),DISABLED_UNTIL_ABSOLUTE_PHYSICAL_SIGNAL_AVAILABLE,ABSOLUTE_VALUE_PENDING,,,LOW,2,0.02 ratio,2,HIGH,주황,#FF9500,FALSE,TRUE,TRUE,NONE,FALSE,TRUE,A-L,THERMOSYSPRO_MODEL+ASSUMED_LOGIC,ABSOLUTE_PHYSICAL_VALUE_NOT_AVAILABLE,DISABLED_PENDING_PHYSICAL_OUTPUT,https://build.openmodelica.org/Documentation/ThermoSysPro.WaterSteam.HeatExchangers.DynamicTwoPhaseFlowPipe.html,원시 변수명은 공개 빌드 로그로 확인. 임계값·지연·히스테리시스는 시연용 A-L 가정이며 현장 기준으로 교체 필요.,DCS2,HRSG,"T_ph(P,h) < PRE_EVENT_BASELINE * 0.94",PRE_EVENT_BASELINE_RATIO,0.94,ratio_to_baseline,,,,,DEFERRED_PROPERTY_CALCULATION,P/h property output must be exported and calculated in physical units
AL-0126,DCS2,HRSG,dcs2.csv,ABB_HRSG_BOP,HRSG,HP HRSG,HP Evaporator Wall 1,M-V_DIRECT,TSP.MV.HP_EVAPORATOR.WALL.TP_1,HP_Evaporator.ExchangerWall.Tp[1],Tp,HH,HP Evaporator Wall 1 벽온도 고고(HH),HP_Evaporator.ExchangerWall.Tp[1] > 106 K,ABSOLUTE_MODEL_VALUE,106,K,HIGH,3,2 K,2,HIGH,주황,#FF9500,FALSE,TRUE,TRUE,NONE,TRUE,TRUE,A-L,VIRTUAL_MODEL_PRETRIP_CALIBRATION,MODEL_SIGNAL_VERIFIED_ABSOLUTE_THRESHOLD_CALIBRATED,READY_ABSOLUTE_MODEL_VALUE,https://build.openmodelica.org/Documentation/ThermoSysPro.WaterSteam.HeatExchangers.DynamicTwoPhaseFlowPipe.html,원시 변수명은 공개 빌드 로그로 확인. 임계값·지연·히스테리시스는 시연용 A-L 가정이며 현장 기준으로 교체 필요.,DCS2,HRSG,Tp > PRE_EVENT_BASELINE * 1.06,PRE_EVENT_BASELINE_RATIO,1.06,ratio_to_baseline,HP_Evaporator.ExchangerWall.Tp[1],100,GT_TRIP_RAW_DATA_0.1s_0-40s.csv,0-10,CALIBRATED_MODEL_DIRECT,Direct model quantity and physical unit available
AL-0127,DCS2,HRSG,dcs2.csv,ABB_HRSG_BOP,HRSG,HP HRSG,HP Evaporator Wall 2,M-V_DIRECT,TSP.MV.HP_EVAPORATOR.WALL.TP_2,HP_Evaporator.ExchangerWall.Tp[2],Tp,HH,HP Evaporator Wall 2 벽온도 고고(HH),HP_Evaporator.ExchangerWall.Tp[2] > 106 K,ABSOLUTE_MODEL_VALUE,106,K,HIGH,3,2 K,2,HIGH,주황,#FF9500,FALSE,TRUE,TRUE,NONE,TRUE,TRUE,A-L,VIRTUAL_MODEL_PRETRIP_CALIBRATION,MODEL_SIGNAL_VERIFIED_ABSOLUTE_THRESHOLD_CALIBRATED,READY_ABSOLUTE_MODEL_VALUE,https://build.openmodelica.org/Documentation/ThermoSysPro.WaterSteam.HeatExchangers.DynamicTwoPhaseFlowPipe.html,원시 변수명은 공개 빌드 로그로 확인. 임계값·지연·히스테리시스는 시연용 A-L 가정이며 현장 기준으로 교체 필요.,DCS2,HRSG,Tp > PRE_EVENT_BASELINE * 1.06,PRE_EVENT_BASELINE_RATIO,1.06,ratio_to_baseline,HP_Evaporator.ExchangerWall.Tp[2],100,GT_TRIP_RAW_DATA_0.1s_0-40s.csv,0-10,CALIBRATED_MODEL_DIRECT,Direct model quantity and physical unit available
AL-0128,DCS2,HRSG,dcs2.csv,ABB_HRSG_BOP,HRSG,HP HRSG,HP Evaporator Wall 3,M-V_DIRECT,TSP.MV.HP_EVAPORATOR.WALL.TP_3,HP_Evaporator.ExchangerWall.Tp[3],Tp,HH,HP Evaporator Wall 3 벽온도 고고(HH),HP_Evaporator.ExchangerWall.Tp[3] > 106 K,ABSOLUTE_MODEL_VALUE,106,K,HIGH,3,2 K,2,HIGH,주황,#FF9500,FALSE,TRUE,TRUE,NONE,TRUE,TRUE,A-L,VIRTUAL_MODEL_PRETRIP_CALIBRATION,MODEL_SIGNAL_VERIFIED_ABSOLUTE_THRESHOLD_CALIBRATED,READY_ABSOLUTE_MODEL_VALUE,https://build.openmodelica.org/Documentation/ThermoSysPro.WaterSteam.HeatExchangers.DynamicTwoPhaseFlowPipe.html,원시 변수명은 공개 빌드 로그로 확인. 임계값·지연·히스테리시스는 시연용 A-L 가정이며 현장 기준으로 교체 필요.,DCS2,HRSG,Tp > PRE_EVENT_BASELINE * 1.06,PRE_EVENT_BASELINE_RATIO,1.06,ratio_to_baseline,HP_Evaporator.ExchangerWall.Tp[3],100,GT_TRIP_RAW_DATA_0.1s_0-40s.csv,0-10,CALIBRATED_MODEL_DIRECT,Direct model quantity and physical unit available
AL-0129,DCS2,HRSG,dcs2.csv,ABB_HRSG_BOP,HRSG,HP HRSG,HP Superheater 1 Cell 1,M-V_DIRECT,TSP.MV.HP_SUPERHEATER_1.WS.Q_1,HP_SuperHeater_1.TwoPhaseFlowPipe.Q[1],Q,LL,HP Superheater 1 Cell 1 유량 저저(LL),HP_SuperHeater_1.TwoPhaseFlowPipe.Q[1] < 50 kg/s,ABSOLUTE_MODEL_VALUE,50,kg/s,LOW,2,5 kg/s,2,HIGH,주황,#FF9500,FALSE,TRUE,TRUE,NONE,TRUE,TRUE,A-L,VIRTUAL_MODEL_PRETRIP_CALIBRATION,MODEL_SIGNAL_VERIFIED_ABSOLUTE_THRESHOLD_CALIBRATED,READY_ABSOLUTE_MODEL_VALUE,https://build.openmodelica.org/Documentation/ThermoSysPro.WaterSteam.HeatExchangers.DynamicTwoPhaseFlowPipe.html,원시 변수명은 공개 빌드 로그로 확인. 임계값·지연·히스테리시스는 시연용 A-L 가정이며 현장 기준으로 교체 필요.,DCS2,HRSG,Q < PRE_EVENT_BASELINE * 0.5,PRE_EVENT_BASELINE_RATIO,0.5,ratio_to_baseline,HP_SuperHeater_1.TwoPhaseFlowPipe.Q[1],100,GT_TRIP_RAW_DATA_0.1s_0-40s.csv,0-10,CALIBRATED_MODEL_DIRECT,Direct model quantity and physical unit available
AL-0130,DCS2,HRSG,dcs2.csv,ABB_HRSG_BOP,HRSG,HP HRSG,HP Superheater 1 Cell 2,M-V_DIRECT,TSP.MV.HP_SUPERHEATER_1.WS.P_2,HP_SuperHeater_1.TwoPhaseFlowPipe.P[2],P,HH,HP Superheater 1 Cell 2 압력 고고(HH),HP_SuperHeater_1.TwoPhaseFlowPipe.P[2] > 110 Pa,ABSOLUTE_MODEL_VALUE,110,Pa,HIGH,2,2 Pa,2,HIGH,주황,#FF9500,FALSE,TRUE,TRUE,NONE,TRUE,TRUE,A-L,VIRTUAL_MODEL_PRETRIP_CALIBRATION,MODEL_SIGNAL_VERIFIED_ABSOLUTE_THRESHOLD_CALIBRATED,READY_ABSOLUTE_MODEL_VALUE,https://build.openmodelica.org/Documentation/ThermoSysPro.WaterSteam.HeatExchangers.DynamicTwoPhaseFlowPipe.html,원시 변수명은 공개 빌드 로그로 확인. 임계값·지연·히스테리시스는 시연용 A-L 가정이며 현장 기준으로 교체 필요.,DCS2,HRSG,P > PRE_EVENT_BASELINE * 1.1,PRE_EVENT_BASELINE_RATIO,1.1,ratio_to_baseline,HP_SuperHeater_1.TwoPhaseFlowPipe.P[2],100,GT_TRIP_RAW_DATA_0.1s_0-40s.csv,0-10,CALIBRATED_MODEL_DIRECT,Direct model quantity and physical unit available
AL-0131,DCS2,HRSG,dcs2.csv,ABB_HRSG_BOP,HRSG,HP HRSG,HP Superheater 1 Cell 2,M-V_DIRECT,TSP.MV.HP_SUPERHEATER_1.WS.P_2,HP_SuperHeater_1.TwoPhaseFlowPipe.P[2],P,LL,HP Superheater 1 Cell 2 압력 저저(LL),HP_SuperHeater_1.TwoPhaseFlowPipe.P[2] < 90 Pa,ABSOLUTE_MODEL_VALUE,90,Pa,LOW,2,2 Pa,2,HIGH,주황,#FF9500,FALSE,TRUE,TRUE,NONE,TRUE,TRUE,A-L,VIRTUAL_MODEL_PRETRIP_CALIBRATION,MODEL_SIGNAL_VERIFIED_ABSOLUTE_THRESHOLD_CALIBRATED,READY_ABSOLUTE_MODEL_VALUE,https://build.openmodelica.org/Documentation/ThermoSysPro.WaterSteam.HeatExchangers.DynamicTwoPhaseFlowPipe.html,원시 변수명은 공개 빌드 로그로 확인. 임계값·지연·히스테리시스는 시연용 A-L 가정이며 현장 기준으로 교체 필요.,DCS2,HRSG,P < PRE_EVENT_BASELINE * 0.9,PRE_EVENT_BASELINE_RATIO,0.9,ratio_to_baseline,HP_SuperHeater_1.TwoPhaseFlowPipe.P[2],100,GT_TRIP_RAW_DATA_0.1s_0-40s.csv,0-10,CALIBRATED_MODEL_DIRECT,Direct model quantity and physical unit available
AL-0132,DCS2,HRSG,dcs2.csv,ABB_HRSG_BOP,HRSG,HP HRSG,HP Superheater 1 Cell 2,M-V_DIRECT,TSP.MV.HP_SUPERHEATER_1.WS.Q_2,HP_SuperHeater_1.TwoPhaseFlowPipe.Q[2],Q,LL,HP Superheater 1 Cell 2 유량 저저(LL),HP_SuperHeater_1.TwoPhaseFlowPipe.Q[2] < 50 kg/s,ABSOLUTE_MODEL_VALUE,50,kg/s,LOW,2,5 kg/s,2,HIGH,주황,#FF9500,FALSE,TRUE,TRUE,NONE,TRUE,TRUE,A-L,VIRTUAL_MODEL_PRETRIP_CALIBRATION,MODEL_SIGNAL_VERIFIED_ABSOLUTE_THRESHOLD_CALIBRATED,READY_ABSOLUTE_MODEL_VALUE,https://build.openmodelica.org/Documentation/ThermoSysPro.WaterSteam.HeatExchangers.DynamicTwoPhaseFlowPipe.html,원시 변수명은 공개 빌드 로그로 확인. 임계값·지연·히스테리시스는 시연용 A-L 가정이며 현장 기준으로 교체 필요.,DCS2,HRSG,Q < PRE_EVENT_BASELINE * 0.5,PRE_EVENT_BASELINE_RATIO,0.5,ratio_to_baseline,HP_SuperHeater_1.TwoPhaseFlowPipe.Q[2],100,GT_TRIP_RAW_DATA_0.1s_0-40s.csv,0-10,CALIBRATED_MODEL_DIRECT,Direct model quantity and physical unit available
AL-0133,DCS2,HRSG,dcs2.csv,ABB_HRSG_BOP,HRSG,HP HRSG,HP Superheater 1 Cell 2,M-V_CALCULATED,TSP.MV.HP_SUPERHEATER_1.WS.P_2;TSP.MV.HP_SUPERHEATER_1.WS.H_2,HP_SuperHeater_1.TwoPhaseFlowPipe.P[2];HP_SuperHeater_1.TwoPhaseFlowPipe.h[2],"T_ph(P,h)",HH,HP Superheater 1 Cell 2 유체온도 고고(HH),DISABLED_UNTIL_ABSOLUTE_PHYSICAL_SIGNAL_AVAILABLE,ABSOLUTE_VALUE_PENDING,,,HIGH,2,0.02 ratio,2,HIGH,주황,#FF9500,FALSE,TRUE,TRUE,NONE,FALSE,TRUE,A-L,THERMOSYSPRO_MODEL+ASSUMED_LOGIC,ABSOLUTE_PHYSICAL_VALUE_NOT_AVAILABLE,DISABLED_PENDING_PHYSICAL_OUTPUT,https://build.openmodelica.org/Documentation/ThermoSysPro.WaterSteam.HeatExchangers.DynamicTwoPhaseFlowPipe.html,원시 변수명은 공개 빌드 로그로 확인. 임계값·지연·히스테리시스는 시연용 A-L 가정이며 현장 기준으로 교체 필요.,DCS2,HRSG,"T_ph(P,h) > PRE_EVENT_BASELINE * 1.06",PRE_EVENT_BASELINE_RATIO,1.06,ratio_to_baseline,,,,,DEFERRED_PROPERTY_CALCULATION,P/h property output must be exported and calculated in physical units
AL-0134,DCS2,HRSG,dcs2.csv,ABB_HRSG_BOP,HRSG,HP HRSG,HP Superheater 1 Cell 2,M-V_CALCULATED,TSP.MV.HP_SUPERHEATER_1.WS.P_2;TSP.MV.HP_SUPERHEATER_1.WS.H_2,HP_SuperHeater_1.TwoPhaseFlowPipe.P[2];HP_SuperHeater_1.TwoPhaseFlowPipe.h[2],"T_ph(P,h)",LL,HP Superheater 1 Cell 2 유체온도 저저(LL),DISABLED_UNTIL_ABSOLUTE_PHYSICAL_SIGNAL_AVAILABLE,ABSOLUTE_VALUE_PENDING,,,LOW,2,0.02 ratio,2,HIGH,주황,#FF9500,FALSE,TRUE,TRUE,NONE,FALSE,TRUE,A-L,THERMOSYSPRO_MODEL+ASSUMED_LOGIC,ABSOLUTE_PHYSICAL_VALUE_NOT_AVAILABLE,DISABLED_PENDING_PHYSICAL_OUTPUT,https://build.openmodelica.org/Documentation/ThermoSysPro.WaterSteam.HeatExchangers.DynamicTwoPhaseFlowPipe.html,원시 변수명은 공개 빌드 로그로 확인. 임계값·지연·히스테리시스는 시연용 A-L 가정이며 현장 기준으로 교체 필요.,DCS2,HRSG,"T_ph(P,h) < PRE_EVENT_BASELINE * 0.94",PRE_EVENT_BASELINE_RATIO,0.94,ratio_to_baseline,,,,,DEFERRED_PROPERTY_CALCULATION,P/h property output must be exported and calculated in physical units
AL-0135,DCS2,HRSG,dcs2.csv,ABB_HRSG_BOP,HRSG,HP HRSG,HP Superheater 1 Cell 3,M-V_DIRECT,TSP.MV.HP_SUPERHEATER_1.WS.P_3,HP_SuperHeater_1.TwoPhaseFlowPipe.P[3],P,HH,HP Superheater 1 Cell 3 압력 고고(HH),HP_SuperHeater_1.TwoPhaseFlowPipe.P[3] > 110 Pa,ABSOLUTE_MODEL_VALUE,110,Pa,HIGH,2,2 Pa,2,HIGH,주황,#FF9500,FALSE,TRUE,TRUE,NONE,TRUE,TRUE,A-L,VIRTUAL_MODEL_PRETRIP_CALIBRATION,MODEL_SIGNAL_VERIFIED_ABSOLUTE_THRESHOLD_CALIBRATED,READY_ABSOLUTE_MODEL_VALUE,https://build.openmodelica.org/Documentation/ThermoSysPro.WaterSteam.HeatExchangers.DynamicTwoPhaseFlowPipe.html,원시 변수명은 공개 빌드 로그로 확인. 임계값·지연·히스테리시스는 시연용 A-L 가정이며 현장 기준으로 교체 필요.,DCS2,HRSG,P > PRE_EVENT_BASELINE * 1.1,PRE_EVENT_BASELINE_RATIO,1.1,ratio_to_baseline,HP_SuperHeater_1.TwoPhaseFlowPipe.P[3],100,GT_TRIP_RAW_DATA_0.1s_0-40s.csv,0-10,CALIBRATED_MODEL_DIRECT,Direct model quantity and physical unit available
AL-0136,DCS2,HRSG,dcs2.csv,ABB_HRSG_BOP,HRSG,HP HRSG,HP Superheater 1 Cell 3,M-V_DIRECT,TSP.MV.HP_SUPERHEATER_1.WS.P_3,HP_SuperHeater_1.TwoPhaseFlowPipe.P[3],P,LL,HP Superheater 1 Cell 3 압력 저저(LL),HP_SuperHeater_1.TwoPhaseFlowPipe.P[3] < 90 Pa,ABSOLUTE_MODEL_VALUE,90,Pa,LOW,2,2 Pa,2,HIGH,주황,#FF9500,FALSE,TRUE,TRUE,NONE,TRUE,TRUE,A-L,VIRTUAL_MODEL_PRETRIP_CALIBRATION,MODEL_SIGNAL_VERIFIED_ABSOLUTE_THRESHOLD_CALIBRATED,READY_ABSOLUTE_MODEL_VALUE,https://build.openmodelica.org/Documentation/ThermoSysPro.WaterSteam.HeatExchangers.DynamicTwoPhaseFlowPipe.html,원시 변수명은 공개 빌드 로그로 확인. 임계값·지연·히스테리시스는 시연용 A-L 가정이며 현장 기준으로 교체 필요.,DCS2,HRSG,P < PRE_EVENT_BASELINE * 0.9,PRE_EVENT_BASELINE_RATIO,0.9,ratio_to_baseline,HP_SuperHeater_1.TwoPhaseFlowPipe.P[3],100,GT_TRIP_RAW_DATA_0.1s_0-40s.csv,0-10,CALIBRATED_MODEL_DIRECT,Direct model quantity and physical unit available
AL-0137,DCS2,HRSG,dcs2.csv,ABB_HRSG_BOP,HRSG,HP HRSG,HP Superheater 1 Cell 3,M-V_DIRECT,TSP.MV.HP_SUPERHEATER_1.WS.Q_3,HP_SuperHeater_1.TwoPhaseFlowPipe.Q[3],Q,LL,HP Superheater 1 Cell 3 유량 저저(LL),HP_SuperHeater_1.TwoPhaseFlowPipe.Q[3] < 50 kg/s,ABSOLUTE_MODEL_VALUE,50,kg/s,LOW,2,5 kg/s,2,HIGH,주황,#FF9500,FALSE,TRUE,TRUE,NONE,TRUE,TRUE,A-L,VIRTUAL_MODEL_PRETRIP_CALIBRATION,MODEL_SIGNAL_VERIFIED_ABSOLUTE_THRESHOLD_CALIBRATED,READY_ABSOLUTE_MODEL_VALUE,https://build.openmodelica.org/Documentation/ThermoSysPro.WaterSteam.HeatExchangers.DynamicTwoPhaseFlowPipe.html,원시 변수명은 공개 빌드 로그로 확인. 임계값·지연·히스테리시스는 시연용 A-L 가정이며 현장 기준으로 교체 필요.,DCS2,HRSG,Q < PRE_EVENT_BASELINE * 0.5,PRE_EVENT_BASELINE_RATIO,0.5,ratio_to_baseline,HP_SuperHeater_1.TwoPhaseFlowPipe.Q[3],100,GT_TRIP_RAW_DATA_0.1s_0-40s.csv,0-10,CALIBRATED_MODEL_DIRECT,Direct model quantity and physical unit available
AL-0138,DCS2,HRSG,dcs2.csv,ABB_HRSG_BOP,HRSG,HP HRSG,HP Superheater 1 Cell 3,M-V_CALCULATED,TSP.MV.HP_SUPERHEATER_1.WS.P_3;TSP.MV.HP_SUPERHEATER_1.WS.H_3,HP_SuperHeater_1.TwoPhaseFlowPipe.P[3];HP_SuperHeater_1.TwoPhaseFlowPipe.h[3],"T_ph(P,h)",HH,HP Superheater 1 Cell 3 유체온도 고고(HH),DISABLED_UNTIL_ABSOLUTE_PHYSICAL_SIGNAL_AVAILABLE,ABSOLUTE_VALUE_PENDING,,,HIGH,2,0.02 ratio,2,HIGH,주황,#FF9500,FALSE,TRUE,TRUE,NONE,FALSE,TRUE,A-L,THERMOSYSPRO_MODEL+ASSUMED_LOGIC,ABSOLUTE_PHYSICAL_VALUE_NOT_AVAILABLE,DISABLED_PENDING_PHYSICAL_OUTPUT,https://build.openmodelica.org/Documentation/ThermoSysPro.WaterSteam.HeatExchangers.DynamicTwoPhaseFlowPipe.html,원시 변수명은 공개 빌드 로그로 확인. 임계값·지연·히스테리시스는 시연용 A-L 가정이며 현장 기준으로 교체 필요.,DCS2,HRSG,"T_ph(P,h) > PRE_EVENT_BASELINE * 1.06",PRE_EVENT_BASELINE_RATIO,1.06,ratio_to_baseline,,,,,DEFERRED_PROPERTY_CALCULATION,P/h property output must be exported and calculated in physical units
AL-0139,DCS2,HRSG,dcs2.csv,ABB_HRSG_BOP,HRSG,HP HRSG,HP Superheater 1 Cell 3,M-V_CALCULATED,TSP.MV.HP_SUPERHEATER_1.WS.P_3;TSP.MV.HP_SUPERHEATER_1.WS.H_3,HP_SuperHeater_1.TwoPhaseFlowPipe.P[3];HP_SuperHeater_1.TwoPhaseFlowPipe.h[3],"T_ph(P,h)",LL,HP Superheater 1 Cell 3 유체온도 저저(LL),DISABLED_UNTIL_ABSOLUTE_PHYSICAL_SIGNAL_AVAILABLE,ABSOLUTE_VALUE_PENDING,,,LOW,2,0.02 ratio,2,HIGH,주황,#FF9500,FALSE,TRUE,TRUE,NONE,FALSE,TRUE,A-L,THERMOSYSPRO_MODEL+ASSUMED_LOGIC,ABSOLUTE_PHYSICAL_VALUE_NOT_AVAILABLE,DISABLED_PENDING_PHYSICAL_OUTPUT,https://build.openmodelica.org/Documentation/ThermoSysPro.WaterSteam.HeatExchangers.DynamicTwoPhaseFlowPipe.html,원시 변수명은 공개 빌드 로그로 확인. 임계값·지연·히스테리시스는 시연용 A-L 가정이며 현장 기준으로 교체 필요.,DCS2,HRSG,"T_ph(P,h) < PRE_EVENT_BASELINE * 0.94",PRE_EVENT_BASELINE_RATIO,0.94,ratio_to_baseline,,,,,DEFERRED_PROPERTY_CALCULATION,P/h property output must be exported and calculated in physical units
AL-0140,DCS2,HRSG,dcs2.csv,ABB_HRSG_BOP,HRSG,HP HRSG,HP Superheater 1 Cell 4,M-V_DIRECT,TSP.MV.HP_SUPERHEATER_1.WS.P_4,HP_SuperHeater_1.TwoPhaseFlowPipe.P[4],P,HH,HP Superheater 1 Cell 4 압력 고고(HH),HP_SuperHeater_1.TwoPhaseFlowPipe.P[4] > 110 Pa,ABSOLUTE_MODEL_VALUE,110,Pa,HIGH,2,2 Pa,2,HIGH,주황,#FF9500,FALSE,TRUE,TRUE,NONE,TRUE,TRUE,A-L,VIRTUAL_MODEL_PRETRIP_CALIBRATION,MODEL_SIGNAL_VERIFIED_ABSOLUTE_THRESHOLD_CALIBRATED,READY_ABSOLUTE_MODEL_VALUE,https://build.openmodelica.org/Documentation/ThermoSysPro.WaterSteam.HeatExchangers.DynamicTwoPhaseFlowPipe.html,원시 변수명은 공개 빌드 로그로 확인. 임계값·지연·히스테리시스는 시연용 A-L 가정이며 현장 기준으로 교체 필요.,DCS2,HRSG,P > PRE_EVENT_BASELINE * 1.1,PRE_EVENT_BASELINE_RATIO,1.1,ratio_to_baseline,HP_SuperHeater_1.TwoPhaseFlowPipe.P[4],100,GT_TRIP_RAW_DATA_0.1s_0-40s.csv,0-10,CALIBRATED_MODEL_DIRECT,Direct model quantity and physical unit available
AL-0141,DCS2,HRSG,dcs2.csv,ABB_HRSG_BOP,HRSG,HP HRSG,HP Superheater 1 Cell 4,M-V_DIRECT,TSP.MV.HP_SUPERHEATER_1.WS.P_4,HP_SuperHeater_1.TwoPhaseFlowPipe.P[4],P,LL,HP Superheater 1 Cell 4 압력 저저(LL),HP_SuperHeater_1.TwoPhaseFlowPipe.P[4] < 90 Pa,ABSOLUTE_MODEL_VALUE,90,Pa,LOW,2,2 Pa,2,HIGH,주황,#FF9500,FALSE,TRUE,TRUE,NONE,TRUE,TRUE,A-L,VIRTUAL_MODEL_PRETRIP_CALIBRATION,MODEL_SIGNAL_VERIFIED_ABSOLUTE_THRESHOLD_CALIBRATED,READY_ABSOLUTE_MODEL_VALUE,https://build.openmodelica.org/Documentation/ThermoSysPro.WaterSteam.HeatExchangers.DynamicTwoPhaseFlowPipe.html,원시 변수명은 공개 빌드 로그로 확인. 임계값·지연·히스테리시스는 시연용 A-L 가정이며 현장 기준으로 교체 필요.,DCS2,HRSG,P < PRE_EVENT_BASELINE * 0.9,PRE_EVENT_BASELINE_RATIO,0.9,ratio_to_baseline,HP_SuperHeater_1.TwoPhaseFlowPipe.P[4],100,GT_TRIP_RAW_DATA_0.1s_0-40s.csv,0-10,CALIBRATED_MODEL_DIRECT,Direct model quantity and physical unit available
AL-0142,DCS2,HRSG,dcs2.csv,ABB_HRSG_BOP,HRSG,HP HRSG,HP Superheater 1 Cell 4,M-V_DIRECT,TSP.MV.HP_SUPERHEATER_1.WS.Q_4,HP_SuperHeater_1.TwoPhaseFlowPipe.Q[4],Q,LL,HP Superheater 1 Cell 4 유량 저저(LL),HP_SuperHeater_1.TwoPhaseFlowPipe.Q[4] < 50 kg/s,ABSOLUTE_MODEL_VALUE,50,kg/s,LOW,2,5 kg/s,2,HIGH,주황,#FF9500,FALSE,TRUE,TRUE,NONE,TRUE,TRUE,A-L,VIRTUAL_MODEL_PRETRIP_CALIBRATION,MODEL_SIGNAL_VERIFIED_ABSOLUTE_THRESHOLD_CALIBRATED,READY_ABSOLUTE_MODEL_VALUE,https://build.openmodelica.org/Documentation/ThermoSysPro.WaterSteam.HeatExchangers.DynamicTwoPhaseFlowPipe.html,원시 변수명은 공개 빌드 로그로 확인. 임계값·지연·히스테리시스는 시연용 A-L 가정이며 현장 기준으로 교체 필요.,DCS2,HRSG,Q < PRE_EVENT_BASELINE * 0.5,PRE_EVENT_BASELINE_RATIO,0.5,ratio_to_baseline,HP_SuperHeater_1.TwoPhaseFlowPipe.Q[4],100,GT_TRIP_RAW_DATA_0.1s_0-40s.csv,0-10,CALIBRATED_MODEL_DIRECT,Direct model quantity and physical unit available
AL-0143,DCS2,HRSG,dcs2.csv,ABB_HRSG_BOP,HRSG,HP HRSG,HP Superheater 1 Cell 4,M-V_CALCULATED,TSP.MV.HP_SUPERHEATER_1.WS.P_4;TSP.MV.HP_SUPERHEATER_1.WS.H_4,HP_SuperHeater_1.TwoPhaseFlowPipe.P[4];HP_SuperHeater_1.TwoPhaseFlowPipe.h[4],"T_ph(P,h)",HH,HP Superheater 1 Cell 4 유체온도 고고(HH),DISABLED_UNTIL_ABSOLUTE_PHYSICAL_SIGNAL_AVAILABLE,ABSOLUTE_VALUE_PENDING,,,HIGH,2,0.02 ratio,2,HIGH,주황,#FF9500,FALSE,TRUE,TRUE,NONE,FALSE,TRUE,A-L,THERMOSYSPRO_MODEL+ASSUMED_LOGIC,ABSOLUTE_PHYSICAL_VALUE_NOT_AVAILABLE,DISABLED_PENDING_PHYSICAL_OUTPUT,https://build.openmodelica.org/Documentation/ThermoSysPro.WaterSteam.HeatExchangers.DynamicTwoPhaseFlowPipe.html,원시 변수명은 공개 빌드 로그로 확인. 임계값·지연·히스테리시스는 시연용 A-L 가정이며 현장 기준으로 교체 필요.,DCS2,HRSG,"T_ph(P,h) > PRE_EVENT_BASELINE * 1.06",PRE_EVENT_BASELINE_RATIO,1.06,ratio_to_baseline,,,,,DEFERRED_PROPERTY_CALCULATION,P/h property output must be exported and calculated in physical units
AL-0144,DCS2,HRSG,dcs2.csv,ABB_HRSG_BOP,HRSG,HP HRSG,HP Superheater 1 Cell 4,M-V_CALCULATED,TSP.MV.HP_SUPERHEATER_1.WS.P_4;TSP.MV.HP_SUPERHEATER_1.WS.H_4,HP_SuperHeater_1.TwoPhaseFlowPipe.P[4];HP_SuperHeater_1.TwoPhaseFlowPipe.h[4],"T_ph(P,h)",LL,HP Superheater 1 Cell 4 유체온도 저저(LL),DISABLED_UNTIL_ABSOLUTE_PHYSICAL_SIGNAL_AVAILABLE,ABSOLUTE_VALUE_PENDING,,,LOW,2,0.02 ratio,2,HIGH,주황,#FF9500,FALSE,TRUE,TRUE,NONE,FALSE,TRUE,A-L,THERMOSYSPRO_MODEL+ASSUMED_LOGIC,ABSOLUTE_PHYSICAL_VALUE_NOT_AVAILABLE,DISABLED_PENDING_PHYSICAL_OUTPUT,https://build.openmodelica.org/Documentation/ThermoSysPro.WaterSteam.HeatExchangers.DynamicTwoPhaseFlowPipe.html,원시 변수명은 공개 빌드 로그로 확인. 임계값·지연·히스테리시스는 시연용 A-L 가정이며 현장 기준으로 교체 필요.,DCS2,HRSG,"T_ph(P,h) < PRE_EVENT_BASELINE * 0.94",PRE_EVENT_BASELINE_RATIO,0.94,ratio_to_baseline,,,,,DEFERRED_PROPERTY_CALCULATION,P/h property output must be exported and calculated in physical units
AL-0145,DCS2,HRSG,dcs2.csv,ABB_HRSG_BOP,HRSG,HP HRSG,HP Superheater 1 Wall 1,M-V_DIRECT,TSP.MV.HP_SUPERHEATER_1.WALL.TP_1,HP_SuperHeater_1.ExchangerWall.Tp[1],Tp,HH,HP Superheater 1 Wall 1 벽온도 고고(HH),HP_SuperHeater_1.ExchangerWall.Tp[1] > 106 K,ABSOLUTE_MODEL_VALUE,106,K,HIGH,3,2 K,2,HIGH,주황,#FF9500,FALSE,TRUE,TRUE,NONE,TRUE,TRUE,A-L,VIRTUAL_MODEL_PRETRIP_CALIBRATION,MODEL_SIGNAL_VERIFIED_ABSOLUTE_THRESHOLD_CALIBRATED,READY_ABSOLUTE_MODEL_VALUE,https://build.openmodelica.org/Documentation/ThermoSysPro.WaterSteam.HeatExchangers.DynamicTwoPhaseFlowPipe.html,원시 변수명은 공개 빌드 로그로 확인. 임계값·지연·히스테리시스는 시연용 A-L 가정이며 현장 기준으로 교체 필요.,DCS2,HRSG,Tp > PRE_EVENT_BASELINE * 1.06,PRE_EVENT_BASELINE_RATIO,1.06,ratio_to_baseline,HP_SuperHeater_1.ExchangerWall.Tp[1],100,GT_TRIP_RAW_DATA_0.1s_0-40s.csv,0-10,CALIBRATED_MODEL_DIRECT,Direct model quantity and physical unit available
AL-0146,DCS2,HRSG,dcs2.csv,ABB_HRSG_BOP,HRSG,HP HRSG,HP Superheater 1 Wall 2,M-V_DIRECT,TSP.MV.HP_SUPERHEATER_1.WALL.TP_2,HP_SuperHeater_1.ExchangerWall.Tp[2],Tp,HH,HP Superheater 1 Wall 2 벽온도 고고(HH),HP_SuperHeater_1.ExchangerWall.Tp[2] > 106 K,ABSOLUTE_MODEL_VALUE,106,K,HIGH,3,2 K,2,HIGH,주황,#FF9500,FALSE,TRUE,TRUE,NONE,TRUE,TRUE,A-L,VIRTUAL_MODEL_PRETRIP_CALIBRATION,MODEL_SIGNAL_VERIFIED_ABSOLUTE_THRESHOLD_CALIBRATED,READY_ABSOLUTE_MODEL_VALUE,https://build.openmodelica.org/Documentation/ThermoSysPro.WaterSteam.HeatExchangers.DynamicTwoPhaseFlowPipe.html,원시 변수명은 공개 빌드 로그로 확인. 임계값·지연·히스테리시스는 시연용 A-L 가정이며 현장 기준으로 교체 필요.,DCS2,HRSG,Tp > PRE_EVENT_BASELINE * 1.06,PRE_EVENT_BASELINE_RATIO,1.06,ratio_to_baseline,HP_SuperHeater_1.ExchangerWall.Tp[2],100,GT_TRIP_RAW_DATA_0.1s_0-40s.csv,0-10,CALIBRATED_MODEL_DIRECT,Direct model quantity and physical unit available
AL-0147,DCS2,HRSG,dcs2.csv,ABB_HRSG_BOP,HRSG,HP HRSG,HP Superheater 1 Wall 3,M-V_DIRECT,TSP.MV.HP_SUPERHEATER_1.WALL.TP_3,HP_SuperHeater_1.ExchangerWall.Tp[3],Tp,HH,HP Superheater 1 Wall 3 벽온도 고고(HH),HP_SuperHeater_1.ExchangerWall.Tp[3] > 106 K,ABSOLUTE_MODEL_VALUE,106,K,HIGH,3,2 K,2,HIGH,주황,#FF9500,FALSE,TRUE,TRUE,NONE,TRUE,TRUE,A-L,VIRTUAL_MODEL_PRETRIP_CALIBRATION,MODEL_SIGNAL_VERIFIED_ABSOLUTE_THRESHOLD_CALIBRATED,READY_ABSOLUTE_MODEL_VALUE,https://build.openmodelica.org/Documentation/ThermoSysPro.WaterSteam.HeatExchangers.DynamicTwoPhaseFlowPipe.html,원시 변수명은 공개 빌드 로그로 확인. 임계값·지연·히스테리시스는 시연용 A-L 가정이며 현장 기준으로 교체 필요.,DCS2,HRSG,Tp > PRE_EVENT_BASELINE * 1.06,PRE_EVENT_BASELINE_RATIO,1.06,ratio_to_baseline,HP_SuperHeater_1.ExchangerWall.Tp[3],100,GT_TRIP_RAW_DATA_0.1s_0-40s.csv,0-10,CALIBRATED_MODEL_DIRECT,Direct model quantity and physical unit available
AL-0148,DCS2,HRSG,dcs2.csv,ABB_HRSG_BOP,HRSG,HP HRSG,HP Superheater 2 Cell 2,M-V_DIRECT,TSP.MV.HP_SUPERHEATER_2.WS.P_2,HP_SuperHeater_2.TwoPhaseFlowPipe.P[2],P,HH,HP Superheater 2 Cell 2 압력 고고(HH),HP_SuperHeater_2.TwoPhaseFlowPipe.P[2] > 110 Pa,ABSOLUTE_MODEL_VALUE,110,Pa,HIGH,2,2 Pa,2,HIGH,주황,#FF9500,FALSE,TRUE,TRUE,NONE,TRUE,TRUE,A-L,VIRTUAL_MODEL_PRETRIP_CALIBRATION,MODEL_SIGNAL_VERIFIED_ABSOLUTE_THRESHOLD_CALIBRATED,READY_ABSOLUTE_MODEL_VALUE,https://build.openmodelica.org/Documentation/ThermoSysPro.WaterSteam.HeatExchangers.DynamicTwoPhaseFlowPipe.html,원시 변수명은 공개 빌드 로그로 확인. 임계값·지연·히스테리시스는 시연용 A-L 가정이며 현장 기준으로 교체 필요.,DCS2,HRSG,P > PRE_EVENT_BASELINE * 1.1,PRE_EVENT_BASELINE_RATIO,1.1,ratio_to_baseline,HP_SuperHeater_2.TwoPhaseFlowPipe.P[2],100,GT_TRIP_RAW_DATA_0.1s_0-40s.csv,0-10,CALIBRATED_MODEL_DIRECT,Direct model quantity and physical unit available
AL-0149,DCS2,HRSG,dcs2.csv,ABB_HRSG_BOP,HRSG,HP HRSG,HP Superheater 2 Cell 2,M-V_DIRECT,TSP.MV.HP_SUPERHEATER_2.WS.P_2,HP_SuperHeater_2.TwoPhaseFlowPipe.P[2],P,LL,HP Superheater 2 Cell 2 압력 저저(LL),HP_SuperHeater_2.TwoPhaseFlowPipe.P[2] < 90 Pa,ABSOLUTE_MODEL_VALUE,90,Pa,LOW,2,2 Pa,2,HIGH,주황,#FF9500,FALSE,TRUE,TRUE,NONE,TRUE,TRUE,A-L,VIRTUAL_MODEL_PRETRIP_CALIBRATION,MODEL_SIGNAL_VERIFIED_ABSOLUTE_THRESHOLD_CALIBRATED,READY_ABSOLUTE_MODEL_VALUE,https://build.openmodelica.org/Documentation/ThermoSysPro.WaterSteam.HeatExchangers.DynamicTwoPhaseFlowPipe.html,원시 변수명은 공개 빌드 로그로 확인. 임계값·지연·히스테리시스는 시연용 A-L 가정이며 현장 기준으로 교체 필요.,DCS2,HRSG,P < PRE_EVENT_BASELINE * 0.9,PRE_EVENT_BASELINE_RATIO,0.9,ratio_to_baseline,HP_SuperHeater_2.TwoPhaseFlowPipe.P[2],100,GT_TRIP_RAW_DATA_0.1s_0-40s.csv,0-10,CALIBRATED_MODEL_DIRECT,Direct model quantity and physical unit available
AL-0150,DCS2,HRSG,dcs2.csv,ABB_HRSG_BOP,HRSG,HP HRSG,HP Superheater 2 Cell 2,M-V_DIRECT,TSP.MV.HP_SUPERHEATER_2.WS.Q_2,HP_SuperHeater_2.TwoPhaseFlowPipe.Q[2],Q,LL,HP Superheater 2 Cell 2 유량 저저(LL),HP_SuperHeater_2.TwoPhaseFlowPipe.Q[2] < 50 kg/s,ABSOLUTE_MODEL_VALUE,50,kg/s,LOW,2,5 kg/s,2,HIGH,주황,#FF9500,FALSE,TRUE,TRUE,NONE,TRUE,TRUE,A-L,VIRTUAL_MODEL_PRETRIP_CALIBRATION,MODEL_SIGNAL_VERIFIED_ABSOLUTE_THRESHOLD_CALIBRATED,READY_ABSOLUTE_MODEL_VALUE,https://build.openmodelica.org/Documentation/ThermoSysPro.WaterSteam.HeatExchangers.DynamicTwoPhaseFlowPipe.html,원시 변수명은 공개 빌드 로그로 확인. 임계값·지연·히스테리시스는 시연용 A-L 가정이며 현장 기준으로 교체 필요.,DCS2,HRSG,Q < PRE_EVENT_BASELINE * 0.5,PRE_EVENT_BASELINE_RATIO,0.5,ratio_to_baseline,HP_SuperHeater_2.TwoPhaseFlowPipe.Q[2],100,GT_TRIP_RAW_DATA_0.1s_0-40s.csv,0-10,CALIBRATED_MODEL_DIRECT,Direct model quantity and physical unit available
AL-0151,DCS2,HRSG,dcs2.csv,ABB_HRSG_BOP,HRSG,HP HRSG,HP Superheater 2 Cell 2,M-V_CALCULATED,TSP.MV.HP_SUPERHEATER_2.WS.P_2;TSP.MV.HP_SUPERHEATER_2.WS.H_2,HP_SuperHeater_2.TwoPhaseFlowPipe.P[2];HP_SuperHeater_2.TwoPhaseFlowPipe.h[2],"T_ph(P,h)",HH,HP Superheater 2 Cell 2 유체온도 고고(HH),DISABLED_UNTIL_ABSOLUTE_PHYSICAL_SIGNAL_AVAILABLE,ABSOLUTE_VALUE_PENDING,,,HIGH,2,0.02 ratio,2,HIGH,주황,#FF9500,FALSE,TRUE,TRUE,NONE,FALSE,TRUE,A-L,THERMOSYSPRO_MODEL+ASSUMED_LOGIC,ABSOLUTE_PHYSICAL_VALUE_NOT_AVAILABLE,DISABLED_PENDING_PHYSICAL_OUTPUT,https://build.openmodelica.org/Documentation/ThermoSysPro.WaterSteam.HeatExchangers.DynamicTwoPhaseFlowPipe.html,원시 변수명은 공개 빌드 로그로 확인. 임계값·지연·히스테리시스는 시연용 A-L 가정이며 현장 기준으로 교체 필요.,DCS2,HRSG,"T_ph(P,h) > PRE_EVENT_BASELINE * 1.06",PRE_EVENT_BASELINE_RATIO,1.06,ratio_to_baseline,,,,,DEFERRED_PROPERTY_CALCULATION,P/h property output must be exported and calculated in physical units
AL-0152,DCS2,HRSG,dcs2.csv,ABB_HRSG_BOP,HRSG,HP HRSG,HP Superheater 2 Cell 2,M-V_CALCULATED,TSP.MV.HP_SUPERHEATER_2.WS.P_2;TSP.MV.HP_SUPERHEATER_2.WS.H_2,HP_SuperHeater_2.TwoPhaseFlowPipe.P[2];HP_SuperHeater_2.TwoPhaseFlowPipe.h[2],"T_ph(P,h)",LL,HP Superheater 2 Cell 2 유체온도 저저(LL),DISABLED_UNTIL_ABSOLUTE_PHYSICAL_SIGNAL_AVAILABLE,ABSOLUTE_VALUE_PENDING,,,LOW,2,0.02 ratio,2,HIGH,주황,#FF9500,FALSE,TRUE,TRUE,NONE,FALSE,TRUE,A-L,THERMOSYSPRO_MODEL+ASSUMED_LOGIC,ABSOLUTE_PHYSICAL_VALUE_NOT_AVAILABLE,DISABLED_PENDING_PHYSICAL_OUTPUT,https://build.openmodelica.org/Documentation/ThermoSysPro.WaterSteam.HeatExchangers.DynamicTwoPhaseFlowPipe.html,원시 변수명은 공개 빌드 로그로 확인. 임계값·지연·히스테리시스는 시연용 A-L 가정이며 현장 기준으로 교체 필요.,DCS2,HRSG,"T_ph(P,h) < PRE_EVENT_BASELINE * 0.94",PRE_EVENT_BASELINE_RATIO,0.94,ratio_to_baseline,,,,,DEFERRED_PROPERTY_CALCULATION,P/h property output must be exported and calculated in physical units
AL-0153,DCS2,HRSG,dcs2.csv,ABB_HRSG_BOP,HRSG,HP HRSG,HP Superheater 2 Cell 3,M-V_DIRECT,TSP.MV.HP_SUPERHEATER_2.WS.P_3,HP_SuperHeater_2.TwoPhaseFlowPipe.P[3],P,HH,HP Superheater 2 Cell 3 압력 고고(HH),HP_SuperHeater_2.TwoPhaseFlowPipe.P[3] > 110 Pa,ABSOLUTE_MODEL_VALUE,110,Pa,HIGH,2,2 Pa,2,HIGH,주황,#FF9500,FALSE,TRUE,TRUE,NONE,TRUE,TRUE,A-L,VIRTUAL_MODEL_PRETRIP_CALIBRATION,MODEL_SIGNAL_VERIFIED_ABSOLUTE_THRESHOLD_CALIBRATED,READY_ABSOLUTE_MODEL_VALUE,https://build.openmodelica.org/Documentation/ThermoSysPro.WaterSteam.HeatExchangers.DynamicTwoPhaseFlowPipe.html,원시 변수명은 공개 빌드 로그로 확인. 임계값·지연·히스테리시스는 시연용 A-L 가정이며 현장 기준으로 교체 필요.,DCS2,HRSG,P > PRE_EVENT_BASELINE * 1.1,PRE_EVENT_BASELINE_RATIO,1.1,ratio_to_baseline,HP_SuperHeater_2.TwoPhaseFlowPipe.P[3],100,GT_TRIP_RAW_DATA_0.1s_0-40s.csv,0-10,CALIBRATED_MODEL_DIRECT,Direct model quantity and physical unit available
AL-0154,DCS2,HRSG,dcs2.csv,ABB_HRSG_BOP,HRSG,HP HRSG,HP Superheater 2 Cell 3,M-V_DIRECT,TSP.MV.HP_SUPERHEATER_2.WS.P_3,HP_SuperHeater_2.TwoPhaseFlowPipe.P[3],P,LL,HP Superheater 2 Cell 3 압력 저저(LL),HP_SuperHeater_2.TwoPhaseFlowPipe.P[3] < 90 Pa,ABSOLUTE_MODEL_VALUE,90,Pa,LOW,2,2 Pa,2,HIGH,주황,#FF9500,FALSE,TRUE,TRUE,NONE,TRUE,TRUE,A-L,VIRTUAL_MODEL_PRETRIP_CALIBRATION,MODEL_SIGNAL_VERIFIED_ABSOLUTE_THRESHOLD_CALIBRATED,READY_ABSOLUTE_MODEL_VALUE,https://build.openmodelica.org/Documentation/ThermoSysPro.WaterSteam.HeatExchangers.DynamicTwoPhaseFlowPipe.html,원시 변수명은 공개 빌드 로그로 확인. 임계값·지연·히스테리시스는 시연용 A-L 가정이며 현장 기준으로 교체 필요.,DCS2,HRSG,P < PRE_EVENT_BASELINE * 0.9,PRE_EVENT_BASELINE_RATIO,0.9,ratio_to_baseline,HP_SuperHeater_2.TwoPhaseFlowPipe.P[3],100,GT_TRIP_RAW_DATA_0.1s_0-40s.csv,0-10,CALIBRATED_MODEL_DIRECT,Direct model quantity and physical unit available
AL-0155,DCS2,HRSG,dcs2.csv,ABB_HRSG_BOP,HRSG,HP HRSG,HP Superheater 2 Cell 3,M-V_DIRECT,TSP.MV.HP_SUPERHEATER_2.WS.Q_3,HP_SuperHeater_2.TwoPhaseFlowPipe.Q[3],Q,LL,HP Superheater 2 Cell 3 유량 저저(LL),HP_SuperHeater_2.TwoPhaseFlowPipe.Q[3] < 50 kg/s,ABSOLUTE_MODEL_VALUE,50,kg/s,LOW,2,5 kg/s,2,HIGH,주황,#FF9500,FALSE,TRUE,TRUE,NONE,TRUE,TRUE,A-L,VIRTUAL_MODEL_PRETRIP_CALIBRATION,MODEL_SIGNAL_VERIFIED_ABSOLUTE_THRESHOLD_CALIBRATED,READY_ABSOLUTE_MODEL_VALUE,https://build.openmodelica.org/Documentation/ThermoSysPro.WaterSteam.HeatExchangers.DynamicTwoPhaseFlowPipe.html,원시 변수명은 공개 빌드 로그로 확인. 임계값·지연·히스테리시스는 시연용 A-L 가정이며 현장 기준으로 교체 필요.,DCS2,HRSG,Q < PRE_EVENT_BASELINE * 0.5,PRE_EVENT_BASELINE_RATIO,0.5,ratio_to_baseline,HP_SuperHeater_2.TwoPhaseFlowPipe.Q[3],100,GT_TRIP_RAW_DATA_0.1s_0-40s.csv,0-10,CALIBRATED_MODEL_DIRECT,Direct model quantity and physical unit available
AL-0156,DCS2,HRSG,dcs2.csv,ABB_HRSG_BOP,HRSG,HP HRSG,HP Superheater 2 Cell 3,M-V_CALCULATED,TSP.MV.HP_SUPERHEATER_2.WS.P_3;TSP.MV.HP_SUPERHEATER_2.WS.H_3,HP_SuperHeater_2.TwoPhaseFlowPipe.P[3];HP_SuperHeater_2.TwoPhaseFlowPipe.h[3],"T_ph(P,h)",HH,HP Superheater 2 Cell 3 유체온도 고고(HH),DISABLED_UNTIL_ABSOLUTE_PHYSICAL_SIGNAL_AVAILABLE,ABSOLUTE_VALUE_PENDING,,,HIGH,2,0.02 ratio,2,HIGH,주황,#FF9500,FALSE,TRUE,TRUE,NONE,FALSE,TRUE,A-L,THERMOSYSPRO_MODEL+ASSUMED_LOGIC,ABSOLUTE_PHYSICAL_VALUE_NOT_AVAILABLE,DISABLED_PENDING_PHYSICAL_OUTPUT,https://build.openmodelica.org/Documentation/ThermoSysPro.WaterSteam.HeatExchangers.DynamicTwoPhaseFlowPipe.html,원시 변수명은 공개 빌드 로그로 확인. 임계값·지연·히스테리시스는 시연용 A-L 가정이며 현장 기준으로 교체 필요.,DCS2,HRSG,"T_ph(P,h) > PRE_EVENT_BASELINE * 1.06",PRE_EVENT_BASELINE_RATIO,1.06,ratio_to_baseline,,,,,DEFERRED_PROPERTY_CALCULATION,P/h property output must be exported and calculated in physical units
AL-0157,DCS2,HRSG,dcs2.csv,ABB_HRSG_BOP,HRSG,HP HRSG,HP Superheater 2 Cell 3,M-V_CALCULATED,TSP.MV.HP_SUPERHEATER_2.WS.P_3;TSP.MV.HP_SUPERHEATER_2.WS.H_3,HP_SuperHeater_2.TwoPhaseFlowPipe.P[3];HP_SuperHeater_2.TwoPhaseFlowPipe.h[3],"T_ph(P,h)",LL,HP Superheater 2 Cell 3 유체온도 저저(LL),DISABLED_UNTIL_ABSOLUTE_PHYSICAL_SIGNAL_AVAILABLE,ABSOLUTE_VALUE_PENDING,,,LOW,2,0.02 ratio,2,HIGH,주황,#FF9500,FALSE,TRUE,TRUE,NONE,FALSE,TRUE,A-L,THERMOSYSPRO_MODEL+ASSUMED_LOGIC,ABSOLUTE_PHYSICAL_VALUE_NOT_AVAILABLE,DISABLED_PENDING_PHYSICAL_OUTPUT,https://build.openmodelica.org/Documentation/ThermoSysPro.WaterSteam.HeatExchangers.DynamicTwoPhaseFlowPipe.html,원시 변수명은 공개 빌드 로그로 확인. 임계값·지연·히스테리시스는 시연용 A-L 가정이며 현장 기준으로 교체 필요.,DCS2,HRSG,"T_ph(P,h) < PRE_EVENT_BASELINE * 0.94",PRE_EVENT_BASELINE_RATIO,0.94,ratio_to_baseline,,,,,DEFERRED_PROPERTY_CALCULATION,P/h property output must be exported and calculated in physical units
AL-0158,DCS2,HRSG,dcs2.csv,ABB_HRSG_BOP,HRSG,HP HRSG,HP Superheater 2 Cell 4,M-V_DIRECT,TSP.MV.HP_SUPERHEATER_2.WS.P_4,HP_SuperHeater_2.TwoPhaseFlowPipe.P[4],P,HH,HP Superheater 2 Cell 4 압력 고고(HH),HP_SuperHeater_2.TwoPhaseFlowPipe.P[4] > 110 Pa,ABSOLUTE_MODEL_VALUE,110,Pa,HIGH,2,2 Pa,2,HIGH,주황,#FF9500,FALSE,TRUE,TRUE,NONE,TRUE,TRUE,A-L,VIRTUAL_MODEL_PRETRIP_CALIBRATION,MODEL_SIGNAL_VERIFIED_ABSOLUTE_THRESHOLD_CALIBRATED,READY_ABSOLUTE_MODEL_VALUE,https://build.openmodelica.org/Documentation/ThermoSysPro.WaterSteam.HeatExchangers.DynamicTwoPhaseFlowPipe.html,원시 변수명은 공개 빌드 로그로 확인. 임계값·지연·히스테리시스는 시연용 A-L 가정이며 현장 기준으로 교체 필요.,DCS2,HRSG,P > PRE_EVENT_BASELINE * 1.1,PRE_EVENT_BASELINE_RATIO,1.1,ratio_to_baseline,HP_SuperHeater_2.TwoPhaseFlowPipe.P[4],100,GT_TRIP_RAW_DATA_0.1s_0-40s.csv,0-10,CALIBRATED_MODEL_DIRECT,Direct model quantity and physical unit available
AL-0159,DCS2,HRSG,dcs2.csv,ABB_HRSG_BOP,HRSG,HP HRSG,HP Superheater 2 Cell 4,M-V_DIRECT,TSP.MV.HP_SUPERHEATER_2.WS.P_4,HP_SuperHeater_2.TwoPhaseFlowPipe.P[4],P,LL,HP Superheater 2 Cell 4 압력 저저(LL),HP_SuperHeater_2.TwoPhaseFlowPipe.P[4] < 90 Pa,ABSOLUTE_MODEL_VALUE,90,Pa,LOW,2,2 Pa,2,HIGH,주황,#FF9500,FALSE,TRUE,TRUE,NONE,TRUE,TRUE,A-L,VIRTUAL_MODEL_PRETRIP_CALIBRATION,MODEL_SIGNAL_VERIFIED_ABSOLUTE_THRESHOLD_CALIBRATED,READY_ABSOLUTE_MODEL_VALUE,https://build.openmodelica.org/Documentation/ThermoSysPro.WaterSteam.HeatExchangers.DynamicTwoPhaseFlowPipe.html,원시 변수명은 공개 빌드 로그로 확인. 임계값·지연·히스테리시스는 시연용 A-L 가정이며 현장 기준으로 교체 필요.,DCS2,HRSG,P < PRE_EVENT_BASELINE * 0.9,PRE_EVENT_BASELINE_RATIO,0.9,ratio_to_baseline,HP_SuperHeater_2.TwoPhaseFlowPipe.P[4],100,GT_TRIP_RAW_DATA_0.1s_0-40s.csv,0-10,CALIBRATED_MODEL_DIRECT,Direct model quantity and physical unit available
AL-0160,DCS2,HRSG,dcs2.csv,ABB_HRSG_BOP,HRSG,HP HRSG,HP Superheater 2 Cell 4,M-V_DIRECT,TSP.MV.HP_SUPERHEATER_2.WS.Q_4,HP_SuperHeater_2.TwoPhaseFlowPipe.Q[4],Q,LL,HP Superheater 2 Cell 4 유량 저저(LL),HP_SuperHeater_2.TwoPhaseFlowPipe.Q[4] < 50 kg/s,ABSOLUTE_MODEL_VALUE,50,kg/s,LOW,2,5 kg/s,2,HIGH,주황,#FF9500,FALSE,TRUE,TRUE,NONE,TRUE,TRUE,A-L,VIRTUAL_MODEL_PRETRIP_CALIBRATION,MODEL_SIGNAL_VERIFIED_ABSOLUTE_THRESHOLD_CALIBRATED,READY_ABSOLUTE_MODEL_VALUE,https://build.openmodelica.org/Documentation/ThermoSysPro.WaterSteam.HeatExchangers.DynamicTwoPhaseFlowPipe.html,원시 변수명은 공개 빌드 로그로 확인. 임계값·지연·히스테리시스는 시연용 A-L 가정이며 현장 기준으로 교체 필요.,DCS2,HRSG,Q < PRE_EVENT_BASELINE * 0.5,PRE_EVENT_BASELINE_RATIO,0.5,ratio_to_baseline,HP_SuperHeater_2.TwoPhaseFlowPipe.Q[4],100,GT_TRIP_RAW_DATA_0.1s_0-40s.csv,0-10,CALIBRATED_MODEL_DIRECT,Direct model quantity and physical unit available
AL-0161,DCS2,HRSG,dcs2.csv,ABB_HRSG_BOP,HRSG,HP HRSG,HP Superheater 2 Cell 4,M-V_CALCULATED,TSP.MV.HP_SUPERHEATER_2.WS.P_4;TSP.MV.HP_SUPERHEATER_2.WS.H_4,HP_SuperHeater_2.TwoPhaseFlowPipe.P[4];HP_SuperHeater_2.TwoPhaseFlowPipe.h[4],"T_ph(P,h)",HH,HP Superheater 2 Cell 4 유체온도 고고(HH),DISABLED_UNTIL_ABSOLUTE_PHYSICAL_SIGNAL_AVAILABLE,ABSOLUTE_VALUE_PENDING,,,HIGH,2,0.02 ratio,2,HIGH,주황,#FF9500,FALSE,TRUE,TRUE,NONE,FALSE,TRUE,A-L,THERMOSYSPRO_MODEL+ASSUMED_LOGIC,ABSOLUTE_PHYSICAL_VALUE_NOT_AVAILABLE,DISABLED_PENDING_PHYSICAL_OUTPUT,https://build.openmodelica.org/Documentation/ThermoSysPro.WaterSteam.HeatExchangers.DynamicTwoPhaseFlowPipe.html,원시 변수명은 공개 빌드 로그로 확인. 임계값·지연·히스테리시스는 시연용 A-L 가정이며 현장 기준으로 교체 필요.,DCS2,HRSG,"T_ph(P,h) > PRE_EVENT_BASELINE * 1.06",PRE_EVENT_BASELINE_RATIO,1.06,ratio_to_baseline,,,,,DEFERRED_PROPERTY_CALCULATION,P/h property output must be exported and calculated in physical units
AL-0162,DCS2,HRSG,dcs2.csv,ABB_HRSG_BOP,HRSG,HP HRSG,HP Superheater 2 Cell 4,M-V_CALCULATED,TSP.MV.HP_SUPERHEATER_2.WS.P_4;TSP.MV.HP_SUPERHEATER_2.WS.H_4,HP_SuperHeater_2.TwoPhaseFlowPipe.P[4];HP_SuperHeater_2.TwoPhaseFlowPipe.h[4],"T_ph(P,h)",LL,HP Superheater 2 Cell 4 유체온도 저저(LL),DISABLED_UNTIL_ABSOLUTE_PHYSICAL_SIGNAL_AVAILABLE,ABSOLUTE_VALUE_PENDING,,,LOW,2,0.02 ratio,2,HIGH,주황,#FF9500,FALSE,TRUE,TRUE,NONE,FALSE,TRUE,A-L,THERMOSYSPRO_MODEL+ASSUMED_LOGIC,ABSOLUTE_PHYSICAL_VALUE_NOT_AVAILABLE,DISABLED_PENDING_PHYSICAL_OUTPUT,https://build.openmodelica.org/Documentation/ThermoSysPro.WaterSteam.HeatExchangers.DynamicTwoPhaseFlowPipe.html,원시 변수명은 공개 빌드 로그로 확인. 임계값·지연·히스테리시스는 시연용 A-L 가정이며 현장 기준으로 교체 필요.,DCS2,HRSG,"T_ph(P,h) < PRE_EVENT_BASELINE * 0.94",PRE_EVENT_BASELINE_RATIO,0.94,ratio_to_baseline,,,,,DEFERRED_PROPERTY_CALCULATION,P/h property output must be exported and calculated in physical units
AL-0163,DCS2,HRSG,dcs2.csv,ABB_HRSG_BOP,HRSG,HP HRSG,HP Superheater 2 Wall 1,M-V_DIRECT,TSP.MV.HP_SUPERHEATER_2.WALL.TP_1,HP_SuperHeater_2.ExchangerWall.Tp[1],Tp,HH,HP Superheater 2 Wall 1 벽온도 고고(HH),HP_SuperHeater_2.ExchangerWall.Tp[1] > 106 K,ABSOLUTE_MODEL_VALUE,106,K,HIGH,3,2 K,2,HIGH,주황,#FF9500,FALSE,TRUE,TRUE,NONE,TRUE,TRUE,A-L,VIRTUAL_MODEL_PRETRIP_CALIBRATION,MODEL_SIGNAL_VERIFIED_ABSOLUTE_THRESHOLD_CALIBRATED,READY_ABSOLUTE_MODEL_VALUE,https://build.openmodelica.org/Documentation/ThermoSysPro.WaterSteam.HeatExchangers.DynamicTwoPhaseFlowPipe.html,원시 변수명은 공개 빌드 로그로 확인. 임계값·지연·히스테리시스는 시연용 A-L 가정이며 현장 기준으로 교체 필요.,DCS2,HRSG,Tp > PRE_EVENT_BASELINE * 1.06,PRE_EVENT_BASELINE_RATIO,1.06,ratio_to_baseline,HP_SuperHeater_2.ExchangerWall.Tp[1],100,GT_TRIP_RAW_DATA_0.1s_0-40s.csv,0-10,CALIBRATED_MODEL_DIRECT,Direct model quantity and physical unit available
AL-0164,DCS2,HRSG,dcs2.csv,ABB_HRSG_BOP,HRSG,HP HRSG,HP Superheater 2 Wall 2,M-V_DIRECT,TSP.MV.HP_SUPERHEATER_2.WALL.TP_2,HP_SuperHeater_2.ExchangerWall.Tp[2],Tp,HH,HP Superheater 2 Wall 2 벽온도 고고(HH),HP_SuperHeater_2.ExchangerWall.Tp[2] > 106 K,ABSOLUTE_MODEL_VALUE,106,K,HIGH,3,2 K,2,HIGH,주황,#FF9500,FALSE,TRUE,TRUE,NONE,TRUE,TRUE,A-L,VIRTUAL_MODEL_PRETRIP_CALIBRATION,MODEL_SIGNAL_VERIFIED_ABSOLUTE_THRESHOLD_CALIBRATED,READY_ABSOLUTE_MODEL_VALUE,https://build.openmodelica.org/Documentation/ThermoSysPro.WaterSteam.HeatExchangers.DynamicTwoPhaseFlowPipe.html,원시 변수명은 공개 빌드 로그로 확인. 임계값·지연·히스테리시스는 시연용 A-L 가정이며 현장 기준으로 교체 필요.,DCS2,HRSG,Tp > PRE_EVENT_BASELINE * 1.06,PRE_EVENT_BASELINE_RATIO,1.06,ratio_to_baseline,HP_SuperHeater_2.ExchangerWall.Tp[2],100,GT_TRIP_RAW_DATA_0.1s_0-40s.csv,0-10,CALIBRATED_MODEL_DIRECT,Direct model quantity and physical unit available
AL-0165,DCS2,HRSG,dcs2.csv,ABB_HRSG_BOP,HRSG,HP HRSG,HP Superheater 2 Wall 3,M-V_DIRECT,TSP.MV.HP_SUPERHEATER_2.WALL.TP_3,HP_SuperHeater_2.ExchangerWall.Tp[3],Tp,HH,HP Superheater 2 Wall 3 벽온도 고고(HH),HP_SuperHeater_2.ExchangerWall.Tp[3] > 106 K,ABSOLUTE_MODEL_VALUE,106,K,HIGH,3,2 K,2,HIGH,주황,#FF9500,FALSE,TRUE,TRUE,NONE,TRUE,TRUE,A-L,VIRTUAL_MODEL_PRETRIP_CALIBRATION,MODEL_SIGNAL_VERIFIED_ABSOLUTE_THRESHOLD_CALIBRATED,READY_ABSOLUTE_MODEL_VALUE,https://build.openmodelica.org/Documentation/ThermoSysPro.WaterSteam.HeatExchangers.DynamicTwoPhaseFlowPipe.html,원시 변수명은 공개 빌드 로그로 확인. 임계값·지연·히스테리시스는 시연용 A-L 가정이며 현장 기준으로 교체 필요.,DCS2,HRSG,Tp > PRE_EVENT_BASELINE * 1.06,PRE_EVENT_BASELINE_RATIO,1.06,ratio_to_baseline,HP_SuperHeater_2.ExchangerWall.Tp[3],100,GT_TRIP_RAW_DATA_0.1s_0-40s.csv,0-10,CALIBRATED_MODEL_DIRECT,Direct model quantity and physical unit available
AL-0166,DCS2,HRSG,dcs2.csv,ABB_HRSG_BOP,HRSG,HP HRSG,HP Superheater 3 Cell 2,M-V_DIRECT,TSP.MV.HP_SUPERHEATER_3.WS.P_2,HP_SuperHeater_3.TwoPhaseFlowPipe.P[2],P,HH,HP Superheater 3 Cell 2 압력 고고(HH),HP_SuperHeater_3.TwoPhaseFlowPipe.P[2] > 110 Pa,ABSOLUTE_MODEL_VALUE,110,Pa,HIGH,2,2 Pa,2,HIGH,주황,#FF9500,FALSE,TRUE,TRUE,NONE,TRUE,TRUE,A-L,VIRTUAL_MODEL_PRETRIP_CALIBRATION,MODEL_SIGNAL_VERIFIED_ABSOLUTE_THRESHOLD_CALIBRATED,READY_ABSOLUTE_MODEL_VALUE,https://build.openmodelica.org/Documentation/ThermoSysPro.WaterSteam.HeatExchangers.DynamicTwoPhaseFlowPipe.html,원시 변수명은 공개 빌드 로그로 확인. 임계값·지연·히스테리시스는 시연용 A-L 가정이며 현장 기준으로 교체 필요.,DCS2,HRSG,P > PRE_EVENT_BASELINE * 1.1,PRE_EVENT_BASELINE_RATIO,1.1,ratio_to_baseline,HP_SuperHeater_3.TwoPhaseFlowPipe.P[2],100,GT_TRIP_RAW_DATA_0.1s_0-40s.csv,0-10,CALIBRATED_MODEL_DIRECT,Direct model quantity and physical unit available
AL-0167,DCS2,HRSG,dcs2.csv,ABB_HRSG_BOP,HRSG,HP HRSG,HP Superheater 3 Cell 2,M-V_DIRECT,TSP.MV.HP_SUPERHEATER_3.WS.P_2,HP_SuperHeater_3.TwoPhaseFlowPipe.P[2],P,LL,HP Superheater 3 Cell 2 압력 저저(LL),HP_SuperHeater_3.TwoPhaseFlowPipe.P[2] < 90 Pa,ABSOLUTE_MODEL_VALUE,90,Pa,LOW,2,2 Pa,2,HIGH,주황,#FF9500,FALSE,TRUE,TRUE,NONE,TRUE,TRUE,A-L,VIRTUAL_MODEL_PRETRIP_CALIBRATION,MODEL_SIGNAL_VERIFIED_ABSOLUTE_THRESHOLD_CALIBRATED,READY_ABSOLUTE_MODEL_VALUE,https://build.openmodelica.org/Documentation/ThermoSysPro.WaterSteam.HeatExchangers.DynamicTwoPhaseFlowPipe.html,원시 변수명은 공개 빌드 로그로 확인. 임계값·지연·히스테리시스는 시연용 A-L 가정이며 현장 기준으로 교체 필요.,DCS2,HRSG,P < PRE_EVENT_BASELINE * 0.9,PRE_EVENT_BASELINE_RATIO,0.9,ratio_to_baseline,HP_SuperHeater_3.TwoPhaseFlowPipe.P[2],100,GT_TRIP_RAW_DATA_0.1s_0-40s.csv,0-10,CALIBRATED_MODEL_DIRECT,Direct model quantity and physical unit available
AL-0168,DCS2,HRSG,dcs2.csv,ABB_HRSG_BOP,HRSG,HP HRSG,HP Superheater 3 Cell 2,M-V_DIRECT,TSP.MV.HP_SUPERHEATER_3.WS.Q_2,HP_SuperHeater_3.TwoPhaseFlowPipe.Q[2],Q,LL,HP Superheater 3 Cell 2 유량 저저(LL),HP_SuperHeater_3.TwoPhaseFlowPipe.Q[2] < 50 kg/s,ABSOLUTE_MODEL_VALUE,50,kg/s,LOW,2,5 kg/s,2,HIGH,주황,#FF9500,FALSE,TRUE,TRUE,NONE,TRUE,TRUE,A-L,VIRTUAL_MODEL_PRETRIP_CALIBRATION,MODEL_SIGNAL_VERIFIED_ABSOLUTE_THRESHOLD_CALIBRATED,READY_ABSOLUTE_MODEL_VALUE,https://build.openmodelica.org/Documentation/ThermoSysPro.WaterSteam.HeatExchangers.DynamicTwoPhaseFlowPipe.html,원시 변수명은 공개 빌드 로그로 확인. 임계값·지연·히스테리시스는 시연용 A-L 가정이며 현장 기준으로 교체 필요.,DCS2,HRSG,Q < PRE_EVENT_BASELINE * 0.5,PRE_EVENT_BASELINE_RATIO,0.5,ratio_to_baseline,HP_SuperHeater_3.TwoPhaseFlowPipe.Q[2],100,GT_TRIP_RAW_DATA_0.1s_0-40s.csv,0-10,CALIBRATED_MODEL_DIRECT,Direct model quantity and physical unit available
AL-0169,DCS2,HRSG,dcs2.csv,ABB_HRSG_BOP,HRSG,HP HRSG,HP Superheater 3 Cell 2,M-V_CALCULATED,TSP.MV.HP_SUPERHEATER_3.WS.P_2;TSP.MV.HP_SUPERHEATER_3.WS.H_2,HP_SuperHeater_3.TwoPhaseFlowPipe.P[2];HP_SuperHeater_3.TwoPhaseFlowPipe.h[2],"T_ph(P,h)",HH,HP Superheater 3 Cell 2 유체온도 고고(HH),DISABLED_UNTIL_ABSOLUTE_PHYSICAL_SIGNAL_AVAILABLE,ABSOLUTE_VALUE_PENDING,,,HIGH,2,0.02 ratio,2,HIGH,주황,#FF9500,FALSE,TRUE,TRUE,NONE,FALSE,TRUE,A-L,THERMOSYSPRO_MODEL+ASSUMED_LOGIC,ABSOLUTE_PHYSICAL_VALUE_NOT_AVAILABLE,DISABLED_PENDING_PHYSICAL_OUTPUT,https://build.openmodelica.org/Documentation/ThermoSysPro.WaterSteam.HeatExchangers.DynamicTwoPhaseFlowPipe.html,원시 변수명은 공개 빌드 로그로 확인. 임계값·지연·히스테리시스는 시연용 A-L 가정이며 현장 기준으로 교체 필요.,DCS2,HRSG,"T_ph(P,h) > PRE_EVENT_BASELINE * 1.06",PRE_EVENT_BASELINE_RATIO,1.06,ratio_to_baseline,,,,,DEFERRED_PROPERTY_CALCULATION,P/h property output must be exported and calculated in physical units
AL-0170,DCS2,HRSG,dcs2.csv,ABB_HRSG_BOP,HRSG,HP HRSG,HP Superheater 3 Cell 2,M-V_CALCULATED,TSP.MV.HP_SUPERHEATER_3.WS.P_2;TSP.MV.HP_SUPERHEATER_3.WS.H_2,HP_SuperHeater_3.TwoPhaseFlowPipe.P[2];HP_SuperHeater_3.TwoPhaseFlowPipe.h[2],"T_ph(P,h)",LL,HP Superheater 3 Cell 2 유체온도 저저(LL),DISABLED_UNTIL_ABSOLUTE_PHYSICAL_SIGNAL_AVAILABLE,ABSOLUTE_VALUE_PENDING,,,LOW,2,0.02 ratio,2,HIGH,주황,#FF9500,FALSE,TRUE,TRUE,NONE,FALSE,TRUE,A-L,THERMOSYSPRO_MODEL+ASSUMED_LOGIC,ABSOLUTE_PHYSICAL_VALUE_NOT_AVAILABLE,DISABLED_PENDING_PHYSICAL_OUTPUT,https://build.openmodelica.org/Documentation/ThermoSysPro.WaterSteam.HeatExchangers.DynamicTwoPhaseFlowPipe.html,원시 변수명은 공개 빌드 로그로 확인. 임계값·지연·히스테리시스는 시연용 A-L 가정이며 현장 기준으로 교체 필요.,DCS2,HRSG,"T_ph(P,h) < PRE_EVENT_BASELINE * 0.94",PRE_EVENT_BASELINE_RATIO,0.94,ratio_to_baseline,,,,,DEFERRED_PROPERTY_CALCULATION,P/h property output must be exported and calculated in physical units
AL-0171,DCS2,HRSG,dcs2.csv,ABB_HRSG_BOP,HRSG,HP HRSG,HP Superheater 3 Cell 3,M-V_DIRECT,TSP.MV.HP_SUPERHEATER_3.WS.P_3,HP_SuperHeater_3.TwoPhaseFlowPipe.P[3],P,HH,HP Superheater 3 Cell 3 압력 고고(HH),HP_SuperHeater_3.TwoPhaseFlowPipe.P[3] > 110 Pa,ABSOLUTE_MODEL_VALUE,110,Pa,HIGH,2,2 Pa,2,HIGH,주황,#FF9500,FALSE,TRUE,TRUE,NONE,TRUE,TRUE,A-L,VIRTUAL_MODEL_PRETRIP_CALIBRATION,MODEL_SIGNAL_VERIFIED_ABSOLUTE_THRESHOLD_CALIBRATED,READY_ABSOLUTE_MODEL_VALUE,https://build.openmodelica.org/Documentation/ThermoSysPro.WaterSteam.HeatExchangers.DynamicTwoPhaseFlowPipe.html,원시 변수명은 공개 빌드 로그로 확인. 임계값·지연·히스테리시스는 시연용 A-L 가정이며 현장 기준으로 교체 필요.,DCS2,HRSG,P > PRE_EVENT_BASELINE * 1.1,PRE_EVENT_BASELINE_RATIO,1.1,ratio_to_baseline,HP_SuperHeater_3.TwoPhaseFlowPipe.P[3],100,GT_TRIP_RAW_DATA_0.1s_0-40s.csv,0-10,CALIBRATED_MODEL_DIRECT,Direct model quantity and physical unit available
AL-0172,DCS2,HRSG,dcs2.csv,ABB_HRSG_BOP,HRSG,HP HRSG,HP Superheater 3 Cell 3,M-V_DIRECT,TSP.MV.HP_SUPERHEATER_3.WS.P_3,HP_SuperHeater_3.TwoPhaseFlowPipe.P[3],P,LL,HP Superheater 3 Cell 3 압력 저저(LL),HP_SuperHeater_3.TwoPhaseFlowPipe.P[3] < 90 Pa,ABSOLUTE_MODEL_VALUE,90,Pa,LOW,2,2 Pa,2,HIGH,주황,#FF9500,FALSE,TRUE,TRUE,NONE,TRUE,TRUE,A-L,VIRTUAL_MODEL_PRETRIP_CALIBRATION,MODEL_SIGNAL_VERIFIED_ABSOLUTE_THRESHOLD_CALIBRATED,READY_ABSOLUTE_MODEL_VALUE,https://build.openmodelica.org/Documentation/ThermoSysPro.WaterSteam.HeatExchangers.DynamicTwoPhaseFlowPipe.html,원시 변수명은 공개 빌드 로그로 확인. 임계값·지연·히스테리시스는 시연용 A-L 가정이며 현장 기준으로 교체 필요.,DCS2,HRSG,P < PRE_EVENT_BASELINE * 0.9,PRE_EVENT_BASELINE_RATIO,0.9,ratio_to_baseline,HP_SuperHeater_3.TwoPhaseFlowPipe.P[3],100,GT_TRIP_RAW_DATA_0.1s_0-40s.csv,0-10,CALIBRATED_MODEL_DIRECT,Direct model quantity and physical unit available
AL-0173,DCS2,HRSG,dcs2.csv,ABB_HRSG_BOP,HRSG,HP HRSG,HP Superheater 3 Cell 3,M-V_DIRECT,TSP.MV.HP_SUPERHEATER_3.WS.Q_3,HP_SuperHeater_3.TwoPhaseFlowPipe.Q[3],Q,LL,HP Superheater 3 Cell 3 유량 저저(LL),HP_SuperHeater_3.TwoPhaseFlowPipe.Q[3] < 50 kg/s,ABSOLUTE_MODEL_VALUE,50,kg/s,LOW,2,5 kg/s,2,HIGH,주황,#FF9500,FALSE,TRUE,TRUE,NONE,TRUE,TRUE,A-L,VIRTUAL_MODEL_PRETRIP_CALIBRATION,MODEL_SIGNAL_VERIFIED_ABSOLUTE_THRESHOLD_CALIBRATED,READY_ABSOLUTE_MODEL_VALUE,https://build.openmodelica.org/Documentation/ThermoSysPro.WaterSteam.HeatExchangers.DynamicTwoPhaseFlowPipe.html,원시 변수명은 공개 빌드 로그로 확인. 임계값·지연·히스테리시스는 시연용 A-L 가정이며 현장 기준으로 교체 필요.,DCS2,HRSG,Q < PRE_EVENT_BASELINE * 0.5,PRE_EVENT_BASELINE_RATIO,0.5,ratio_to_baseline,HP_SuperHeater_3.TwoPhaseFlowPipe.Q[3],100,GT_TRIP_RAW_DATA_0.1s_0-40s.csv,0-10,CALIBRATED_MODEL_DIRECT,Direct model quantity and physical unit available
AL-0174,DCS2,HRSG,dcs2.csv,ABB_HRSG_BOP,HRSG,HP HRSG,HP Superheater 3 Cell 3,M-V_CALCULATED,TSP.MV.HP_SUPERHEATER_3.WS.P_3;TSP.MV.HP_SUPERHEATER_3.WS.H_3,HP_SuperHeater_3.TwoPhaseFlowPipe.P[3];HP_SuperHeater_3.TwoPhaseFlowPipe.h[3],"T_ph(P,h)",HH,HP Superheater 3 Cell 3 유체온도 고고(HH),DISABLED_UNTIL_ABSOLUTE_PHYSICAL_SIGNAL_AVAILABLE,ABSOLUTE_VALUE_PENDING,,,HIGH,2,0.02 ratio,2,HIGH,주황,#FF9500,FALSE,TRUE,TRUE,NONE,FALSE,TRUE,A-L,THERMOSYSPRO_MODEL+ASSUMED_LOGIC,ABSOLUTE_PHYSICAL_VALUE_NOT_AVAILABLE,DISABLED_PENDING_PHYSICAL_OUTPUT,https://build.openmodelica.org/Documentation/ThermoSysPro.WaterSteam.HeatExchangers.DynamicTwoPhaseFlowPipe.html,원시 변수명은 공개 빌드 로그로 확인. 임계값·지연·히스테리시스는 시연용 A-L 가정이며 현장 기준으로 교체 필요.,DCS2,HRSG,"T_ph(P,h) > PRE_EVENT_BASELINE * 1.06",PRE_EVENT_BASELINE_RATIO,1.06,ratio_to_baseline,,,,,DEFERRED_PROPERTY_CALCULATION,P/h property output must be exported and calculated in physical units
AL-0175,DCS2,HRSG,dcs2.csv,ABB_HRSG_BOP,HRSG,HP HRSG,HP Superheater 3 Cell 3,M-V_CALCULATED,TSP.MV.HP_SUPERHEATER_3.WS.P_3;TSP.MV.HP_SUPERHEATER_3.WS.H_3,HP_SuperHeater_3.TwoPhaseFlowPipe.P[3];HP_SuperHeater_3.TwoPhaseFlowPipe.h[3],"T_ph(P,h)",LL,HP Superheater 3 Cell 3 유체온도 저저(LL),DISABLED_UNTIL_ABSOLUTE_PHYSICAL_SIGNAL_AVAILABLE,ABSOLUTE_VALUE_PENDING,,,LOW,2,0.02 ratio,2,HIGH,주황,#FF9500,FALSE,TRUE,TRUE,NONE,FALSE,TRUE,A-L,THERMOSYSPRO_MODEL+ASSUMED_LOGIC,ABSOLUTE_PHYSICAL_VALUE_NOT_AVAILABLE,DISABLED_PENDING_PHYSICAL_OUTPUT,https://build.openmodelica.org/Documentation/ThermoSysPro.WaterSteam.HeatExchangers.DynamicTwoPhaseFlowPipe.html,원시 변수명은 공개 빌드 로그로 확인. 임계값·지연·히스테리시스는 시연용 A-L 가정이며 현장 기준으로 교체 필요.,DCS2,HRSG,"T_ph(P,h) < PRE_EVENT_BASELINE * 0.94",PRE_EVENT_BASELINE_RATIO,0.94,ratio_to_baseline,,,,,DEFERRED_PROPERTY_CALCULATION,P/h property output must be exported and calculated in physical units
AL-0176,DCS2,HRSG,dcs2.csv,ABB_HRSG_BOP,HRSG,HP HRSG,HP Superheater 3 Cell 4,M-V_DIRECT,TSP.MV.HP_SUPERHEATER_3.WS.P_4,HP_SuperHeater_3.TwoPhaseFlowPipe.P[4],P,HH,HP Superheater 3 Cell 4 압력 고고(HH),HP_SuperHeater_3.TwoPhaseFlowPipe.P[4] > 110 Pa,ABSOLUTE_MODEL_VALUE,110,Pa,HIGH,2,2 Pa,2,HIGH,주황,#FF9500,FALSE,TRUE,TRUE,NONE,TRUE,TRUE,A-L,VIRTUAL_MODEL_PRETRIP_CALIBRATION,MODEL_SIGNAL_VERIFIED_ABSOLUTE_THRESHOLD_CALIBRATED,READY_ABSOLUTE_MODEL_VALUE,https://build.openmodelica.org/Documentation/ThermoSysPro.WaterSteam.HeatExchangers.DynamicTwoPhaseFlowPipe.html,원시 변수명은 공개 빌드 로그로 확인. 임계값·지연·히스테리시스는 시연용 A-L 가정이며 현장 기준으로 교체 필요.,DCS2,HRSG,P > PRE_EVENT_BASELINE * 1.1,PRE_EVENT_BASELINE_RATIO,1.1,ratio_to_baseline,HP_SuperHeater_3.TwoPhaseFlowPipe.P[4],100,GT_TRIP_RAW_DATA_0.1s_0-40s.csv,0-10,CALIBRATED_MODEL_DIRECT,Direct model quantity and physical unit available
AL-0177,DCS2,HRSG,dcs2.csv,ABB_HRSG_BOP,HRSG,HP HRSG,HP Superheater 3 Cell 4,M-V_DIRECT,TSP.MV.HP_SUPERHEATER_3.WS.P_4,HP_SuperHeater_3.TwoPhaseFlowPipe.P[4],P,LL,HP Superheater 3 Cell 4 압력 저저(LL),HP_SuperHeater_3.TwoPhaseFlowPipe.P[4] < 90 Pa,ABSOLUTE_MODEL_VALUE,90,Pa,LOW,2,2 Pa,2,HIGH,주황,#FF9500,FALSE,TRUE,TRUE,NONE,TRUE,TRUE,A-L,VIRTUAL_MODEL_PRETRIP_CALIBRATION,MODEL_SIGNAL_VERIFIED_ABSOLUTE_THRESHOLD_CALIBRATED,READY_ABSOLUTE_MODEL_VALUE,https://build.openmodelica.org/Documentation/ThermoSysPro.WaterSteam.HeatExchangers.DynamicTwoPhaseFlowPipe.html,원시 변수명은 공개 빌드 로그로 확인. 임계값·지연·히스테리시스는 시연용 A-L 가정이며 현장 기준으로 교체 필요.,DCS2,HRSG,P < PRE_EVENT_BASELINE * 0.9,PRE_EVENT_BASELINE_RATIO,0.9,ratio_to_baseline,HP_SuperHeater_3.TwoPhaseFlowPipe.P[4],100,GT_TRIP_RAW_DATA_0.1s_0-40s.csv,0-10,CALIBRATED_MODEL_DIRECT,Direct model quantity and physical unit available
AL-0178,DCS2,HRSG,dcs2.csv,ABB_HRSG_BOP,HRSG,HP HRSG,HP Superheater 3 Cell 4,M-V_DIRECT,TSP.MV.HP_SUPERHEATER_3.WS.Q_4,HP_SuperHeater_3.TwoPhaseFlowPipe.Q[4],Q,LL,HP Superheater 3 Cell 4 유량 저저(LL),HP_SuperHeater_3.TwoPhaseFlowPipe.Q[4] < 50 kg/s,ABSOLUTE_MODEL_VALUE,50,kg/s,LOW,2,5 kg/s,2,HIGH,주황,#FF9500,FALSE,TRUE,TRUE,NONE,TRUE,TRUE,A-L,VIRTUAL_MODEL_PRETRIP_CALIBRATION,MODEL_SIGNAL_VERIFIED_ABSOLUTE_THRESHOLD_CALIBRATED,READY_ABSOLUTE_MODEL_VALUE,https://build.openmodelica.org/Documentation/ThermoSysPro.WaterSteam.HeatExchangers.DynamicTwoPhaseFlowPipe.html,원시 변수명은 공개 빌드 로그로 확인. 임계값·지연·히스테리시스는 시연용 A-L 가정이며 현장 기준으로 교체 필요.,DCS2,HRSG,Q < PRE_EVENT_BASELINE * 0.5,PRE_EVENT_BASELINE_RATIO,0.5,ratio_to_baseline,HP_SuperHeater_3.TwoPhaseFlowPipe.Q[4],100,GT_TRIP_RAW_DATA_0.1s_0-40s.csv,0-10,CALIBRATED_MODEL_DIRECT,Direct model quantity and physical unit available
AL-0179,DCS2,HRSG,dcs2.csv,ABB_HRSG_BOP,HRSG,HP HRSG,HP Superheater 3 Cell 4,M-V_CALCULATED,TSP.MV.HP_SUPERHEATER_3.WS.P_4;TSP.MV.HP_SUPERHEATER_3.WS.H_4,HP_SuperHeater_3.TwoPhaseFlowPipe.P[4];HP_SuperHeater_3.TwoPhaseFlowPipe.h[4],"T_ph(P,h)",HH,HP Superheater 3 Cell 4 유체온도 고고(HH),DISABLED_UNTIL_ABSOLUTE_PHYSICAL_SIGNAL_AVAILABLE,ABSOLUTE_VALUE_PENDING,,,HIGH,2,0.02 ratio,2,HIGH,주황,#FF9500,FALSE,TRUE,TRUE,NONE,FALSE,TRUE,A-L,THERMOSYSPRO_MODEL+ASSUMED_LOGIC,ABSOLUTE_PHYSICAL_VALUE_NOT_AVAILABLE,DISABLED_PENDING_PHYSICAL_OUTPUT,https://build.openmodelica.org/Documentation/ThermoSysPro.WaterSteam.HeatExchangers.DynamicTwoPhaseFlowPipe.html,원시 변수명은 공개 빌드 로그로 확인. 임계값·지연·히스테리시스는 시연용 A-L 가정이며 현장 기준으로 교체 필요.,DCS2,HRSG,"T_ph(P,h) > PRE_EVENT_BASELINE * 1.06",PRE_EVENT_BASELINE_RATIO,1.06,ratio_to_baseline,,,,,DEFERRED_PROPERTY_CALCULATION,P/h property output must be exported and calculated in physical units
AL-0180,DCS2,HRSG,dcs2.csv,ABB_HRSG_BOP,HRSG,HP HRSG,HP Superheater 3 Cell 4,M-V_CALCULATED,TSP.MV.HP_SUPERHEATER_3.WS.P_4;TSP.MV.HP_SUPERHEATER_3.WS.H_4,HP_SuperHeater_3.TwoPhaseFlowPipe.P[4];HP_SuperHeater_3.TwoPhaseFlowPipe.h[4],"T_ph(P,h)",LL,HP Superheater 3 Cell 4 유체온도 저저(LL),DISABLED_UNTIL_ABSOLUTE_PHYSICAL_SIGNAL_AVAILABLE,ABSOLUTE_VALUE_PENDING,,,LOW,2,0.02 ratio,2,HIGH,주황,#FF9500,FALSE,TRUE,TRUE,NONE,FALSE,TRUE,A-L,THERMOSYSPRO_MODEL+ASSUMED_LOGIC,ABSOLUTE_PHYSICAL_VALUE_NOT_AVAILABLE,DISABLED_PENDING_PHYSICAL_OUTPUT,https://build.openmodelica.org/Documentation/ThermoSysPro.WaterSteam.HeatExchangers.DynamicTwoPhaseFlowPipe.html,원시 변수명은 공개 빌드 로그로 확인. 임계값·지연·히스테리시스는 시연용 A-L 가정이며 현장 기준으로 교체 필요.,DCS2,HRSG,"T_ph(P,h) < PRE_EVENT_BASELINE * 0.94",PRE_EVENT_BASELINE_RATIO,0.94,ratio_to_baseline,,,,,DEFERRED_PROPERTY_CALCULATION,P/h property output must be exported and calculated in physical units
AL-0181,DCS2,HRSG,dcs2.csv,ABB_HRSG_BOP,HRSG,HP HRSG,HP Superheater 3 Wall 1,M-V_DIRECT,TSP.MV.HP_SUPERHEATER_3.WALL.TP_1,HP_SuperHeater_3.ExchangerWall.Tp[1],Tp,HH,HP Superheater 3 Wall 1 벽온도 고고(HH),HP_SuperHeater_3.ExchangerWall.Tp[1] > 106 K,ABSOLUTE_MODEL_VALUE,106,K,HIGH,3,2 K,2,HIGH,주황,#FF9500,FALSE,TRUE,TRUE,NONE,TRUE,TRUE,A-L,VIRTUAL_MODEL_PRETRIP_CALIBRATION,MODEL_SIGNAL_VERIFIED_ABSOLUTE_THRESHOLD_CALIBRATED,READY_ABSOLUTE_MODEL_VALUE,https://build.openmodelica.org/Documentation/ThermoSysPro.WaterSteam.HeatExchangers.DynamicTwoPhaseFlowPipe.html,원시 변수명은 공개 빌드 로그로 확인. 임계값·지연·히스테리시스는 시연용 A-L 가정이며 현장 기준으로 교체 필요.,DCS2,HRSG,Tp > PRE_EVENT_BASELINE * 1.06,PRE_EVENT_BASELINE_RATIO,1.06,ratio_to_baseline,HP_SuperHeater_3.ExchangerWall.Tp[1],100,GT_TRIP_RAW_DATA_0.1s_0-40s.csv,0-10,CALIBRATED_MODEL_DIRECT,Direct model quantity and physical unit available
AL-0182,DCS2,HRSG,dcs2.csv,ABB_HRSG_BOP,HRSG,HP HRSG,HP Superheater 3 Wall 2,M-V_DIRECT,TSP.MV.HP_SUPERHEATER_3.WALL.TP_2,HP_SuperHeater_3.ExchangerWall.Tp[2],Tp,HH,HP Superheater 3 Wall 2 벽온도 고고(HH),HP_SuperHeater_3.ExchangerWall.Tp[2] > 106 K,ABSOLUTE_MODEL_VALUE,106,K,HIGH,3,2 K,2,HIGH,주황,#FF9500,FALSE,TRUE,TRUE,NONE,TRUE,TRUE,A-L,VIRTUAL_MODEL_PRETRIP_CALIBRATION,MODEL_SIGNAL_VERIFIED_ABSOLUTE_THRESHOLD_CALIBRATED,READY_ABSOLUTE_MODEL_VALUE,https://build.openmodelica.org/Documentation/ThermoSysPro.WaterSteam.HeatExchangers.DynamicTwoPhaseFlowPipe.html,원시 변수명은 공개 빌드 로그로 확인. 임계값·지연·히스테리시스는 시연용 A-L 가정이며 현장 기준으로 교체 필요.,DCS2,HRSG,Tp > PRE_EVENT_BASELINE * 1.06,PRE_EVENT_BASELINE_RATIO,1.06,ratio_to_baseline,HP_SuperHeater_3.ExchangerWall.Tp[2],100,GT_TRIP_RAW_DATA_0.1s_0-40s.csv,0-10,CALIBRATED_MODEL_DIRECT,Direct model quantity and physical unit available
AL-0183,DCS2,HRSG,dcs2.csv,ABB_HRSG_BOP,HRSG,HP HRSG,HP Superheater 3 Wall 3,M-V_DIRECT,TSP.MV.HP_SUPERHEATER_3.WALL.TP_3,HP_SuperHeater_3.ExchangerWall.Tp[3],Tp,HH,HP Superheater 3 Wall 3 벽온도 고고(HH),HP_SuperHeater_3.ExchangerWall.Tp[3] > 106 K,ABSOLUTE_MODEL_VALUE,106,K,HIGH,3,2 K,2,HIGH,주황,#FF9500,FALSE,TRUE,TRUE,NONE,TRUE,TRUE,A-L,VIRTUAL_MODEL_PRETRIP_CALIBRATION,MODEL_SIGNAL_VERIFIED_ABSOLUTE_THRESHOLD_CALIBRATED,READY_ABSOLUTE_MODEL_VALUE,https://build.openmodelica.org/Documentation/ThermoSysPro.WaterSteam.HeatExchangers.DynamicTwoPhaseFlowPipe.html,원시 변수명은 공개 빌드 로그로 확인. 임계값·지연·히스테리시스는 시연용 A-L 가정이며 현장 기준으로 교체 필요.,DCS2,HRSG,Tp > PRE_EVENT_BASELINE * 1.06,PRE_EVENT_BASELINE_RATIO,1.06,ratio_to_baseline,HP_SuperHeater_3.ExchangerWall.Tp[3],100,GT_TRIP_RAW_DATA_0.1s_0-40s.csv,0-10,CALIBRATED_MODEL_DIRECT,Direct model quantity and physical unit available
AL-0184,DCS2,HRSG,dcs2.csv,ABB_HRSG_BOP,HRSG,IP HRSG,IP Drum,M-V_DIRECT,TSP.DRUM.IP.LEVEL,BallonMP.zl,ip_drum_level_mm,HH,IP Drum 레벨 고고(HH),ip_drum_level_mm > 1250.000017 mm,ABSOLUTE_MODEL_LEVEL,1250.000017,mm,HIGH,2,20 mm,2,HIGH,주황,#FF9500,FALSE,TRUE,TRUE,NONE,TRUE,TRUE,A-L,THERMOSYSPRO_DIRECT_LEVEL_CALIBRATION,MODEL_LEVEL_VERIFIED_ABSOLUTE_THRESHOLD_CALIBRATED,READY_AFTER_M_TO_MM_ADAPTER,https://build.openmodelica.org/Documentation/ThermoSysPro.WaterSteam.Volumes.DynamicDrum.html,원시 변수명은 공개 빌드 로그로 확인. 임계값·지연·히스테리시스는 시연용 A-L 가정이며 현장 기준으로 교체 필요.,DCS2,HRSG,normalized_level(Vl) > 0.8,NORMALIZED_SPAN,0.8,fraction_of_span,BallonMP.zl,1050.000017,LOCAL_thermosyspro-raw.csv,0-50,CALIBRATED_MODEL_LEVEL_MM,Direct ThermoSysPro drum level converted from m to mm
AL-0185,DCS2,HRSG,dcs2.csv,ABB_HRSG_BOP,HRSG,IP HRSG,IP Drum,M-V_DIRECT,TSP.DRUM.IP.LEVEL,BallonMP.zl,ip_drum_level_mm,LL,IP Drum 레벨 저저(LL),ip_drum_level_mm < 850.0000174 mm,ABSOLUTE_MODEL_LEVEL,850.0000174,mm,LOW,2,20 mm,2,HIGH,주황,#FF9500,FALSE,TRUE,TRUE,NONE,TRUE,TRUE,A-L,THERMOSYSPRO_DIRECT_LEVEL_CALIBRATION,MODEL_LEVEL_VERIFIED_ABSOLUTE_THRESHOLD_CALIBRATED,READY_AFTER_M_TO_MM_ADAPTER,https://build.openmodelica.org/Documentation/ThermoSysPro.WaterSteam.Volumes.DynamicDrum.html,원시 변수명은 공개 빌드 로그로 확인. 임계값·지연·히스테리시스는 시연용 A-L 가정이며 현장 기준으로 교체 필요.,DCS2,HRSG,normalized_level(Vl) < 0.2,NORMALIZED_SPAN,0.2,fraction_of_span,BallonMP.zl,1050.000017,LOCAL_thermosyspro-raw.csv,0-50,CALIBRATED_MODEL_LEVEL_MM,Direct ThermoSysPro drum level converted from m to mm
AL-0186,DCS2,HRSG,dcs2.csv,ABB_HRSG_BOP,HRSG,IP HRSG,IP Drum,M-V_DIRECT,TSP.MV.IP_DRUM.TP,IP_Drum.Tp,Tp,HH,IP Drum 벽온도 고고(HH),IP_Drum.Tp > 689 K,ABSOLUTE_MODEL_VALUE,689,K,HIGH,3,13 K,2,HIGH,주황,#FF9500,FALSE,TRUE,TRUE,NONE,TRUE,TRUE,A-L,VIRTUAL_MODEL_PRETRIP_CALIBRATION,MODEL_SIGNAL_VERIFIED_ABSOLUTE_THRESHOLD_CALIBRATED,READY_ABSOLUTE_MODEL_VALUE,https://build.openmodelica.org/Documentation/ThermoSysPro.WaterSteam.Volumes.DynamicDrum.html,원시 변수명은 공개 빌드 로그로 확인. 임계값·지연·히스테리시스는 시연용 A-L 가정이며 현장 기준으로 교체 필요.,DCS2,HRSG,Tp > PRE_EVENT_BASELINE * 1.06,PRE_EVENT_BASELINE_RATIO,1.06,ratio_to_baseline,IP_Drum.Tp,650,GT_TRIP_RAW_DATA_0.1s_0-40s.csv,0-10,CALIBRATED_MODEL_DIRECT,Direct model quantity and physical unit available
AL-0187,DCS2,HRSG,dcs2.csv,ABB_HRSG_BOP,HRSG,IP HRSG,IP Drum,M-V_DIRECT,TSP.MV.IP_DRUM.P,IP_Drum.P,P,HH,IP Drum 압력 고고(HH),IP_Drum.P > 2750000 Pa,ABSOLUTE_MODEL_VALUE,2750000,Pa,HIGH,2,50000 Pa,2,HIGH,주황,#FF9500,FALSE,TRUE,TRUE,NONE,TRUE,TRUE,A-L,VIRTUAL_MODEL_PRETRIP_CALIBRATION,MODEL_SIGNAL_VERIFIED_ABSOLUTE_THRESHOLD_CALIBRATED,READY_ABSOLUTE_MODEL_VALUE,https://build.openmodelica.org/Documentation/ThermoSysPro.WaterSteam.Volumes.DynamicDrum.html,원시 변수명은 공개 빌드 로그로 확인. 임계값·지연·히스테리시스는 시연용 A-L 가정이며 현장 기준으로 교체 필요.,DCS2,HRSG,P > PRE_EVENT_BASELINE * 1.1,PRE_EVENT_BASELINE_RATIO,1.1,ratio_to_baseline,IP_Drum.P,2500000,GT_TRIP_RAW_DATA_0.1s_0-40s.csv,0-10,CALIBRATED_MODEL_DIRECT,Direct model quantity and physical unit available
AL-0188,DCS2,HRSG,dcs2.csv,ABB_HRSG_BOP,HRSG,IP HRSG,IP Drum,M-V_DIRECT,TSP.MV.IP_DRUM.P,IP_Drum.P,P,LL,IP Drum 압력 저저(LL),IP_Drum.P < 2250000 Pa,ABSOLUTE_MODEL_VALUE,2250000,Pa,LOW,2,50000 Pa,2,HIGH,주황,#FF9500,FALSE,TRUE,TRUE,NONE,TRUE,TRUE,A-L,VIRTUAL_MODEL_PRETRIP_CALIBRATION,MODEL_SIGNAL_VERIFIED_ABSOLUTE_THRESHOLD_CALIBRATED,READY_ABSOLUTE_MODEL_VALUE,https://build.openmodelica.org/Documentation/ThermoSysPro.WaterSteam.Volumes.DynamicDrum.html,원시 변수명은 공개 빌드 로그로 확인. 임계값·지연·히스테리시스는 시연용 A-L 가정이며 현장 기준으로 교체 필요.,DCS2,HRSG,P < PRE_EVENT_BASELINE * 0.9,PRE_EVENT_BASELINE_RATIO,0.9,ratio_to_baseline,IP_Drum.P,2500000,GT_TRIP_RAW_DATA_0.1s_0-40s.csv,0-10,CALIBRATED_MODEL_DIRECT,Direct model quantity and physical unit available
AL-0189,DCS2,HRSG,dcs2.csv,ABB_HRSG_BOP,HRSG,IP HRSG,IP Economizer Cell 1,M-V_DIRECT,TSP.MV.IP_ECONOMIZER.WS.Q_1,IP_Economizer.TwoPhaseFlowPipe.Q[1],Q,LL,IP Economizer Cell 1 유량 저저(LL),IP_Economizer.TwoPhaseFlowPipe.Q[1] < 50 kg/s,ABSOLUTE_MODEL_VALUE,50,kg/s,LOW,2,5 kg/s,2,HIGH,주황,#FF9500,FALSE,TRUE,TRUE,NONE,TRUE,TRUE,A-L,VIRTUAL_MODEL_PRETRIP_CALIBRATION,MODEL_SIGNAL_VERIFIED_ABSOLUTE_THRESHOLD_CALIBRATED,READY_ABSOLUTE_MODEL_VALUE,https://build.openmodelica.org/Documentation/ThermoSysPro.WaterSteam.HeatExchangers.DynamicTwoPhaseFlowPipe.html,원시 변수명은 공개 빌드 로그로 확인. 임계값·지연·히스테리시스는 시연용 A-L 가정이며 현장 기준으로 교체 필요.,DCS2,HRSG,Q < PRE_EVENT_BASELINE * 0.5,PRE_EVENT_BASELINE_RATIO,0.5,ratio_to_baseline,IP_Economizer.TwoPhaseFlowPipe.Q[1],100,GT_TRIP_RAW_DATA_0.1s_0-40s.csv,0-10,CALIBRATED_MODEL_DIRECT,Direct model quantity and physical unit available
AL-0190,DCS2,HRSG,dcs2.csv,ABB_HRSG_BOP,HRSG,IP HRSG,IP Economizer Cell 2,M-V_DIRECT,TSP.MV.IP_ECONOMIZER.WS.P_2,IP_Economizer.TwoPhaseFlowPipe.P[2],P,HH,IP Economizer Cell 2 압력 고고(HH),IP_Economizer.TwoPhaseFlowPipe.P[2] > 2750000 Pa,ABSOLUTE_MODEL_VALUE,2750000,Pa,HIGH,2,50000 Pa,2,HIGH,주황,#FF9500,FALSE,TRUE,TRUE,NONE,TRUE,TRUE,A-L,VIRTUAL_MODEL_PRETRIP_CALIBRATION,MODEL_SIGNAL_VERIFIED_ABSOLUTE_THRESHOLD_CALIBRATED,READY_ABSOLUTE_MODEL_VALUE,https://build.openmodelica.org/Documentation/ThermoSysPro.WaterSteam.HeatExchangers.DynamicTwoPhaseFlowPipe.html,원시 변수명은 공개 빌드 로그로 확인. 임계값·지연·히스테리시스는 시연용 A-L 가정이며 현장 기준으로 교체 필요.,DCS2,HRSG,P > PRE_EVENT_BASELINE * 1.1,PRE_EVENT_BASELINE_RATIO,1.1,ratio_to_baseline,IP_Economizer.TwoPhaseFlowPipe.P[2],2500000,GT_TRIP_RAW_DATA_0.1s_0-40s.csv,0-10,CALIBRATED_MODEL_DIRECT,Direct model quantity and physical unit available
AL-0191,DCS2,HRSG,dcs2.csv,ABB_HRSG_BOP,HRSG,IP HRSG,IP Economizer Cell 2,M-V_DIRECT,TSP.MV.IP_ECONOMIZER.WS.P_2,IP_Economizer.TwoPhaseFlowPipe.P[2],P,LL,IP Economizer Cell 2 압력 저저(LL),IP_Economizer.TwoPhaseFlowPipe.P[2] < 2250000 Pa,ABSOLUTE_MODEL_VALUE,2250000,Pa,LOW,2,50000 Pa,2,HIGH,주황,#FF9500,FALSE,TRUE,TRUE,NONE,TRUE,TRUE,A-L,VIRTUAL_MODEL_PRETRIP_CALIBRATION,MODEL_SIGNAL_VERIFIED_ABSOLUTE_THRESHOLD_CALIBRATED,READY_ABSOLUTE_MODEL_VALUE,https://build.openmodelica.org/Documentation/ThermoSysPro.WaterSteam.HeatExchangers.DynamicTwoPhaseFlowPipe.html,원시 변수명은 공개 빌드 로그로 확인. 임계값·지연·히스테리시스는 시연용 A-L 가정이며 현장 기준으로 교체 필요.,DCS2,HRSG,P < PRE_EVENT_BASELINE * 0.9,PRE_EVENT_BASELINE_RATIO,0.9,ratio_to_baseline,IP_Economizer.TwoPhaseFlowPipe.P[2],2500000,GT_TRIP_RAW_DATA_0.1s_0-40s.csv,0-10,CALIBRATED_MODEL_DIRECT,Direct model quantity and physical unit available
AL-0192,DCS2,HRSG,dcs2.csv,ABB_HRSG_BOP,HRSG,IP HRSG,IP Economizer Cell 2,M-V_DIRECT,TSP.MV.IP_ECONOMIZER.WS.Q_2,IP_Economizer.TwoPhaseFlowPipe.Q[2],Q,LL,IP Economizer Cell 2 유량 저저(LL),IP_Economizer.TwoPhaseFlowPipe.Q[2] < 50 kg/s,ABSOLUTE_MODEL_VALUE,50,kg/s,LOW,2,5 kg/s,2,HIGH,주황,#FF9500,FALSE,TRUE,TRUE,NONE,TRUE,TRUE,A-L,VIRTUAL_MODEL_PRETRIP_CALIBRATION,MODEL_SIGNAL_VERIFIED_ABSOLUTE_THRESHOLD_CALIBRATED,READY_ABSOLUTE_MODEL_VALUE,https://build.openmodelica.org/Documentation/ThermoSysPro.WaterSteam.HeatExchangers.DynamicTwoPhaseFlowPipe.html,원시 변수명은 공개 빌드 로그로 확인. 임계값·지연·히스테리시스는 시연용 A-L 가정이며 현장 기준으로 교체 필요.,DCS2,HRSG,Q < PRE_EVENT_BASELINE * 0.5,PRE_EVENT_BASELINE_RATIO,0.5,ratio_to_baseline,IP_Economizer.TwoPhaseFlowPipe.Q[2],100,GT_TRIP_RAW_DATA_0.1s_0-40s.csv,0-10,CALIBRATED_MODEL_DIRECT,Direct model quantity and physical unit available
AL-0193,DCS2,HRSG,dcs2.csv,ABB_HRSG_BOP,HRSG,IP HRSG,IP Economizer Cell 2,M-V_CALCULATED,TSP.MV.IP_ECONOMIZER.WS.P_2;TSP.MV.IP_ECONOMIZER.WS.H_2,IP_Economizer.TwoPhaseFlowPipe.P[2];IP_Economizer.TwoPhaseFlowPipe.h[2],"T_ph(P,h)",HH,IP Economizer Cell 2 유체온도 고고(HH),DISABLED_UNTIL_ABSOLUTE_PHYSICAL_SIGNAL_AVAILABLE,ABSOLUTE_VALUE_PENDING,,,HIGH,2,0.02 ratio,2,HIGH,주황,#FF9500,FALSE,TRUE,TRUE,NONE,FALSE,TRUE,A-L,THERMOSYSPRO_MODEL+ASSUMED_LOGIC,ABSOLUTE_PHYSICAL_VALUE_NOT_AVAILABLE,DISABLED_PENDING_PHYSICAL_OUTPUT,https://build.openmodelica.org/Documentation/ThermoSysPro.WaterSteam.HeatExchangers.DynamicTwoPhaseFlowPipe.html,원시 변수명은 공개 빌드 로그로 확인. 임계값·지연·히스테리시스는 시연용 A-L 가정이며 현장 기준으로 교체 필요.,DCS2,HRSG,"T_ph(P,h) > PRE_EVENT_BASELINE * 1.06",PRE_EVENT_BASELINE_RATIO,1.06,ratio_to_baseline,,,,,DEFERRED_PROPERTY_CALCULATION,P/h property output must be exported and calculated in physical units
AL-0194,DCS2,HRSG,dcs2.csv,ABB_HRSG_BOP,HRSG,IP HRSG,IP Economizer Cell 2,M-V_CALCULATED,TSP.MV.IP_ECONOMIZER.WS.P_2;TSP.MV.IP_ECONOMIZER.WS.H_2,IP_Economizer.TwoPhaseFlowPipe.P[2];IP_Economizer.TwoPhaseFlowPipe.h[2],"T_ph(P,h)",LL,IP Economizer Cell 2 유체온도 저저(LL),DISABLED_UNTIL_ABSOLUTE_PHYSICAL_SIGNAL_AVAILABLE,ABSOLUTE_VALUE_PENDING,,,LOW,2,0.02 ratio,2,HIGH,주황,#FF9500,FALSE,TRUE,TRUE,NONE,FALSE,TRUE,A-L,THERMOSYSPRO_MODEL+ASSUMED_LOGIC,ABSOLUTE_PHYSICAL_VALUE_NOT_AVAILABLE,DISABLED_PENDING_PHYSICAL_OUTPUT,https://build.openmodelica.org/Documentation/ThermoSysPro.WaterSteam.HeatExchangers.DynamicTwoPhaseFlowPipe.html,원시 변수명은 공개 빌드 로그로 확인. 임계값·지연·히스테리시스는 시연용 A-L 가정이며 현장 기준으로 교체 필요.,DCS2,HRSG,"T_ph(P,h) < PRE_EVENT_BASELINE * 0.94",PRE_EVENT_BASELINE_RATIO,0.94,ratio_to_baseline,,,,,DEFERRED_PROPERTY_CALCULATION,P/h property output must be exported and calculated in physical units
AL-0195,DCS2,HRSG,dcs2.csv,ABB_HRSG_BOP,HRSG,IP HRSG,IP Economizer Cell 3,M-V_DIRECT,TSP.MV.IP_ECONOMIZER.WS.P_3,IP_Economizer.TwoPhaseFlowPipe.P[3],P,HH,IP Economizer Cell 3 압력 고고(HH),IP_Economizer.TwoPhaseFlowPipe.P[3] > 2750000 Pa,ABSOLUTE_MODEL_VALUE,2750000,Pa,HIGH,2,50000 Pa,2,HIGH,주황,#FF9500,FALSE,TRUE,TRUE,NONE,TRUE,TRUE,A-L,VIRTUAL_MODEL_PRETRIP_CALIBRATION,MODEL_SIGNAL_VERIFIED_ABSOLUTE_THRESHOLD_CALIBRATED,READY_ABSOLUTE_MODEL_VALUE,https://build.openmodelica.org/Documentation/ThermoSysPro.WaterSteam.HeatExchangers.DynamicTwoPhaseFlowPipe.html,원시 변수명은 공개 빌드 로그로 확인. 임계값·지연·히스테리시스는 시연용 A-L 가정이며 현장 기준으로 교체 필요.,DCS2,HRSG,P > PRE_EVENT_BASELINE * 1.1,PRE_EVENT_BASELINE_RATIO,1.1,ratio_to_baseline,IP_Economizer.TwoPhaseFlowPipe.P[3],2500000,GT_TRIP_RAW_DATA_0.1s_0-40s.csv,0-10,CALIBRATED_MODEL_DIRECT,Direct model quantity and physical unit available
AL-0196,DCS2,HRSG,dcs2.csv,ABB_HRSG_BOP,HRSG,IP HRSG,IP Economizer Cell 3,M-V_DIRECT,TSP.MV.IP_ECONOMIZER.WS.P_3,IP_Economizer.TwoPhaseFlowPipe.P[3],P,LL,IP Economizer Cell 3 압력 저저(LL),IP_Economizer.TwoPhaseFlowPipe.P[3] < 2250000 Pa,ABSOLUTE_MODEL_VALUE,2250000,Pa,LOW,2,50000 Pa,2,HIGH,주황,#FF9500,FALSE,TRUE,TRUE,NONE,TRUE,TRUE,A-L,VIRTUAL_MODEL_PRETRIP_CALIBRATION,MODEL_SIGNAL_VERIFIED_ABSOLUTE_THRESHOLD_CALIBRATED,READY_ABSOLUTE_MODEL_VALUE,https://build.openmodelica.org/Documentation/ThermoSysPro.WaterSteam.HeatExchangers.DynamicTwoPhaseFlowPipe.html,원시 변수명은 공개 빌드 로그로 확인. 임계값·지연·히스테리시스는 시연용 A-L 가정이며 현장 기준으로 교체 필요.,DCS2,HRSG,P < PRE_EVENT_BASELINE * 0.9,PRE_EVENT_BASELINE_RATIO,0.9,ratio_to_baseline,IP_Economizer.TwoPhaseFlowPipe.P[3],2500000,GT_TRIP_RAW_DATA_0.1s_0-40s.csv,0-10,CALIBRATED_MODEL_DIRECT,Direct model quantity and physical unit available
AL-0197,DCS2,HRSG,dcs2.csv,ABB_HRSG_BOP,HRSG,IP HRSG,IP Economizer Cell 3,M-V_DIRECT,TSP.MV.IP_ECONOMIZER.WS.Q_3,IP_Economizer.TwoPhaseFlowPipe.Q[3],Q,LL,IP Economizer Cell 3 유량 저저(LL),IP_Economizer.TwoPhaseFlowPipe.Q[3] < 50 kg/s,ABSOLUTE_MODEL_VALUE,50,kg/s,LOW,2,5 kg/s,2,HIGH,주황,#FF9500,FALSE,TRUE,TRUE,NONE,TRUE,TRUE,A-L,VIRTUAL_MODEL_PRETRIP_CALIBRATION,MODEL_SIGNAL_VERIFIED_ABSOLUTE_THRESHOLD_CALIBRATED,READY_ABSOLUTE_MODEL_VALUE,https://build.openmodelica.org/Documentation/ThermoSysPro.WaterSteam.HeatExchangers.DynamicTwoPhaseFlowPipe.html,원시 변수명은 공개 빌드 로그로 확인. 임계값·지연·히스테리시스는 시연용 A-L 가정이며 현장 기준으로 교체 필요.,DCS2,HRSG,Q < PRE_EVENT_BASELINE * 0.5,PRE_EVENT_BASELINE_RATIO,0.5,ratio_to_baseline,IP_Economizer.TwoPhaseFlowPipe.Q[3],100,GT_TRIP_RAW_DATA_0.1s_0-40s.csv,0-10,CALIBRATED_MODEL_DIRECT,Direct model quantity and physical unit available
AL-0198,DCS2,HRSG,dcs2.csv,ABB_HRSG_BOP,HRSG,IP HRSG,IP Economizer Cell 3,M-V_CALCULATED,TSP.MV.IP_ECONOMIZER.WS.P_3;TSP.MV.IP_ECONOMIZER.WS.H_3,IP_Economizer.TwoPhaseFlowPipe.P[3];IP_Economizer.TwoPhaseFlowPipe.h[3],"T_ph(P,h)",HH,IP Economizer Cell 3 유체온도 고고(HH),DISABLED_UNTIL_ABSOLUTE_PHYSICAL_SIGNAL_AVAILABLE,ABSOLUTE_VALUE_PENDING,,,HIGH,2,0.02 ratio,2,HIGH,주황,#FF9500,FALSE,TRUE,TRUE,NONE,FALSE,TRUE,A-L,THERMOSYSPRO_MODEL+ASSUMED_LOGIC,ABSOLUTE_PHYSICAL_VALUE_NOT_AVAILABLE,DISABLED_PENDING_PHYSICAL_OUTPUT,https://build.openmodelica.org/Documentation/ThermoSysPro.WaterSteam.HeatExchangers.DynamicTwoPhaseFlowPipe.html,원시 변수명은 공개 빌드 로그로 확인. 임계값·지연·히스테리시스는 시연용 A-L 가정이며 현장 기준으로 교체 필요.,DCS2,HRSG,"T_ph(P,h) > PRE_EVENT_BASELINE * 1.06",PRE_EVENT_BASELINE_RATIO,1.06,ratio_to_baseline,,,,,DEFERRED_PROPERTY_CALCULATION,P/h property output must be exported and calculated in physical units
AL-0199,DCS2,HRSG,dcs2.csv,ABB_HRSG_BOP,HRSG,IP HRSG,IP Economizer Cell 3,M-V_CALCULATED,TSP.MV.IP_ECONOMIZER.WS.P_3;TSP.MV.IP_ECONOMIZER.WS.H_3,IP_Economizer.TwoPhaseFlowPipe.P[3];IP_Economizer.TwoPhaseFlowPipe.h[3],"T_ph(P,h)",LL,IP Economizer Cell 3 유체온도 저저(LL),DISABLED_UNTIL_ABSOLUTE_PHYSICAL_SIGNAL_AVAILABLE,ABSOLUTE_VALUE_PENDING,,,LOW,2,0.02 ratio,2,HIGH,주황,#FF9500,FALSE,TRUE,TRUE,NONE,FALSE,TRUE,A-L,THERMOSYSPRO_MODEL+ASSUMED_LOGIC,ABSOLUTE_PHYSICAL_VALUE_NOT_AVAILABLE,DISABLED_PENDING_PHYSICAL_OUTPUT,https://build.openmodelica.org/Documentation/ThermoSysPro.WaterSteam.HeatExchangers.DynamicTwoPhaseFlowPipe.html,원시 변수명은 공개 빌드 로그로 확인. 임계값·지연·히스테리시스는 시연용 A-L 가정이며 현장 기준으로 교체 필요.,DCS2,HRSG,"T_ph(P,h) < PRE_EVENT_BASELINE * 0.94",PRE_EVENT_BASELINE_RATIO,0.94,ratio_to_baseline,,,,,DEFERRED_PROPERTY_CALCULATION,P/h property output must be exported and calculated in physical units
AL-0200,DCS2,HRSG,dcs2.csv,ABB_HRSG_BOP,HRSG,IP HRSG,IP Economizer Cell 4,M-V_DIRECT,TSP.MV.IP_ECONOMIZER.WS.P_4,IP_Economizer.TwoPhaseFlowPipe.P[4],P,HH,IP Economizer Cell 4 압력 고고(HH),IP_Economizer.TwoPhaseFlowPipe.P[4] > 2750000 Pa,ABSOLUTE_MODEL_VALUE,2750000,Pa,HIGH,2,50000 Pa,2,HIGH,주황,#FF9500,FALSE,TRUE,TRUE,NONE,TRUE,TRUE,A-L,VIRTUAL_MODEL_PRETRIP_CALIBRATION,MODEL_SIGNAL_VERIFIED_ABSOLUTE_THRESHOLD_CALIBRATED,READY_ABSOLUTE_MODEL_VALUE,https://build.openmodelica.org/Documentation/ThermoSysPro.WaterSteam.HeatExchangers.DynamicTwoPhaseFlowPipe.html,원시 변수명은 공개 빌드 로그로 확인. 임계값·지연·히스테리시스는 시연용 A-L 가정이며 현장 기준으로 교체 필요.,DCS2,HRSG,P > PRE_EVENT_BASELINE * 1.1,PRE_EVENT_BASELINE_RATIO,1.1,ratio_to_baseline,IP_Economizer.TwoPhaseFlowPipe.P[4],2500000,GT_TRIP_RAW_DATA_0.1s_0-40s.csv,0-10,CALIBRATED_MODEL_DIRECT,Direct model quantity and physical unit available
AL-0201,DCS2,HRSG,dcs2.csv,ABB_HRSG_BOP,HRSG,IP HRSG,IP Economizer Cell 4,M-V_DIRECT,TSP.MV.IP_ECONOMIZER.WS.P_4,IP_Economizer.TwoPhaseFlowPipe.P[4],P,LL,IP Economizer Cell 4 압력 저저(LL),IP_Economizer.TwoPhaseFlowPipe.P[4] < 2250000 Pa,ABSOLUTE_MODEL_VALUE,2250000,Pa,LOW,2,50000 Pa,2,HIGH,주황,#FF9500,FALSE,TRUE,TRUE,NONE,TRUE,TRUE,A-L,VIRTUAL_MODEL_PRETRIP_CALIBRATION,MODEL_SIGNAL_VERIFIED_ABSOLUTE_THRESHOLD_CALIBRATED,READY_ABSOLUTE_MODEL_VALUE,https://build.openmodelica.org/Documentation/ThermoSysPro.WaterSteam.HeatExchangers.DynamicTwoPhaseFlowPipe.html,원시 변수명은 공개 빌드 로그로 확인. 임계값·지연·히스테리시스는 시연용 A-L 가정이며 현장 기준으로 교체 필요.,DCS2,HRSG,P < PRE_EVENT_BASELINE * 0.9,PRE_EVENT_BASELINE_RATIO,0.9,ratio_to_baseline,IP_Economizer.TwoPhaseFlowPipe.P[4],2500000,GT_TRIP_RAW_DATA_0.1s_0-40s.csv,0-10,CALIBRATED_MODEL_DIRECT,Direct model quantity and physical unit available
AL-0202,DCS2,HRSG,dcs2.csv,ABB_HRSG_BOP,HRSG,IP HRSG,IP Economizer Cell 4,M-V_DIRECT,TSP.MV.IP_ECONOMIZER.WS.Q_4,IP_Economizer.TwoPhaseFlowPipe.Q[4],Q,LL,IP Economizer Cell 4 유량 저저(LL),IP_Economizer.TwoPhaseFlowPipe.Q[4] < 50 kg/s,ABSOLUTE_MODEL_VALUE,50,kg/s,LOW,2,5 kg/s,2,HIGH,주황,#FF9500,FALSE,TRUE,TRUE,NONE,TRUE,TRUE,A-L,VIRTUAL_MODEL_PRETRIP_CALIBRATION,MODEL_SIGNAL_VERIFIED_ABSOLUTE_THRESHOLD_CALIBRATED,READY_ABSOLUTE_MODEL_VALUE,https://build.openmodelica.org/Documentation/ThermoSysPro.WaterSteam.HeatExchangers.DynamicTwoPhaseFlowPipe.html,원시 변수명은 공개 빌드 로그로 확인. 임계값·지연·히스테리시스는 시연용 A-L 가정이며 현장 기준으로 교체 필요.,DCS2,HRSG,Q < PRE_EVENT_BASELINE * 0.5,PRE_EVENT_BASELINE_RATIO,0.5,ratio_to_baseline,IP_Economizer.TwoPhaseFlowPipe.Q[4],100,GT_TRIP_RAW_DATA_0.1s_0-40s.csv,0-10,CALIBRATED_MODEL_DIRECT,Direct model quantity and physical unit available
AL-0203,DCS2,HRSG,dcs2.csv,ABB_HRSG_BOP,HRSG,IP HRSG,IP Economizer Cell 4,M-V_CALCULATED,TSP.MV.IP_ECONOMIZER.WS.P_4;TSP.MV.IP_ECONOMIZER.WS.H_4,IP_Economizer.TwoPhaseFlowPipe.P[4];IP_Economizer.TwoPhaseFlowPipe.h[4],"T_ph(P,h)",HH,IP Economizer Cell 4 유체온도 고고(HH),DISABLED_UNTIL_ABSOLUTE_PHYSICAL_SIGNAL_AVAILABLE,ABSOLUTE_VALUE_PENDING,,,HIGH,2,0.02 ratio,2,HIGH,주황,#FF9500,FALSE,TRUE,TRUE,NONE,FALSE,TRUE,A-L,THERMOSYSPRO_MODEL+ASSUMED_LOGIC,ABSOLUTE_PHYSICAL_VALUE_NOT_AVAILABLE,DISABLED_PENDING_PHYSICAL_OUTPUT,https://build.openmodelica.org/Documentation/ThermoSysPro.WaterSteam.HeatExchangers.DynamicTwoPhaseFlowPipe.html,원시 변수명은 공개 빌드 로그로 확인. 임계값·지연·히스테리시스는 시연용 A-L 가정이며 현장 기준으로 교체 필요.,DCS2,HRSG,"T_ph(P,h) > PRE_EVENT_BASELINE * 1.06",PRE_EVENT_BASELINE_RATIO,1.06,ratio_to_baseline,,,,,DEFERRED_PROPERTY_CALCULATION,P/h property output must be exported and calculated in physical units
AL-0204,DCS2,HRSG,dcs2.csv,ABB_HRSG_BOP,HRSG,IP HRSG,IP Economizer Cell 4,M-V_CALCULATED,TSP.MV.IP_ECONOMIZER.WS.P_4;TSP.MV.IP_ECONOMIZER.WS.H_4,IP_Economizer.TwoPhaseFlowPipe.P[4];IP_Economizer.TwoPhaseFlowPipe.h[4],"T_ph(P,h)",LL,IP Economizer Cell 4 유체온도 저저(LL),DISABLED_UNTIL_ABSOLUTE_PHYSICAL_SIGNAL_AVAILABLE,ABSOLUTE_VALUE_PENDING,,,LOW,2,0.02 ratio,2,HIGH,주황,#FF9500,FALSE,TRUE,TRUE,NONE,FALSE,TRUE,A-L,THERMOSYSPRO_MODEL+ASSUMED_LOGIC,ABSOLUTE_PHYSICAL_VALUE_NOT_AVAILABLE,DISABLED_PENDING_PHYSICAL_OUTPUT,https://build.openmodelica.org/Documentation/ThermoSysPro.WaterSteam.HeatExchangers.DynamicTwoPhaseFlowPipe.html,원시 변수명은 공개 빌드 로그로 확인. 임계값·지연·히스테리시스는 시연용 A-L 가정이며 현장 기준으로 교체 필요.,DCS2,HRSG,"T_ph(P,h) < PRE_EVENT_BASELINE * 0.94",PRE_EVENT_BASELINE_RATIO,0.94,ratio_to_baseline,,,,,DEFERRED_PROPERTY_CALCULATION,P/h property output must be exported and calculated in physical units
AL-0205,DCS2,HRSG,dcs2.csv,ABB_HRSG_BOP,HRSG,IP HRSG,IP Economizer Wall 1,M-V_DIRECT,TSP.MV.IP_ECONOMIZER.WALL.TP_1,IP_Economizer.ExchangerWall.Tp[1],Tp,HH,IP Economizer Wall 1 벽온도 고고(HH),IP_Economizer.ExchangerWall.Tp[1] > 689 K,ABSOLUTE_MODEL_VALUE,689,K,HIGH,3,13 K,2,HIGH,주황,#FF9500,FALSE,TRUE,TRUE,NONE,TRUE,TRUE,A-L,VIRTUAL_MODEL_PRETRIP_CALIBRATION,MODEL_SIGNAL_VERIFIED_ABSOLUTE_THRESHOLD_CALIBRATED,READY_ABSOLUTE_MODEL_VALUE,https://build.openmodelica.org/Documentation/ThermoSysPro.WaterSteam.HeatExchangers.DynamicTwoPhaseFlowPipe.html,원시 변수명은 공개 빌드 로그로 확인. 임계값·지연·히스테리시스는 시연용 A-L 가정이며 현장 기준으로 교체 필요.,DCS2,HRSG,Tp > PRE_EVENT_BASELINE * 1.06,PRE_EVENT_BASELINE_RATIO,1.06,ratio_to_baseline,IP_Economizer.ExchangerWall.Tp[1],650,GT_TRIP_RAW_DATA_0.1s_0-40s.csv,0-10,CALIBRATED_MODEL_DIRECT,Direct model quantity and physical unit available
AL-0206,DCS2,HRSG,dcs2.csv,ABB_HRSG_BOP,HRSG,IP HRSG,IP Economizer Wall 2,M-V_DIRECT,TSP.MV.IP_ECONOMIZER.WALL.TP_2,IP_Economizer.ExchangerWall.Tp[2],Tp,HH,IP Economizer Wall 2 벽온도 고고(HH),IP_Economizer.ExchangerWall.Tp[2] > 689 K,ABSOLUTE_MODEL_VALUE,689,K,HIGH,3,13 K,2,HIGH,주황,#FF9500,FALSE,TRUE,TRUE,NONE,TRUE,TRUE,A-L,VIRTUAL_MODEL_PRETRIP_CALIBRATION,MODEL_SIGNAL_VERIFIED_ABSOLUTE_THRESHOLD_CALIBRATED,READY_ABSOLUTE_MODEL_VALUE,https://build.openmodelica.org/Documentation/ThermoSysPro.WaterSteam.HeatExchangers.DynamicTwoPhaseFlowPipe.html,원시 변수명은 공개 빌드 로그로 확인. 임계값·지연·히스테리시스는 시연용 A-L 가정이며 현장 기준으로 교체 필요.,DCS2,HRSG,Tp > PRE_EVENT_BASELINE * 1.06,PRE_EVENT_BASELINE_RATIO,1.06,ratio_to_baseline,IP_Economizer.ExchangerWall.Tp[2],650,GT_TRIP_RAW_DATA_0.1s_0-40s.csv,0-10,CALIBRATED_MODEL_DIRECT,Direct model quantity and physical unit available
AL-0207,DCS2,HRSG,dcs2.csv,ABB_HRSG_BOP,HRSG,IP HRSG,IP Economizer Wall 3,M-V_DIRECT,TSP.MV.IP_ECONOMIZER.WALL.TP_3,IP_Economizer.ExchangerWall.Tp[3],Tp,HH,IP Economizer Wall 3 벽온도 고고(HH),IP_Economizer.ExchangerWall.Tp[3] > 689 K,ABSOLUTE_MODEL_VALUE,689,K,HIGH,3,13 K,2,HIGH,주황,#FF9500,FALSE,TRUE,TRUE,NONE,TRUE,TRUE,A-L,VIRTUAL_MODEL_PRETRIP_CALIBRATION,MODEL_SIGNAL_VERIFIED_ABSOLUTE_THRESHOLD_CALIBRATED,READY_ABSOLUTE_MODEL_VALUE,https://build.openmodelica.org/Documentation/ThermoSysPro.WaterSteam.HeatExchangers.DynamicTwoPhaseFlowPipe.html,원시 변수명은 공개 빌드 로그로 확인. 임계값·지연·히스테리시스는 시연용 A-L 가정이며 현장 기준으로 교체 필요.,DCS2,HRSG,Tp > PRE_EVENT_BASELINE * 1.06,PRE_EVENT_BASELINE_RATIO,1.06,ratio_to_baseline,IP_Economizer.ExchangerWall.Tp[3],650,GT_TRIP_RAW_DATA_0.1s_0-40s.csv,0-10,CALIBRATED_MODEL_DIRECT,Direct model quantity and physical unit available
AL-0208,DCS2,HRSG,dcs2.csv,ABB_HRSG_BOP,HRSG,IP HRSG,IP Evaporator Cell 1,M-V_DIRECT,TSP.MV.IP_EVAPORATOR.WS.Q_1,IP_Evaporator.TwoPhaseFlowPipe.Q[1],Q,LL,IP Evaporator Cell 1 유량 저저(LL),IP_Evaporator.TwoPhaseFlowPipe.Q[1] < 50 kg/s,ABSOLUTE_MODEL_VALUE,50,kg/s,LOW,2,5 kg/s,2,HIGH,주황,#FF9500,FALSE,TRUE,TRUE,NONE,TRUE,TRUE,A-L,VIRTUAL_MODEL_PRETRIP_CALIBRATION,MODEL_SIGNAL_VERIFIED_ABSOLUTE_THRESHOLD_CALIBRATED,READY_ABSOLUTE_MODEL_VALUE,https://build.openmodelica.org/Documentation/ThermoSysPro.WaterSteam.HeatExchangers.DynamicTwoPhaseFlowPipe.html,원시 변수명은 공개 빌드 로그로 확인. 임계값·지연·히스테리시스는 시연용 A-L 가정이며 현장 기준으로 교체 필요.,DCS2,HRSG,Q < PRE_EVENT_BASELINE * 0.5,PRE_EVENT_BASELINE_RATIO,0.5,ratio_to_baseline,IP_Evaporator.TwoPhaseFlowPipe.Q[1],100,GT_TRIP_RAW_DATA_0.1s_0-40s.csv,0-10,CALIBRATED_MODEL_DIRECT,Direct model quantity and physical unit available
AL-0209,DCS2,HRSG,dcs2.csv,ABB_HRSG_BOP,HRSG,IP HRSG,IP Evaporator Cell 2,M-V_DIRECT,TSP.MV.IP_EVAPORATOR.WS.P_2,IP_Evaporator.TwoPhaseFlowPipe.P[2],P,HH,IP Evaporator Cell 2 압력 고고(HH),IP_Evaporator.TwoPhaseFlowPipe.P[2] > 110 Pa,ABSOLUTE_MODEL_VALUE,110,Pa,HIGH,2,2 Pa,2,HIGH,주황,#FF9500,FALSE,TRUE,TRUE,NONE,TRUE,TRUE,A-L,VIRTUAL_MODEL_PRETRIP_CALIBRATION,MODEL_SIGNAL_VERIFIED_ABSOLUTE_THRESHOLD_CALIBRATED,READY_ABSOLUTE_MODEL_VALUE,https://build.openmodelica.org/Documentation/ThermoSysPro.WaterSteam.HeatExchangers.DynamicTwoPhaseFlowPipe.html,원시 변수명은 공개 빌드 로그로 확인. 임계값·지연·히스테리시스는 시연용 A-L 가정이며 현장 기준으로 교체 필요.,DCS2,HRSG,P > PRE_EVENT_BASELINE * 1.1,PRE_EVENT_BASELINE_RATIO,1.1,ratio_to_baseline,IP_Evaporator.TwoPhaseFlowPipe.P[2],100,GT_TRIP_RAW_DATA_0.1s_0-40s.csv,0-10,CALIBRATED_MODEL_DIRECT,Direct model quantity and physical unit available
AL-0210,DCS2,HRSG,dcs2.csv,ABB_HRSG_BOP,HRSG,IP HRSG,IP Evaporator Cell 2,M-V_DIRECT,TSP.MV.IP_EVAPORATOR.WS.P_2,IP_Evaporator.TwoPhaseFlowPipe.P[2],P,LL,IP Evaporator Cell 2 압력 저저(LL),IP_Evaporator.TwoPhaseFlowPipe.P[2] < 90 Pa,ABSOLUTE_MODEL_VALUE,90,Pa,LOW,2,2 Pa,2,HIGH,주황,#FF9500,FALSE,TRUE,TRUE,NONE,TRUE,TRUE,A-L,VIRTUAL_MODEL_PRETRIP_CALIBRATION,MODEL_SIGNAL_VERIFIED_ABSOLUTE_THRESHOLD_CALIBRATED,READY_ABSOLUTE_MODEL_VALUE,https://build.openmodelica.org/Documentation/ThermoSysPro.WaterSteam.HeatExchangers.DynamicTwoPhaseFlowPipe.html,원시 변수명은 공개 빌드 로그로 확인. 임계값·지연·히스테리시스는 시연용 A-L 가정이며 현장 기준으로 교체 필요.,DCS2,HRSG,P < PRE_EVENT_BASELINE * 0.9,PRE_EVENT_BASELINE_RATIO,0.9,ratio_to_baseline,IP_Evaporator.TwoPhaseFlowPipe.P[2],100,GT_TRIP_RAW_DATA_0.1s_0-40s.csv,0-10,CALIBRATED_MODEL_DIRECT,Direct model quantity and physical unit available
AL-0211,DCS2,HRSG,dcs2.csv,ABB_HRSG_BOP,HRSG,IP HRSG,IP Evaporator Cell 2,M-V_DIRECT,TSP.MV.IP_EVAPORATOR.WS.Q_2,IP_Evaporator.TwoPhaseFlowPipe.Q[2],Q,LL,IP Evaporator Cell 2 유량 저저(LL),IP_Evaporator.TwoPhaseFlowPipe.Q[2] < 50 kg/s,ABSOLUTE_MODEL_VALUE,50,kg/s,LOW,2,5 kg/s,2,HIGH,주황,#FF9500,FALSE,TRUE,TRUE,NONE,TRUE,TRUE,A-L,VIRTUAL_MODEL_PRETRIP_CALIBRATION,MODEL_SIGNAL_VERIFIED_ABSOLUTE_THRESHOLD_CALIBRATED,READY_ABSOLUTE_MODEL_VALUE,https://build.openmodelica.org/Documentation/ThermoSysPro.WaterSteam.HeatExchangers.DynamicTwoPhaseFlowPipe.html,원시 변수명은 공개 빌드 로그로 확인. 임계값·지연·히스테리시스는 시연용 A-L 가정이며 현장 기준으로 교체 필요.,DCS2,HRSG,Q < PRE_EVENT_BASELINE * 0.5,PRE_EVENT_BASELINE_RATIO,0.5,ratio_to_baseline,IP_Evaporator.TwoPhaseFlowPipe.Q[2],100,GT_TRIP_RAW_DATA_0.1s_0-40s.csv,0-10,CALIBRATED_MODEL_DIRECT,Direct model quantity and physical unit available
AL-0212,DCS2,HRSG,dcs2.csv,ABB_HRSG_BOP,HRSG,IP HRSG,IP Evaporator Cell 2,M-V_CALCULATED,TSP.MV.IP_EVAPORATOR.WS.P_2;TSP.MV.IP_EVAPORATOR.WS.H_2,IP_Evaporator.TwoPhaseFlowPipe.P[2];IP_Evaporator.TwoPhaseFlowPipe.h[2],"T_ph(P,h)",HH,IP Evaporator Cell 2 유체온도 고고(HH),DISABLED_UNTIL_ABSOLUTE_PHYSICAL_SIGNAL_AVAILABLE,ABSOLUTE_VALUE_PENDING,,,HIGH,2,0.02 ratio,2,HIGH,주황,#FF9500,FALSE,TRUE,TRUE,NONE,FALSE,TRUE,A-L,THERMOSYSPRO_MODEL+ASSUMED_LOGIC,ABSOLUTE_PHYSICAL_VALUE_NOT_AVAILABLE,DISABLED_PENDING_PHYSICAL_OUTPUT,https://build.openmodelica.org/Documentation/ThermoSysPro.WaterSteam.HeatExchangers.DynamicTwoPhaseFlowPipe.html,원시 변수명은 공개 빌드 로그로 확인. 임계값·지연·히스테리시스는 시연용 A-L 가정이며 현장 기준으로 교체 필요.,DCS2,HRSG,"T_ph(P,h) > PRE_EVENT_BASELINE * 1.06",PRE_EVENT_BASELINE_RATIO,1.06,ratio_to_baseline,,,,,DEFERRED_PROPERTY_CALCULATION,P/h property output must be exported and calculated in physical units
AL-0213,DCS2,HRSG,dcs2.csv,ABB_HRSG_BOP,HRSG,IP HRSG,IP Evaporator Cell 2,M-V_CALCULATED,TSP.MV.IP_EVAPORATOR.WS.P_2;TSP.MV.IP_EVAPORATOR.WS.H_2,IP_Evaporator.TwoPhaseFlowPipe.P[2];IP_Evaporator.TwoPhaseFlowPipe.h[2],"T_ph(P,h)",LL,IP Evaporator Cell 2 유체온도 저저(LL),DISABLED_UNTIL_ABSOLUTE_PHYSICAL_SIGNAL_AVAILABLE,ABSOLUTE_VALUE_PENDING,,,LOW,2,0.02 ratio,2,HIGH,주황,#FF9500,FALSE,TRUE,TRUE,NONE,FALSE,TRUE,A-L,THERMOSYSPRO_MODEL+ASSUMED_LOGIC,ABSOLUTE_PHYSICAL_VALUE_NOT_AVAILABLE,DISABLED_PENDING_PHYSICAL_OUTPUT,https://build.openmodelica.org/Documentation/ThermoSysPro.WaterSteam.HeatExchangers.DynamicTwoPhaseFlowPipe.html,원시 변수명은 공개 빌드 로그로 확인. 임계값·지연·히스테리시스는 시연용 A-L 가정이며 현장 기준으로 교체 필요.,DCS2,HRSG,"T_ph(P,h) < PRE_EVENT_BASELINE * 0.94",PRE_EVENT_BASELINE_RATIO,0.94,ratio_to_baseline,,,,,DEFERRED_PROPERTY_CALCULATION,P/h property output must be exported and calculated in physical units
AL-0214,DCS2,HRSG,dcs2.csv,ABB_HRSG_BOP,HRSG,IP HRSG,IP Evaporator Cell 3,M-V_DIRECT,TSP.MV.IP_EVAPORATOR.WS.P_3,IP_Evaporator.TwoPhaseFlowPipe.P[3],P,HH,IP Evaporator Cell 3 압력 고고(HH),IP_Evaporator.TwoPhaseFlowPipe.P[3] > 110 Pa,ABSOLUTE_MODEL_VALUE,110,Pa,HIGH,2,2 Pa,2,HIGH,주황,#FF9500,FALSE,TRUE,TRUE,NONE,TRUE,TRUE,A-L,VIRTUAL_MODEL_PRETRIP_CALIBRATION,MODEL_SIGNAL_VERIFIED_ABSOLUTE_THRESHOLD_CALIBRATED,READY_ABSOLUTE_MODEL_VALUE,https://build.openmodelica.org/Documentation/ThermoSysPro.WaterSteam.HeatExchangers.DynamicTwoPhaseFlowPipe.html,원시 변수명은 공개 빌드 로그로 확인. 임계값·지연·히스테리시스는 시연용 A-L 가정이며 현장 기준으로 교체 필요.,DCS2,HRSG,P > PRE_EVENT_BASELINE * 1.1,PRE_EVENT_BASELINE_RATIO,1.1,ratio_to_baseline,IP_Evaporator.TwoPhaseFlowPipe.P[3],100,GT_TRIP_RAW_DATA_0.1s_0-40s.csv,0-10,CALIBRATED_MODEL_DIRECT,Direct model quantity and physical unit available
AL-0215,DCS2,HRSG,dcs2.csv,ABB_HRSG_BOP,HRSG,IP HRSG,IP Evaporator Cell 3,M-V_DIRECT,TSP.MV.IP_EVAPORATOR.WS.P_3,IP_Evaporator.TwoPhaseFlowPipe.P[3],P,LL,IP Evaporator Cell 3 압력 저저(LL),IP_Evaporator.TwoPhaseFlowPipe.P[3] < 90 Pa,ABSOLUTE_MODEL_VALUE,90,Pa,LOW,2,2 Pa,2,HIGH,주황,#FF9500,FALSE,TRUE,TRUE,NONE,TRUE,TRUE,A-L,VIRTUAL_MODEL_PRETRIP_CALIBRATION,MODEL_SIGNAL_VERIFIED_ABSOLUTE_THRESHOLD_CALIBRATED,READY_ABSOLUTE_MODEL_VALUE,https://build.openmodelica.org/Documentation/ThermoSysPro.WaterSteam.HeatExchangers.DynamicTwoPhaseFlowPipe.html,원시 변수명은 공개 빌드 로그로 확인. 임계값·지연·히스테리시스는 시연용 A-L 가정이며 현장 기준으로 교체 필요.,DCS2,HRSG,P < PRE_EVENT_BASELINE * 0.9,PRE_EVENT_BASELINE_RATIO,0.9,ratio_to_baseline,IP_Evaporator.TwoPhaseFlowPipe.P[3],100,GT_TRIP_RAW_DATA_0.1s_0-40s.csv,0-10,CALIBRATED_MODEL_DIRECT,Direct model quantity and physical unit available
AL-0216,DCS2,HRSG,dcs2.csv,ABB_HRSG_BOP,HRSG,IP HRSG,IP Evaporator Cell 3,M-V_DIRECT,TSP.MV.IP_EVAPORATOR.WS.Q_3,IP_Evaporator.TwoPhaseFlowPipe.Q[3],Q,LL,IP Evaporator Cell 3 유량 저저(LL),IP_Evaporator.TwoPhaseFlowPipe.Q[3] < 50 kg/s,ABSOLUTE_MODEL_VALUE,50,kg/s,LOW,2,5 kg/s,2,HIGH,주황,#FF9500,FALSE,TRUE,TRUE,NONE,TRUE,TRUE,A-L,VIRTUAL_MODEL_PRETRIP_CALIBRATION,MODEL_SIGNAL_VERIFIED_ABSOLUTE_THRESHOLD_CALIBRATED,READY_ABSOLUTE_MODEL_VALUE,https://build.openmodelica.org/Documentation/ThermoSysPro.WaterSteam.HeatExchangers.DynamicTwoPhaseFlowPipe.html,원시 변수명은 공개 빌드 로그로 확인. 임계값·지연·히스테리시스는 시연용 A-L 가정이며 현장 기준으로 교체 필요.,DCS2,HRSG,Q < PRE_EVENT_BASELINE * 0.5,PRE_EVENT_BASELINE_RATIO,0.5,ratio_to_baseline,IP_Evaporator.TwoPhaseFlowPipe.Q[3],100,GT_TRIP_RAW_DATA_0.1s_0-40s.csv,0-10,CALIBRATED_MODEL_DIRECT,Direct model quantity and physical unit available
AL-0217,DCS2,HRSG,dcs2.csv,ABB_HRSG_BOP,HRSG,IP HRSG,IP Evaporator Cell 3,M-V_CALCULATED,TSP.MV.IP_EVAPORATOR.WS.P_3;TSP.MV.IP_EVAPORATOR.WS.H_3,IP_Evaporator.TwoPhaseFlowPipe.P[3];IP_Evaporator.TwoPhaseFlowPipe.h[3],"T_ph(P,h)",HH,IP Evaporator Cell 3 유체온도 고고(HH),DISABLED_UNTIL_ABSOLUTE_PHYSICAL_SIGNAL_AVAILABLE,ABSOLUTE_VALUE_PENDING,,,HIGH,2,0.02 ratio,2,HIGH,주황,#FF9500,FALSE,TRUE,TRUE,NONE,FALSE,TRUE,A-L,THERMOSYSPRO_MODEL+ASSUMED_LOGIC,ABSOLUTE_PHYSICAL_VALUE_NOT_AVAILABLE,DISABLED_PENDING_PHYSICAL_OUTPUT,https://build.openmodelica.org/Documentation/ThermoSysPro.WaterSteam.HeatExchangers.DynamicTwoPhaseFlowPipe.html,원시 변수명은 공개 빌드 로그로 확인. 임계값·지연·히스테리시스는 시연용 A-L 가정이며 현장 기준으로 교체 필요.,DCS2,HRSG,"T_ph(P,h) > PRE_EVENT_BASELINE * 1.06",PRE_EVENT_BASELINE_RATIO,1.06,ratio_to_baseline,,,,,DEFERRED_PROPERTY_CALCULATION,P/h property output must be exported and calculated in physical units
AL-0218,DCS2,HRSG,dcs2.csv,ABB_HRSG_BOP,HRSG,IP HRSG,IP Evaporator Cell 3,M-V_CALCULATED,TSP.MV.IP_EVAPORATOR.WS.P_3;TSP.MV.IP_EVAPORATOR.WS.H_3,IP_Evaporator.TwoPhaseFlowPipe.P[3];IP_Evaporator.TwoPhaseFlowPipe.h[3],"T_ph(P,h)",LL,IP Evaporator Cell 3 유체온도 저저(LL),DISABLED_UNTIL_ABSOLUTE_PHYSICAL_SIGNAL_AVAILABLE,ABSOLUTE_VALUE_PENDING,,,LOW,2,0.02 ratio,2,HIGH,주황,#FF9500,FALSE,TRUE,TRUE,NONE,FALSE,TRUE,A-L,THERMOSYSPRO_MODEL+ASSUMED_LOGIC,ABSOLUTE_PHYSICAL_VALUE_NOT_AVAILABLE,DISABLED_PENDING_PHYSICAL_OUTPUT,https://build.openmodelica.org/Documentation/ThermoSysPro.WaterSteam.HeatExchangers.DynamicTwoPhaseFlowPipe.html,원시 변수명은 공개 빌드 로그로 확인. 임계값·지연·히스테리시스는 시연용 A-L 가정이며 현장 기준으로 교체 필요.,DCS2,HRSG,"T_ph(P,h) < PRE_EVENT_BASELINE * 0.94",PRE_EVENT_BASELINE_RATIO,0.94,ratio_to_baseline,,,,,DEFERRED_PROPERTY_CALCULATION,P/h property output must be exported and calculated in physical units
AL-0219,DCS2,HRSG,dcs2.csv,ABB_HRSG_BOP,HRSG,IP HRSG,IP Evaporator Cell 4,M-V_DIRECT,TSP.MV.IP_EVAPORATOR.WS.P_4,IP_Evaporator.TwoPhaseFlowPipe.P[4],P,HH,IP Evaporator Cell 4 압력 고고(HH),IP_Evaporator.TwoPhaseFlowPipe.P[4] > 110 Pa,ABSOLUTE_MODEL_VALUE,110,Pa,HIGH,2,2 Pa,2,HIGH,주황,#FF9500,FALSE,TRUE,TRUE,NONE,TRUE,TRUE,A-L,VIRTUAL_MODEL_PRETRIP_CALIBRATION,MODEL_SIGNAL_VERIFIED_ABSOLUTE_THRESHOLD_CALIBRATED,READY_ABSOLUTE_MODEL_VALUE,https://build.openmodelica.org/Documentation/ThermoSysPro.WaterSteam.HeatExchangers.DynamicTwoPhaseFlowPipe.html,원시 변수명은 공개 빌드 로그로 확인. 임계값·지연·히스테리시스는 시연용 A-L 가정이며 현장 기준으로 교체 필요.,DCS2,HRSG,P > PRE_EVENT_BASELINE * 1.1,PRE_EVENT_BASELINE_RATIO,1.1,ratio_to_baseline,IP_Evaporator.TwoPhaseFlowPipe.P[4],100,GT_TRIP_RAW_DATA_0.1s_0-40s.csv,0-10,CALIBRATED_MODEL_DIRECT,Direct model quantity and physical unit available
AL-0220,DCS2,HRSG,dcs2.csv,ABB_HRSG_BOP,HRSG,IP HRSG,IP Evaporator Cell 4,M-V_DIRECT,TSP.MV.IP_EVAPORATOR.WS.P_4,IP_Evaporator.TwoPhaseFlowPipe.P[4],P,LL,IP Evaporator Cell 4 압력 저저(LL),IP_Evaporator.TwoPhaseFlowPipe.P[4] < 90 Pa,ABSOLUTE_MODEL_VALUE,90,Pa,LOW,2,2 Pa,2,HIGH,주황,#FF9500,FALSE,TRUE,TRUE,NONE,TRUE,TRUE,A-L,VIRTUAL_MODEL_PRETRIP_CALIBRATION,MODEL_SIGNAL_VERIFIED_ABSOLUTE_THRESHOLD_CALIBRATED,READY_ABSOLUTE_MODEL_VALUE,https://build.openmodelica.org/Documentation/ThermoSysPro.WaterSteam.HeatExchangers.DynamicTwoPhaseFlowPipe.html,원시 변수명은 공개 빌드 로그로 확인. 임계값·지연·히스테리시스는 시연용 A-L 가정이며 현장 기준으로 교체 필요.,DCS2,HRSG,P < PRE_EVENT_BASELINE * 0.9,PRE_EVENT_BASELINE_RATIO,0.9,ratio_to_baseline,IP_Evaporator.TwoPhaseFlowPipe.P[4],100,GT_TRIP_RAW_DATA_0.1s_0-40s.csv,0-10,CALIBRATED_MODEL_DIRECT,Direct model quantity and physical unit available
AL-0221,DCS2,HRSG,dcs2.csv,ABB_HRSG_BOP,HRSG,IP HRSG,IP Evaporator Cell 4,M-V_DIRECT,TSP.MV.IP_EVAPORATOR.WS.Q_4,IP_Evaporator.TwoPhaseFlowPipe.Q[4],Q,LL,IP Evaporator Cell 4 유량 저저(LL),IP_Evaporator.TwoPhaseFlowPipe.Q[4] < 50 kg/s,ABSOLUTE_MODEL_VALUE,50,kg/s,LOW,2,5 kg/s,2,HIGH,주황,#FF9500,FALSE,TRUE,TRUE,NONE,TRUE,TRUE,A-L,VIRTUAL_MODEL_PRETRIP_CALIBRATION,MODEL_SIGNAL_VERIFIED_ABSOLUTE_THRESHOLD_CALIBRATED,READY_ABSOLUTE_MODEL_VALUE,https://build.openmodelica.org/Documentation/ThermoSysPro.WaterSteam.HeatExchangers.DynamicTwoPhaseFlowPipe.html,원시 변수명은 공개 빌드 로그로 확인. 임계값·지연·히스테리시스는 시연용 A-L 가정이며 현장 기준으로 교체 필요.,DCS2,HRSG,Q < PRE_EVENT_BASELINE * 0.5,PRE_EVENT_BASELINE_RATIO,0.5,ratio_to_baseline,IP_Evaporator.TwoPhaseFlowPipe.Q[4],100,GT_TRIP_RAW_DATA_0.1s_0-40s.csv,0-10,CALIBRATED_MODEL_DIRECT,Direct model quantity and physical unit available
AL-0222,DCS2,HRSG,dcs2.csv,ABB_HRSG_BOP,HRSG,IP HRSG,IP Evaporator Cell 4,M-V_CALCULATED,TSP.MV.IP_EVAPORATOR.WS.P_4;TSP.MV.IP_EVAPORATOR.WS.H_4,IP_Evaporator.TwoPhaseFlowPipe.P[4];IP_Evaporator.TwoPhaseFlowPipe.h[4],"T_ph(P,h)",HH,IP Evaporator Cell 4 유체온도 고고(HH),DISABLED_UNTIL_ABSOLUTE_PHYSICAL_SIGNAL_AVAILABLE,ABSOLUTE_VALUE_PENDING,,,HIGH,2,0.02 ratio,2,HIGH,주황,#FF9500,FALSE,TRUE,TRUE,NONE,FALSE,TRUE,A-L,THERMOSYSPRO_MODEL+ASSUMED_LOGIC,ABSOLUTE_PHYSICAL_VALUE_NOT_AVAILABLE,DISABLED_PENDING_PHYSICAL_OUTPUT,https://build.openmodelica.org/Documentation/ThermoSysPro.WaterSteam.HeatExchangers.DynamicTwoPhaseFlowPipe.html,원시 변수명은 공개 빌드 로그로 확인. 임계값·지연·히스테리시스는 시연용 A-L 가정이며 현장 기준으로 교체 필요.,DCS2,HRSG,"T_ph(P,h) > PRE_EVENT_BASELINE * 1.06",PRE_EVENT_BASELINE_RATIO,1.06,ratio_to_baseline,,,,,DEFERRED_PROPERTY_CALCULATION,P/h property output must be exported and calculated in physical units
AL-0223,DCS2,HRSG,dcs2.csv,ABB_HRSG_BOP,HRSG,IP HRSG,IP Evaporator Cell 4,M-V_CALCULATED,TSP.MV.IP_EVAPORATOR.WS.P_4;TSP.MV.IP_EVAPORATOR.WS.H_4,IP_Evaporator.TwoPhaseFlowPipe.P[4];IP_Evaporator.TwoPhaseFlowPipe.h[4],"T_ph(P,h)",LL,IP Evaporator Cell 4 유체온도 저저(LL),DISABLED_UNTIL_ABSOLUTE_PHYSICAL_SIGNAL_AVAILABLE,ABSOLUTE_VALUE_PENDING,,,LOW,2,0.02 ratio,2,HIGH,주황,#FF9500,FALSE,TRUE,TRUE,NONE,FALSE,TRUE,A-L,THERMOSYSPRO_MODEL+ASSUMED_LOGIC,ABSOLUTE_PHYSICAL_VALUE_NOT_AVAILABLE,DISABLED_PENDING_PHYSICAL_OUTPUT,https://build.openmodelica.org/Documentation/ThermoSysPro.WaterSteam.HeatExchangers.DynamicTwoPhaseFlowPipe.html,원시 변수명은 공개 빌드 로그로 확인. 임계값·지연·히스테리시스는 시연용 A-L 가정이며 현장 기준으로 교체 필요.,DCS2,HRSG,"T_ph(P,h) < PRE_EVENT_BASELINE * 0.94",PRE_EVENT_BASELINE_RATIO,0.94,ratio_to_baseline,,,,,DEFERRED_PROPERTY_CALCULATION,P/h property output must be exported and calculated in physical units
AL-0224,DCS2,HRSG,dcs2.csv,ABB_HRSG_BOP,HRSG,IP HRSG,IP Evaporator Wall 1,M-V_DIRECT,TSP.MV.IP_EVAPORATOR.WALL.TP_1,IP_Evaporator.ExchangerWall.Tp[1],Tp,HH,IP Evaporator Wall 1 벽온도 고고(HH),IP_Evaporator.ExchangerWall.Tp[1] > 106 K,ABSOLUTE_MODEL_VALUE,106,K,HIGH,3,2 K,2,HIGH,주황,#FF9500,FALSE,TRUE,TRUE,NONE,TRUE,TRUE,A-L,VIRTUAL_MODEL_PRETRIP_CALIBRATION,MODEL_SIGNAL_VERIFIED_ABSOLUTE_THRESHOLD_CALIBRATED,READY_ABSOLUTE_MODEL_VALUE,https://build.openmodelica.org/Documentation/ThermoSysPro.WaterSteam.HeatExchangers.DynamicTwoPhaseFlowPipe.html,원시 변수명은 공개 빌드 로그로 확인. 임계값·지연·히스테리시스는 시연용 A-L 가정이며 현장 기준으로 교체 필요.,DCS2,HRSG,Tp > PRE_EVENT_BASELINE * 1.06,PRE_EVENT_BASELINE_RATIO,1.06,ratio_to_baseline,IP_Evaporator.ExchangerWall.Tp[1],100,GT_TRIP_RAW_DATA_0.1s_0-40s.csv,0-10,CALIBRATED_MODEL_DIRECT,Direct model quantity and physical unit available
AL-0225,DCS2,HRSG,dcs2.csv,ABB_HRSG_BOP,HRSG,IP HRSG,IP Evaporator Wall 2,M-V_DIRECT,TSP.MV.IP_EVAPORATOR.WALL.TP_2,IP_Evaporator.ExchangerWall.Tp[2],Tp,HH,IP Evaporator Wall 2 벽온도 고고(HH),IP_Evaporator.ExchangerWall.Tp[2] > 106 K,ABSOLUTE_MODEL_VALUE,106,K,HIGH,3,2 K,2,HIGH,주황,#FF9500,FALSE,TRUE,TRUE,NONE,TRUE,TRUE,A-L,VIRTUAL_MODEL_PRETRIP_CALIBRATION,MODEL_SIGNAL_VERIFIED_ABSOLUTE_THRESHOLD_CALIBRATED,READY_ABSOLUTE_MODEL_VALUE,https://build.openmodelica.org/Documentation/ThermoSysPro.WaterSteam.HeatExchangers.DynamicTwoPhaseFlowPipe.html,원시 변수명은 공개 빌드 로그로 확인. 임계값·지연·히스테리시스는 시연용 A-L 가정이며 현장 기준으로 교체 필요.,DCS2,HRSG,Tp > PRE_EVENT_BASELINE * 1.06,PRE_EVENT_BASELINE_RATIO,1.06,ratio_to_baseline,IP_Evaporator.ExchangerWall.Tp[2],100,GT_TRIP_RAW_DATA_0.1s_0-40s.csv,0-10,CALIBRATED_MODEL_DIRECT,Direct model quantity and physical unit available
AL-0226,DCS2,HRSG,dcs2.csv,ABB_HRSG_BOP,HRSG,IP HRSG,IP Evaporator Wall 3,M-V_DIRECT,TSP.MV.IP_EVAPORATOR.WALL.TP_3,IP_Evaporator.ExchangerWall.Tp[3],Tp,HH,IP Evaporator Wall 3 벽온도 고고(HH),IP_Evaporator.ExchangerWall.Tp[3] > 106 K,ABSOLUTE_MODEL_VALUE,106,K,HIGH,3,2 K,2,HIGH,주황,#FF9500,FALSE,TRUE,TRUE,NONE,TRUE,TRUE,A-L,VIRTUAL_MODEL_PRETRIP_CALIBRATION,MODEL_SIGNAL_VERIFIED_ABSOLUTE_THRESHOLD_CALIBRATED,READY_ABSOLUTE_MODEL_VALUE,https://build.openmodelica.org/Documentation/ThermoSysPro.WaterSteam.HeatExchangers.DynamicTwoPhaseFlowPipe.html,원시 변수명은 공개 빌드 로그로 확인. 임계값·지연·히스테리시스는 시연용 A-L 가정이며 현장 기준으로 교체 필요.,DCS2,HRSG,Tp > PRE_EVENT_BASELINE * 1.06,PRE_EVENT_BASELINE_RATIO,1.06,ratio_to_baseline,IP_Evaporator.ExchangerWall.Tp[3],100,GT_TRIP_RAW_DATA_0.1s_0-40s.csv,0-10,CALIBRATED_MODEL_DIRECT,Direct model quantity and physical unit available
AL-0227,DCS2,HRSG,dcs2.csv,ABB_HRSG_BOP,HRSG,IP HRSG,IP Superheater 1 Cell 2,M-V_DIRECT,TSP.MV.IP_SUPERHEATER_1.WS.P_2,IP_SuperHeater_1.TwoPhaseFlowPipe.P[2],P,HH,IP Superheater 1 Cell 2 압력 고고(HH),IP_SuperHeater_1.TwoPhaseFlowPipe.P[2] > 110 Pa,ABSOLUTE_MODEL_VALUE,110,Pa,HIGH,2,2 Pa,2,HIGH,주황,#FF9500,FALSE,TRUE,TRUE,NONE,TRUE,TRUE,A-L,VIRTUAL_MODEL_PRETRIP_CALIBRATION,MODEL_SIGNAL_VERIFIED_ABSOLUTE_THRESHOLD_CALIBRATED,READY_ABSOLUTE_MODEL_VALUE,https://build.openmodelica.org/Documentation/ThermoSysPro.WaterSteam.HeatExchangers.DynamicTwoPhaseFlowPipe.html,원시 변수명은 공개 빌드 로그로 확인. 임계값·지연·히스테리시스는 시연용 A-L 가정이며 현장 기준으로 교체 필요.,DCS2,HRSG,P > PRE_EVENT_BASELINE * 1.1,PRE_EVENT_BASELINE_RATIO,1.1,ratio_to_baseline,IP_SuperHeater_1.TwoPhaseFlowPipe.P[2],100,GT_TRIP_RAW_DATA_0.1s_0-40s.csv,0-10,CALIBRATED_MODEL_DIRECT,Direct model quantity and physical unit available
AL-0228,DCS2,HRSG,dcs2.csv,ABB_HRSG_BOP,HRSG,IP HRSG,IP Superheater 1 Cell 2,M-V_DIRECT,TSP.MV.IP_SUPERHEATER_1.WS.P_2,IP_SuperHeater_1.TwoPhaseFlowPipe.P[2],P,LL,IP Superheater 1 Cell 2 압력 저저(LL),IP_SuperHeater_1.TwoPhaseFlowPipe.P[2] < 90 Pa,ABSOLUTE_MODEL_VALUE,90,Pa,LOW,2,2 Pa,2,HIGH,주황,#FF9500,FALSE,TRUE,TRUE,NONE,TRUE,TRUE,A-L,VIRTUAL_MODEL_PRETRIP_CALIBRATION,MODEL_SIGNAL_VERIFIED_ABSOLUTE_THRESHOLD_CALIBRATED,READY_ABSOLUTE_MODEL_VALUE,https://build.openmodelica.org/Documentation/ThermoSysPro.WaterSteam.HeatExchangers.DynamicTwoPhaseFlowPipe.html,원시 변수명은 공개 빌드 로그로 확인. 임계값·지연·히스테리시스는 시연용 A-L 가정이며 현장 기준으로 교체 필요.,DCS2,HRSG,P < PRE_EVENT_BASELINE * 0.9,PRE_EVENT_BASELINE_RATIO,0.9,ratio_to_baseline,IP_SuperHeater_1.TwoPhaseFlowPipe.P[2],100,GT_TRIP_RAW_DATA_0.1s_0-40s.csv,0-10,CALIBRATED_MODEL_DIRECT,Direct model quantity and physical unit available
AL-0229,DCS2,HRSG,dcs2.csv,ABB_HRSG_BOP,HRSG,IP HRSG,IP Superheater 1 Cell 2,M-V_CALCULATED,TSP.MV.IP_SUPERHEATER_1.WS.P_2;TSP.MV.IP_SUPERHEATER_1.WS.H_2,IP_SuperHeater_1.TwoPhaseFlowPipe.P[2];IP_SuperHeater_1.TwoPhaseFlowPipe.h[2],"T_ph(P,h)",HH,IP Superheater 1 Cell 2 유체온도 고고(HH),DISABLED_UNTIL_ABSOLUTE_PHYSICAL_SIGNAL_AVAILABLE,ABSOLUTE_VALUE_PENDING,,,HIGH,2,0.02 ratio,2,HIGH,주황,#FF9500,FALSE,TRUE,TRUE,NONE,FALSE,TRUE,A-L,THERMOSYSPRO_MODEL+ASSUMED_LOGIC,ABSOLUTE_PHYSICAL_VALUE_NOT_AVAILABLE,DISABLED_PENDING_PHYSICAL_OUTPUT,https://build.openmodelica.org/Documentation/ThermoSysPro.WaterSteam.HeatExchangers.DynamicTwoPhaseFlowPipe.html,원시 변수명은 공개 빌드 로그로 확인. 임계값·지연·히스테리시스는 시연용 A-L 가정이며 현장 기준으로 교체 필요.,DCS2,HRSG,"T_ph(P,h) > PRE_EVENT_BASELINE * 1.06",PRE_EVENT_BASELINE_RATIO,1.06,ratio_to_baseline,,,,,DEFERRED_PROPERTY_CALCULATION,P/h property output must be exported and calculated in physical units
AL-0230,DCS2,HRSG,dcs2.csv,ABB_HRSG_BOP,HRSG,IP HRSG,IP Superheater 1 Cell 2,M-V_CALCULATED,TSP.MV.IP_SUPERHEATER_1.WS.P_2;TSP.MV.IP_SUPERHEATER_1.WS.H_2,IP_SuperHeater_1.TwoPhaseFlowPipe.P[2];IP_SuperHeater_1.TwoPhaseFlowPipe.h[2],"T_ph(P,h)",LL,IP Superheater 1 Cell 2 유체온도 저저(LL),DISABLED_UNTIL_ABSOLUTE_PHYSICAL_SIGNAL_AVAILABLE,ABSOLUTE_VALUE_PENDING,,,LOW,2,0.02 ratio,2,HIGH,주황,#FF9500,FALSE,TRUE,TRUE,NONE,FALSE,TRUE,A-L,THERMOSYSPRO_MODEL+ASSUMED_LOGIC,ABSOLUTE_PHYSICAL_VALUE_NOT_AVAILABLE,DISABLED_PENDING_PHYSICAL_OUTPUT,https://build.openmodelica.org/Documentation/ThermoSysPro.WaterSteam.HeatExchangers.DynamicTwoPhaseFlowPipe.html,원시 변수명은 공개 빌드 로그로 확인. 임계값·지연·히스테리시스는 시연용 A-L 가정이며 현장 기준으로 교체 필요.,DCS2,HRSG,"T_ph(P,h) < PRE_EVENT_BASELINE * 0.94",PRE_EVENT_BASELINE_RATIO,0.94,ratio_to_baseline,,,,,DEFERRED_PROPERTY_CALCULATION,P/h property output must be exported and calculated in physical units
AL-0231,DCS2,HRSG,dcs2.csv,ABB_HRSG_BOP,HRSG,IP HRSG,IP Superheater 1 Cell 3,M-V_DIRECT,TSP.MV.IP_SUPERHEATER_1.WS.P_3,IP_SuperHeater_1.TwoPhaseFlowPipe.P[3],P,HH,IP Superheater 1 Cell 3 압력 고고(HH),IP_SuperHeater_1.TwoPhaseFlowPipe.P[3] > 110 Pa,ABSOLUTE_MODEL_VALUE,110,Pa,HIGH,2,2 Pa,2,HIGH,주황,#FF9500,FALSE,TRUE,TRUE,NONE,TRUE,TRUE,A-L,VIRTUAL_MODEL_PRETRIP_CALIBRATION,MODEL_SIGNAL_VERIFIED_ABSOLUTE_THRESHOLD_CALIBRATED,READY_ABSOLUTE_MODEL_VALUE,https://build.openmodelica.org/Documentation/ThermoSysPro.WaterSteam.HeatExchangers.DynamicTwoPhaseFlowPipe.html,원시 변수명은 공개 빌드 로그로 확인. 임계값·지연·히스테리시스는 시연용 A-L 가정이며 현장 기준으로 교체 필요.,DCS2,HRSG,P > PRE_EVENT_BASELINE * 1.1,PRE_EVENT_BASELINE_RATIO,1.1,ratio_to_baseline,IP_SuperHeater_1.TwoPhaseFlowPipe.P[3],100,GT_TRIP_RAW_DATA_0.1s_0-40s.csv,0-10,CALIBRATED_MODEL_DIRECT,Direct model quantity and physical unit available
AL-0232,DCS2,HRSG,dcs2.csv,ABB_HRSG_BOP,HRSG,IP HRSG,IP Superheater 1 Cell 3,M-V_DIRECT,TSP.MV.IP_SUPERHEATER_1.WS.P_3,IP_SuperHeater_1.TwoPhaseFlowPipe.P[3],P,LL,IP Superheater 1 Cell 3 압력 저저(LL),IP_SuperHeater_1.TwoPhaseFlowPipe.P[3] < 90 Pa,ABSOLUTE_MODEL_VALUE,90,Pa,LOW,2,2 Pa,2,HIGH,주황,#FF9500,FALSE,TRUE,TRUE,NONE,TRUE,TRUE,A-L,VIRTUAL_MODEL_PRETRIP_CALIBRATION,MODEL_SIGNAL_VERIFIED_ABSOLUTE_THRESHOLD_CALIBRATED,READY_ABSOLUTE_MODEL_VALUE,https://build.openmodelica.org/Documentation/ThermoSysPro.WaterSteam.HeatExchangers.DynamicTwoPhaseFlowPipe.html,원시 변수명은 공개 빌드 로그로 확인. 임계값·지연·히스테리시스는 시연용 A-L 가정이며 현장 기준으로 교체 필요.,DCS2,HRSG,P < PRE_EVENT_BASELINE * 0.9,PRE_EVENT_BASELINE_RATIO,0.9,ratio_to_baseline,IP_SuperHeater_1.TwoPhaseFlowPipe.P[3],100,GT_TRIP_RAW_DATA_0.1s_0-40s.csv,0-10,CALIBRATED_MODEL_DIRECT,Direct model quantity and physical unit available
AL-0233,DCS2,HRSG,dcs2.csv,ABB_HRSG_BOP,HRSG,IP HRSG,IP Superheater 1 Cell 3,M-V_CALCULATED,TSP.MV.IP_SUPERHEATER_1.WS.P_3;TSP.MV.IP_SUPERHEATER_1.WS.H_3,IP_SuperHeater_1.TwoPhaseFlowPipe.P[3];IP_SuperHeater_1.TwoPhaseFlowPipe.h[3],"T_ph(P,h)",HH,IP Superheater 1 Cell 3 유체온도 고고(HH),DISABLED_UNTIL_ABSOLUTE_PHYSICAL_SIGNAL_AVAILABLE,ABSOLUTE_VALUE_PENDING,,,HIGH,2,0.02 ratio,2,HIGH,주황,#FF9500,FALSE,TRUE,TRUE,NONE,FALSE,TRUE,A-L,THERMOSYSPRO_MODEL+ASSUMED_LOGIC,ABSOLUTE_PHYSICAL_VALUE_NOT_AVAILABLE,DISABLED_PENDING_PHYSICAL_OUTPUT,https://build.openmodelica.org/Documentation/ThermoSysPro.WaterSteam.HeatExchangers.DynamicTwoPhaseFlowPipe.html,원시 변수명은 공개 빌드 로그로 확인. 임계값·지연·히스테리시스는 시연용 A-L 가정이며 현장 기준으로 교체 필요.,DCS2,HRSG,"T_ph(P,h) > PRE_EVENT_BASELINE * 1.06",PRE_EVENT_BASELINE_RATIO,1.06,ratio_to_baseline,,,,,DEFERRED_PROPERTY_CALCULATION,P/h property output must be exported and calculated in physical units
AL-0234,DCS2,HRSG,dcs2.csv,ABB_HRSG_BOP,HRSG,IP HRSG,IP Superheater 1 Cell 3,M-V_CALCULATED,TSP.MV.IP_SUPERHEATER_1.WS.P_3;TSP.MV.IP_SUPERHEATER_1.WS.H_3,IP_SuperHeater_1.TwoPhaseFlowPipe.P[3];IP_SuperHeater_1.TwoPhaseFlowPipe.h[3],"T_ph(P,h)",LL,IP Superheater 1 Cell 3 유체온도 저저(LL),DISABLED_UNTIL_ABSOLUTE_PHYSICAL_SIGNAL_AVAILABLE,ABSOLUTE_VALUE_PENDING,,,LOW,2,0.02 ratio,2,HIGH,주황,#FF9500,FALSE,TRUE,TRUE,NONE,FALSE,TRUE,A-L,THERMOSYSPRO_MODEL+ASSUMED_LOGIC,ABSOLUTE_PHYSICAL_VALUE_NOT_AVAILABLE,DISABLED_PENDING_PHYSICAL_OUTPUT,https://build.openmodelica.org/Documentation/ThermoSysPro.WaterSteam.HeatExchangers.DynamicTwoPhaseFlowPipe.html,원시 변수명은 공개 빌드 로그로 확인. 임계값·지연·히스테리시스는 시연용 A-L 가정이며 현장 기준으로 교체 필요.,DCS2,HRSG,"T_ph(P,h) < PRE_EVENT_BASELINE * 0.94",PRE_EVENT_BASELINE_RATIO,0.94,ratio_to_baseline,,,,,DEFERRED_PROPERTY_CALCULATION,P/h property output must be exported and calculated in physical units
AL-0235,DCS2,HRSG,dcs2.csv,ABB_HRSG_BOP,HRSG,IP HRSG,IP Superheater 1 Cell 4,M-V_DIRECT,TSP.MV.IP_SUPERHEATER_1.WS.P_4,IP_SuperHeater_1.TwoPhaseFlowPipe.P[4],P,HH,IP Superheater 1 Cell 4 압력 고고(HH),IP_SuperHeater_1.TwoPhaseFlowPipe.P[4] > 110 Pa,ABSOLUTE_MODEL_VALUE,110,Pa,HIGH,2,2 Pa,2,HIGH,주황,#FF9500,FALSE,TRUE,TRUE,NONE,TRUE,TRUE,A-L,VIRTUAL_MODEL_PRETRIP_CALIBRATION,MODEL_SIGNAL_VERIFIED_ABSOLUTE_THRESHOLD_CALIBRATED,READY_ABSOLUTE_MODEL_VALUE,https://build.openmodelica.org/Documentation/ThermoSysPro.WaterSteam.HeatExchangers.DynamicTwoPhaseFlowPipe.html,원시 변수명은 공개 빌드 로그로 확인. 임계값·지연·히스테리시스는 시연용 A-L 가정이며 현장 기준으로 교체 필요.,DCS2,HRSG,P > PRE_EVENT_BASELINE * 1.1,PRE_EVENT_BASELINE_RATIO,1.1,ratio_to_baseline,IP_SuperHeater_1.TwoPhaseFlowPipe.P[4],100,GT_TRIP_RAW_DATA_0.1s_0-40s.csv,0-10,CALIBRATED_MODEL_DIRECT,Direct model quantity and physical unit available
AL-0236,DCS2,HRSG,dcs2.csv,ABB_HRSG_BOP,HRSG,IP HRSG,IP Superheater 1 Cell 4,M-V_DIRECT,TSP.MV.IP_SUPERHEATER_1.WS.P_4,IP_SuperHeater_1.TwoPhaseFlowPipe.P[4],P,LL,IP Superheater 1 Cell 4 압력 저저(LL),IP_SuperHeater_1.TwoPhaseFlowPipe.P[4] < 90 Pa,ABSOLUTE_MODEL_VALUE,90,Pa,LOW,2,2 Pa,2,HIGH,주황,#FF9500,FALSE,TRUE,TRUE,NONE,TRUE,TRUE,A-L,VIRTUAL_MODEL_PRETRIP_CALIBRATION,MODEL_SIGNAL_VERIFIED_ABSOLUTE_THRESHOLD_CALIBRATED,READY_ABSOLUTE_MODEL_VALUE,https://build.openmodelica.org/Documentation/ThermoSysPro.WaterSteam.HeatExchangers.DynamicTwoPhaseFlowPipe.html,원시 변수명은 공개 빌드 로그로 확인. 임계값·지연·히스테리시스는 시연용 A-L 가정이며 현장 기준으로 교체 필요.,DCS2,HRSG,P < PRE_EVENT_BASELINE * 0.9,PRE_EVENT_BASELINE_RATIO,0.9,ratio_to_baseline,IP_SuperHeater_1.TwoPhaseFlowPipe.P[4],100,GT_TRIP_RAW_DATA_0.1s_0-40s.csv,0-10,CALIBRATED_MODEL_DIRECT,Direct model quantity and physical unit available
AL-0237,DCS2,HRSG,dcs2.csv,ABB_HRSG_BOP,HRSG,IP HRSG,IP Superheater 1 Cell 4,M-V_CALCULATED,TSP.MV.IP_SUPERHEATER_1.WS.P_4;TSP.MV.IP_SUPERHEATER_1.WS.H_4,IP_SuperHeater_1.TwoPhaseFlowPipe.P[4];IP_SuperHeater_1.TwoPhaseFlowPipe.h[4],"T_ph(P,h)",HH,IP Superheater 1 Cell 4 유체온도 고고(HH),DISABLED_UNTIL_ABSOLUTE_PHYSICAL_SIGNAL_AVAILABLE,ABSOLUTE_VALUE_PENDING,,,HIGH,2,0.02 ratio,2,HIGH,주황,#FF9500,FALSE,TRUE,TRUE,NONE,FALSE,TRUE,A-L,THERMOSYSPRO_MODEL+ASSUMED_LOGIC,ABSOLUTE_PHYSICAL_VALUE_NOT_AVAILABLE,DISABLED_PENDING_PHYSICAL_OUTPUT,https://build.openmodelica.org/Documentation/ThermoSysPro.WaterSteam.HeatExchangers.DynamicTwoPhaseFlowPipe.html,원시 변수명은 공개 빌드 로그로 확인. 임계값·지연·히스테리시스는 시연용 A-L 가정이며 현장 기준으로 교체 필요.,DCS2,HRSG,"T_ph(P,h) > PRE_EVENT_BASELINE * 1.06",PRE_EVENT_BASELINE_RATIO,1.06,ratio_to_baseline,,,,,DEFERRED_PROPERTY_CALCULATION,P/h property output must be exported and calculated in physical units
AL-0238,DCS2,HRSG,dcs2.csv,ABB_HRSG_BOP,HRSG,IP HRSG,IP Superheater 1 Cell 4,M-V_CALCULATED,TSP.MV.IP_SUPERHEATER_1.WS.P_4;TSP.MV.IP_SUPERHEATER_1.WS.H_4,IP_SuperHeater_1.TwoPhaseFlowPipe.P[4];IP_SuperHeater_1.TwoPhaseFlowPipe.h[4],"T_ph(P,h)",LL,IP Superheater 1 Cell 4 유체온도 저저(LL),DISABLED_UNTIL_ABSOLUTE_PHYSICAL_SIGNAL_AVAILABLE,ABSOLUTE_VALUE_PENDING,,,LOW,2,0.02 ratio,2,HIGH,주황,#FF9500,FALSE,TRUE,TRUE,NONE,FALSE,TRUE,A-L,THERMOSYSPRO_MODEL+ASSUMED_LOGIC,ABSOLUTE_PHYSICAL_VALUE_NOT_AVAILABLE,DISABLED_PENDING_PHYSICAL_OUTPUT,https://build.openmodelica.org/Documentation/ThermoSysPro.WaterSteam.HeatExchangers.DynamicTwoPhaseFlowPipe.html,원시 변수명은 공개 빌드 로그로 확인. 임계값·지연·히스테리시스는 시연용 A-L 가정이며 현장 기준으로 교체 필요.,DCS2,HRSG,"T_ph(P,h) < PRE_EVENT_BASELINE * 0.94",PRE_EVENT_BASELINE_RATIO,0.94,ratio_to_baseline,,,,,DEFERRED_PROPERTY_CALCULATION,P/h property output must be exported and calculated in physical units
AL-0239,DCS2,HRSG,dcs2.csv,ABB_HRSG_BOP,HRSG,IP HRSG,IP Superheater 1 Wall 1,M-V_DIRECT,TSP.MV.IP_SUPERHEATER_1.WALL.TP_1,IP_SuperHeater_1.ExchangerWall.Tp[1],Tp,HH,IP Superheater 1 Wall 1 벽온도 고고(HH),IP_SuperHeater_1.ExchangerWall.Tp[1] > 106 K,ABSOLUTE_MODEL_VALUE,106,K,HIGH,3,2 K,2,HIGH,주황,#FF9500,FALSE,TRUE,TRUE,NONE,TRUE,TRUE,A-L,VIRTUAL_MODEL_PRETRIP_CALIBRATION,MODEL_SIGNAL_VERIFIED_ABSOLUTE_THRESHOLD_CALIBRATED,READY_ABSOLUTE_MODEL_VALUE,https://build.openmodelica.org/Documentation/ThermoSysPro.WaterSteam.HeatExchangers.DynamicTwoPhaseFlowPipe.html,원시 변수명은 공개 빌드 로그로 확인. 임계값·지연·히스테리시스는 시연용 A-L 가정이며 현장 기준으로 교체 필요.,DCS2,HRSG,Tp > PRE_EVENT_BASELINE * 1.06,PRE_EVENT_BASELINE_RATIO,1.06,ratio_to_baseline,IP_SuperHeater_1.ExchangerWall.Tp[1],100,GT_TRIP_RAW_DATA_0.1s_0-40s.csv,0-10,CALIBRATED_MODEL_DIRECT,Direct model quantity and physical unit available
AL-0240,DCS2,HRSG,dcs2.csv,ABB_HRSG_BOP,HRSG,IP HRSG,IP Superheater 1 Wall 2,M-V_DIRECT,TSP.MV.IP_SUPERHEATER_1.WALL.TP_2,IP_SuperHeater_1.ExchangerWall.Tp[2],Tp,HH,IP Superheater 1 Wall 2 벽온도 고고(HH),IP_SuperHeater_1.ExchangerWall.Tp[2] > 106 K,ABSOLUTE_MODEL_VALUE,106,K,HIGH,3,2 K,2,HIGH,주황,#FF9500,FALSE,TRUE,TRUE,NONE,TRUE,TRUE,A-L,VIRTUAL_MODEL_PRETRIP_CALIBRATION,MODEL_SIGNAL_VERIFIED_ABSOLUTE_THRESHOLD_CALIBRATED,READY_ABSOLUTE_MODEL_VALUE,https://build.openmodelica.org/Documentation/ThermoSysPro.WaterSteam.HeatExchangers.DynamicTwoPhaseFlowPipe.html,원시 변수명은 공개 빌드 로그로 확인. 임계값·지연·히스테리시스는 시연용 A-L 가정이며 현장 기준으로 교체 필요.,DCS2,HRSG,Tp > PRE_EVENT_BASELINE * 1.06,PRE_EVENT_BASELINE_RATIO,1.06,ratio_to_baseline,IP_SuperHeater_1.ExchangerWall.Tp[2],100,GT_TRIP_RAW_DATA_0.1s_0-40s.csv,0-10,CALIBRATED_MODEL_DIRECT,Direct model quantity and physical unit available
AL-0241,DCS2,HRSG,dcs2.csv,ABB_HRSG_BOP,HRSG,IP HRSG,IP Superheater 1 Wall 3,M-V_DIRECT,TSP.MV.IP_SUPERHEATER_1.WALL.TP_3,IP_SuperHeater_1.ExchangerWall.Tp[3],Tp,HH,IP Superheater 1 Wall 3 벽온도 고고(HH),IP_SuperHeater_1.ExchangerWall.Tp[3] > 106 K,ABSOLUTE_MODEL_VALUE,106,K,HIGH,3,2 K,2,HIGH,주황,#FF9500,FALSE,TRUE,TRUE,NONE,TRUE,TRUE,A-L,VIRTUAL_MODEL_PRETRIP_CALIBRATION,MODEL_SIGNAL_VERIFIED_ABSOLUTE_THRESHOLD_CALIBRATED,READY_ABSOLUTE_MODEL_VALUE,https://build.openmodelica.org/Documentation/ThermoSysPro.WaterSteam.HeatExchangers.DynamicTwoPhaseFlowPipe.html,원시 변수명은 공개 빌드 로그로 확인. 임계값·지연·히스테리시스는 시연용 A-L 가정이며 현장 기준으로 교체 필요.,DCS2,HRSG,Tp > PRE_EVENT_BASELINE * 1.06,PRE_EVENT_BASELINE_RATIO,1.06,ratio_to_baseline,IP_SuperHeater_1.ExchangerWall.Tp[3],100,GT_TRIP_RAW_DATA_0.1s_0-40s.csv,0-10,CALIBRATED_MODEL_DIRECT,Direct model quantity and physical unit available
AL-0242,DCS2,HRSG,dcs2.csv,ABB_HRSG_BOP,HRSG,IP HRSG,IP Superheater 2 Cell 1,M-V_DIRECT,TSP.MV.IP_SUPERHEATER_2.WS.Q_1,IP_SuperHeater_2.TwoPhaseFlowPipe.Q[1],Q,LL,IP Superheater 2 Cell 1 유량 저저(LL),IP_SuperHeater_2.TwoPhaseFlowPipe.Q[1] < 50 kg/s,ABSOLUTE_MODEL_VALUE,50,kg/s,LOW,2,5 kg/s,2,HIGH,주황,#FF9500,FALSE,TRUE,TRUE,NONE,TRUE,TRUE,A-L,VIRTUAL_MODEL_PRETRIP_CALIBRATION,MODEL_SIGNAL_VERIFIED_ABSOLUTE_THRESHOLD_CALIBRATED,READY_ABSOLUTE_MODEL_VALUE,https://build.openmodelica.org/Documentation/ThermoSysPro.WaterSteam.HeatExchangers.DynamicTwoPhaseFlowPipe.html,원시 변수명은 공개 빌드 로그로 확인. 임계값·지연·히스테리시스는 시연용 A-L 가정이며 현장 기준으로 교체 필요.,DCS2,HRSG,Q < PRE_EVENT_BASELINE * 0.5,PRE_EVENT_BASELINE_RATIO,0.5,ratio_to_baseline,IP_SuperHeater_2.TwoPhaseFlowPipe.Q[1],100,GT_TRIP_RAW_DATA_0.1s_0-40s.csv,0-10,CALIBRATED_MODEL_DIRECT,Direct model quantity and physical unit available
AL-0243,DCS2,HRSG,dcs2.csv,ABB_HRSG_BOP,HRSG,IP HRSG,IP Superheater 2 Cell 2,M-V_DIRECT,TSP.MV.IP_SUPERHEATER_2.WS.P_2,IP_SuperHeater_2.TwoPhaseFlowPipe.P[2],P,HH,IP Superheater 2 Cell 2 압력 고고(HH),IP_SuperHeater_2.TwoPhaseFlowPipe.P[2] > 110 Pa,ABSOLUTE_MODEL_VALUE,110,Pa,HIGH,2,2 Pa,2,HIGH,주황,#FF9500,FALSE,TRUE,TRUE,NONE,TRUE,TRUE,A-L,VIRTUAL_MODEL_PRETRIP_CALIBRATION,MODEL_SIGNAL_VERIFIED_ABSOLUTE_THRESHOLD_CALIBRATED,READY_ABSOLUTE_MODEL_VALUE,https://build.openmodelica.org/Documentation/ThermoSysPro.WaterSteam.HeatExchangers.DynamicTwoPhaseFlowPipe.html,원시 변수명은 공개 빌드 로그로 확인. 임계값·지연·히스테리시스는 시연용 A-L 가정이며 현장 기준으로 교체 필요.,DCS2,HRSG,P > PRE_EVENT_BASELINE * 1.1,PRE_EVENT_BASELINE_RATIO,1.1,ratio_to_baseline,IP_SuperHeater_2.TwoPhaseFlowPipe.P[2],100,GT_TRIP_RAW_DATA_0.1s_0-40s.csv,0-10,CALIBRATED_MODEL_DIRECT,Direct model quantity and physical unit available
AL-0244,DCS2,HRSG,dcs2.csv,ABB_HRSG_BOP,HRSG,IP HRSG,IP Superheater 2 Cell 2,M-V_DIRECT,TSP.MV.IP_SUPERHEATER_2.WS.P_2,IP_SuperHeater_2.TwoPhaseFlowPipe.P[2],P,LL,IP Superheater 2 Cell 2 압력 저저(LL),IP_SuperHeater_2.TwoPhaseFlowPipe.P[2] < 90 Pa,ABSOLUTE_MODEL_VALUE,90,Pa,LOW,2,2 Pa,2,HIGH,주황,#FF9500,FALSE,TRUE,TRUE,NONE,TRUE,TRUE,A-L,VIRTUAL_MODEL_PRETRIP_CALIBRATION,MODEL_SIGNAL_VERIFIED_ABSOLUTE_THRESHOLD_CALIBRATED,READY_ABSOLUTE_MODEL_VALUE,https://build.openmodelica.org/Documentation/ThermoSysPro.WaterSteam.HeatExchangers.DynamicTwoPhaseFlowPipe.html,원시 변수명은 공개 빌드 로그로 확인. 임계값·지연·히스테리시스는 시연용 A-L 가정이며 현장 기준으로 교체 필요.,DCS2,HRSG,P < PRE_EVENT_BASELINE * 0.9,PRE_EVENT_BASELINE_RATIO,0.9,ratio_to_baseline,IP_SuperHeater_2.TwoPhaseFlowPipe.P[2],100,GT_TRIP_RAW_DATA_0.1s_0-40s.csv,0-10,CALIBRATED_MODEL_DIRECT,Direct model quantity and physical unit available
AL-0245,DCS2,HRSG,dcs2.csv,ABB_HRSG_BOP,HRSG,IP HRSG,IP Superheater 2 Cell 2,M-V_DIRECT,TSP.MV.IP_SUPERHEATER_2.WS.Q_2,IP_SuperHeater_2.TwoPhaseFlowPipe.Q[2],Q,LL,IP Superheater 2 Cell 2 유량 저저(LL),IP_SuperHeater_2.TwoPhaseFlowPipe.Q[2] < 50 kg/s,ABSOLUTE_MODEL_VALUE,50,kg/s,LOW,2,5 kg/s,2,HIGH,주황,#FF9500,FALSE,TRUE,TRUE,NONE,TRUE,TRUE,A-L,VIRTUAL_MODEL_PRETRIP_CALIBRATION,MODEL_SIGNAL_VERIFIED_ABSOLUTE_THRESHOLD_CALIBRATED,READY_ABSOLUTE_MODEL_VALUE,https://build.openmodelica.org/Documentation/ThermoSysPro.WaterSteam.HeatExchangers.DynamicTwoPhaseFlowPipe.html,원시 변수명은 공개 빌드 로그로 확인. 임계값·지연·히스테리시스는 시연용 A-L 가정이며 현장 기준으로 교체 필요.,DCS2,HRSG,Q < PRE_EVENT_BASELINE * 0.5,PRE_EVENT_BASELINE_RATIO,0.5,ratio_to_baseline,IP_SuperHeater_2.TwoPhaseFlowPipe.Q[2],100,GT_TRIP_RAW_DATA_0.1s_0-40s.csv,0-10,CALIBRATED_MODEL_DIRECT,Direct model quantity and physical unit available
AL-0246,DCS2,HRSG,dcs2.csv,ABB_HRSG_BOP,HRSG,IP HRSG,IP Superheater 2 Cell 2,M-V_CALCULATED,TSP.MV.IP_SUPERHEATER_2.WS.P_2;TSP.MV.IP_SUPERHEATER_2.WS.H_2,IP_SuperHeater_2.TwoPhaseFlowPipe.P[2];IP_SuperHeater_2.TwoPhaseFlowPipe.h[2],"T_ph(P,h)",HH,IP Superheater 2 Cell 2 유체온도 고고(HH),DISABLED_UNTIL_ABSOLUTE_PHYSICAL_SIGNAL_AVAILABLE,ABSOLUTE_VALUE_PENDING,,,HIGH,2,0.02 ratio,2,HIGH,주황,#FF9500,FALSE,TRUE,TRUE,NONE,FALSE,TRUE,A-L,THERMOSYSPRO_MODEL+ASSUMED_LOGIC,ABSOLUTE_PHYSICAL_VALUE_NOT_AVAILABLE,DISABLED_PENDING_PHYSICAL_OUTPUT,https://build.openmodelica.org/Documentation/ThermoSysPro.WaterSteam.HeatExchangers.DynamicTwoPhaseFlowPipe.html,원시 변수명은 공개 빌드 로그로 확인. 임계값·지연·히스테리시스는 시연용 A-L 가정이며 현장 기준으로 교체 필요.,DCS2,HRSG,"T_ph(P,h) > PRE_EVENT_BASELINE * 1.06",PRE_EVENT_BASELINE_RATIO,1.06,ratio_to_baseline,,,,,DEFERRED_PROPERTY_CALCULATION,P/h property output must be exported and calculated in physical units
AL-0247,DCS2,HRSG,dcs2.csv,ABB_HRSG_BOP,HRSG,IP HRSG,IP Superheater 2 Cell 2,M-V_CALCULATED,TSP.MV.IP_SUPERHEATER_2.WS.P_2;TSP.MV.IP_SUPERHEATER_2.WS.H_2,IP_SuperHeater_2.TwoPhaseFlowPipe.P[2];IP_SuperHeater_2.TwoPhaseFlowPipe.h[2],"T_ph(P,h)",LL,IP Superheater 2 Cell 2 유체온도 저저(LL),DISABLED_UNTIL_ABSOLUTE_PHYSICAL_SIGNAL_AVAILABLE,ABSOLUTE_VALUE_PENDING,,,LOW,2,0.02 ratio,2,HIGH,주황,#FF9500,FALSE,TRUE,TRUE,NONE,FALSE,TRUE,A-L,THERMOSYSPRO_MODEL+ASSUMED_LOGIC,ABSOLUTE_PHYSICAL_VALUE_NOT_AVAILABLE,DISABLED_PENDING_PHYSICAL_OUTPUT,https://build.openmodelica.org/Documentation/ThermoSysPro.WaterSteam.HeatExchangers.DynamicTwoPhaseFlowPipe.html,원시 변수명은 공개 빌드 로그로 확인. 임계값·지연·히스테리시스는 시연용 A-L 가정이며 현장 기준으로 교체 필요.,DCS2,HRSG,"T_ph(P,h) < PRE_EVENT_BASELINE * 0.94",PRE_EVENT_BASELINE_RATIO,0.94,ratio_to_baseline,,,,,DEFERRED_PROPERTY_CALCULATION,P/h property output must be exported and calculated in physical units
AL-0248,DCS2,HRSG,dcs2.csv,ABB_HRSG_BOP,HRSG,IP HRSG,IP Superheater 2 Cell 3,M-V_DIRECT,TSP.MV.IP_SUPERHEATER_2.WS.P_3,IP_SuperHeater_2.TwoPhaseFlowPipe.P[3],P,HH,IP Superheater 2 Cell 3 압력 고고(HH),IP_SuperHeater_2.TwoPhaseFlowPipe.P[3] > 110 Pa,ABSOLUTE_MODEL_VALUE,110,Pa,HIGH,2,2 Pa,2,HIGH,주황,#FF9500,FALSE,TRUE,TRUE,NONE,TRUE,TRUE,A-L,VIRTUAL_MODEL_PRETRIP_CALIBRATION,MODEL_SIGNAL_VERIFIED_ABSOLUTE_THRESHOLD_CALIBRATED,READY_ABSOLUTE_MODEL_VALUE,https://build.openmodelica.org/Documentation/ThermoSysPro.WaterSteam.HeatExchangers.DynamicTwoPhaseFlowPipe.html,원시 변수명은 공개 빌드 로그로 확인. 임계값·지연·히스테리시스는 시연용 A-L 가정이며 현장 기준으로 교체 필요.,DCS2,HRSG,P > PRE_EVENT_BASELINE * 1.1,PRE_EVENT_BASELINE_RATIO,1.1,ratio_to_baseline,IP_SuperHeater_2.TwoPhaseFlowPipe.P[3],100,GT_TRIP_RAW_DATA_0.1s_0-40s.csv,0-10,CALIBRATED_MODEL_DIRECT,Direct model quantity and physical unit available
AL-0249,DCS2,HRSG,dcs2.csv,ABB_HRSG_BOP,HRSG,IP HRSG,IP Superheater 2 Cell 3,M-V_DIRECT,TSP.MV.IP_SUPERHEATER_2.WS.P_3,IP_SuperHeater_2.TwoPhaseFlowPipe.P[3],P,LL,IP Superheater 2 Cell 3 압력 저저(LL),IP_SuperHeater_2.TwoPhaseFlowPipe.P[3] < 90 Pa,ABSOLUTE_MODEL_VALUE,90,Pa,LOW,2,2 Pa,2,HIGH,주황,#FF9500,FALSE,TRUE,TRUE,NONE,TRUE,TRUE,A-L,VIRTUAL_MODEL_PRETRIP_CALIBRATION,MODEL_SIGNAL_VERIFIED_ABSOLUTE_THRESHOLD_CALIBRATED,READY_ABSOLUTE_MODEL_VALUE,https://build.openmodelica.org/Documentation/ThermoSysPro.WaterSteam.HeatExchangers.DynamicTwoPhaseFlowPipe.html,원시 변수명은 공개 빌드 로그로 확인. 임계값·지연·히스테리시스는 시연용 A-L 가정이며 현장 기준으로 교체 필요.,DCS2,HRSG,P < PRE_EVENT_BASELINE * 0.9,PRE_EVENT_BASELINE_RATIO,0.9,ratio_to_baseline,IP_SuperHeater_2.TwoPhaseFlowPipe.P[3],100,GT_TRIP_RAW_DATA_0.1s_0-40s.csv,0-10,CALIBRATED_MODEL_DIRECT,Direct model quantity and physical unit available
AL-0250,DCS2,HRSG,dcs2.csv,ABB_HRSG_BOP,HRSG,IP HRSG,IP Superheater 2 Cell 3,M-V_DIRECT,TSP.MV.IP_SUPERHEATER_2.WS.Q_3,IP_SuperHeater_2.TwoPhaseFlowPipe.Q[3],Q,LL,IP Superheater 2 Cell 3 유량 저저(LL),IP_SuperHeater_2.TwoPhaseFlowPipe.Q[3] < 50 kg/s,ABSOLUTE_MODEL_VALUE,50,kg/s,LOW,2,5 kg/s,2,HIGH,주황,#FF9500,FALSE,TRUE,TRUE,NONE,TRUE,TRUE,A-L,VIRTUAL_MODEL_PRETRIP_CALIBRATION,MODEL_SIGNAL_VERIFIED_ABSOLUTE_THRESHOLD_CALIBRATED,READY_ABSOLUTE_MODEL_VALUE,https://build.openmodelica.org/Documentation/ThermoSysPro.WaterSteam.HeatExchangers.DynamicTwoPhaseFlowPipe.html,원시 변수명은 공개 빌드 로그로 확인. 임계값·지연·히스테리시스는 시연용 A-L 가정이며 현장 기준으로 교체 필요.,DCS2,HRSG,Q < PRE_EVENT_BASELINE * 0.5,PRE_EVENT_BASELINE_RATIO,0.5,ratio_to_baseline,IP_SuperHeater_2.TwoPhaseFlowPipe.Q[3],100,GT_TRIP_RAW_DATA_0.1s_0-40s.csv,0-10,CALIBRATED_MODEL_DIRECT,Direct model quantity and physical unit available
AL-0251,DCS2,HRSG,dcs2.csv,ABB_HRSG_BOP,HRSG,IP HRSG,IP Superheater 2 Cell 3,M-V_CALCULATED,TSP.MV.IP_SUPERHEATER_2.WS.P_3;TSP.MV.IP_SUPERHEATER_2.WS.H_3,IP_SuperHeater_2.TwoPhaseFlowPipe.P[3];IP_SuperHeater_2.TwoPhaseFlowPipe.h[3],"T_ph(P,h)",HH,IP Superheater 2 Cell 3 유체온도 고고(HH),DISABLED_UNTIL_ABSOLUTE_PHYSICAL_SIGNAL_AVAILABLE,ABSOLUTE_VALUE_PENDING,,,HIGH,2,0.02 ratio,2,HIGH,주황,#FF9500,FALSE,TRUE,TRUE,NONE,FALSE,TRUE,A-L,THERMOSYSPRO_MODEL+ASSUMED_LOGIC,ABSOLUTE_PHYSICAL_VALUE_NOT_AVAILABLE,DISABLED_PENDING_PHYSICAL_OUTPUT,https://build.openmodelica.org/Documentation/ThermoSysPro.WaterSteam.HeatExchangers.DynamicTwoPhaseFlowPipe.html,원시 변수명은 공개 빌드 로그로 확인. 임계값·지연·히스테리시스는 시연용 A-L 가정이며 현장 기준으로 교체 필요.,DCS2,HRSG,"T_ph(P,h) > PRE_EVENT_BASELINE * 1.06",PRE_EVENT_BASELINE_RATIO,1.06,ratio_to_baseline,,,,,DEFERRED_PROPERTY_CALCULATION,P/h property output must be exported and calculated in physical units
AL-0252,DCS2,HRSG,dcs2.csv,ABB_HRSG_BOP,HRSG,IP HRSG,IP Superheater 2 Cell 3,M-V_CALCULATED,TSP.MV.IP_SUPERHEATER_2.WS.P_3;TSP.MV.IP_SUPERHEATER_2.WS.H_3,IP_SuperHeater_2.TwoPhaseFlowPipe.P[3];IP_SuperHeater_2.TwoPhaseFlowPipe.h[3],"T_ph(P,h)",LL,IP Superheater 2 Cell 3 유체온도 저저(LL),DISABLED_UNTIL_ABSOLUTE_PHYSICAL_SIGNAL_AVAILABLE,ABSOLUTE_VALUE_PENDING,,,LOW,2,0.02 ratio,2,HIGH,주황,#FF9500,FALSE,TRUE,TRUE,NONE,FALSE,TRUE,A-L,THERMOSYSPRO_MODEL+ASSUMED_LOGIC,ABSOLUTE_PHYSICAL_VALUE_NOT_AVAILABLE,DISABLED_PENDING_PHYSICAL_OUTPUT,https://build.openmodelica.org/Documentation/ThermoSysPro.WaterSteam.HeatExchangers.DynamicTwoPhaseFlowPipe.html,원시 변수명은 공개 빌드 로그로 확인. 임계값·지연·히스테리시스는 시연용 A-L 가정이며 현장 기준으로 교체 필요.,DCS2,HRSG,"T_ph(P,h) < PRE_EVENT_BASELINE * 0.94",PRE_EVENT_BASELINE_RATIO,0.94,ratio_to_baseline,,,,,DEFERRED_PROPERTY_CALCULATION,P/h property output must be exported and calculated in physical units
AL-0253,DCS2,HRSG,dcs2.csv,ABB_HRSG_BOP,HRSG,IP HRSG,IP Superheater 2 Cell 4,M-V_DIRECT,TSP.MV.IP_SUPERHEATER_2.WS.P_4,IP_SuperHeater_2.TwoPhaseFlowPipe.P[4],P,HH,IP Superheater 2 Cell 4 압력 고고(HH),IP_SuperHeater_2.TwoPhaseFlowPipe.P[4] > 110 Pa,ABSOLUTE_MODEL_VALUE,110,Pa,HIGH,2,2 Pa,2,HIGH,주황,#FF9500,FALSE,TRUE,TRUE,NONE,TRUE,TRUE,A-L,VIRTUAL_MODEL_PRETRIP_CALIBRATION,MODEL_SIGNAL_VERIFIED_ABSOLUTE_THRESHOLD_CALIBRATED,READY_ABSOLUTE_MODEL_VALUE,https://build.openmodelica.org/Documentation/ThermoSysPro.WaterSteam.HeatExchangers.DynamicTwoPhaseFlowPipe.html,원시 변수명은 공개 빌드 로그로 확인. 임계값·지연·히스테리시스는 시연용 A-L 가정이며 현장 기준으로 교체 필요.,DCS2,HRSG,P > PRE_EVENT_BASELINE * 1.1,PRE_EVENT_BASELINE_RATIO,1.1,ratio_to_baseline,IP_SuperHeater_2.TwoPhaseFlowPipe.P[4],100,GT_TRIP_RAW_DATA_0.1s_0-40s.csv,0-10,CALIBRATED_MODEL_DIRECT,Direct model quantity and physical unit available
AL-0254,DCS2,HRSG,dcs2.csv,ABB_HRSG_BOP,HRSG,IP HRSG,IP Superheater 2 Cell 4,M-V_DIRECT,TSP.MV.IP_SUPERHEATER_2.WS.P_4,IP_SuperHeater_2.TwoPhaseFlowPipe.P[4],P,LL,IP Superheater 2 Cell 4 압력 저저(LL),IP_SuperHeater_2.TwoPhaseFlowPipe.P[4] < 90 Pa,ABSOLUTE_MODEL_VALUE,90,Pa,LOW,2,2 Pa,2,HIGH,주황,#FF9500,FALSE,TRUE,TRUE,NONE,TRUE,TRUE,A-L,VIRTUAL_MODEL_PRETRIP_CALIBRATION,MODEL_SIGNAL_VERIFIED_ABSOLUTE_THRESHOLD_CALIBRATED,READY_ABSOLUTE_MODEL_VALUE,https://build.openmodelica.org/Documentation/ThermoSysPro.WaterSteam.HeatExchangers.DynamicTwoPhaseFlowPipe.html,원시 변수명은 공개 빌드 로그로 확인. 임계값·지연·히스테리시스는 시연용 A-L 가정이며 현장 기준으로 교체 필요.,DCS2,HRSG,P < PRE_EVENT_BASELINE * 0.9,PRE_EVENT_BASELINE_RATIO,0.9,ratio_to_baseline,IP_SuperHeater_2.TwoPhaseFlowPipe.P[4],100,GT_TRIP_RAW_DATA_0.1s_0-40s.csv,0-10,CALIBRATED_MODEL_DIRECT,Direct model quantity and physical unit available
AL-0255,DCS2,HRSG,dcs2.csv,ABB_HRSG_BOP,HRSG,IP HRSG,IP Superheater 2 Cell 4,M-V_DIRECT,TSP.MV.IP_SUPERHEATER_2.WS.Q_4,IP_SuperHeater_2.TwoPhaseFlowPipe.Q[4],Q,LL,IP Superheater 2 Cell 4 유량 저저(LL),IP_SuperHeater_2.TwoPhaseFlowPipe.Q[4] < 50 kg/s,ABSOLUTE_MODEL_VALUE,50,kg/s,LOW,2,5 kg/s,2,HIGH,주황,#FF9500,FALSE,TRUE,TRUE,NONE,TRUE,TRUE,A-L,VIRTUAL_MODEL_PRETRIP_CALIBRATION,MODEL_SIGNAL_VERIFIED_ABSOLUTE_THRESHOLD_CALIBRATED,READY_ABSOLUTE_MODEL_VALUE,https://build.openmodelica.org/Documentation/ThermoSysPro.WaterSteam.HeatExchangers.DynamicTwoPhaseFlowPipe.html,원시 변수명은 공개 빌드 로그로 확인. 임계값·지연·히스테리시스는 시연용 A-L 가정이며 현장 기준으로 교체 필요.,DCS2,HRSG,Q < PRE_EVENT_BASELINE * 0.5,PRE_EVENT_BASELINE_RATIO,0.5,ratio_to_baseline,IP_SuperHeater_2.TwoPhaseFlowPipe.Q[4],100,GT_TRIP_RAW_DATA_0.1s_0-40s.csv,0-10,CALIBRATED_MODEL_DIRECT,Direct model quantity and physical unit available
AL-0256,DCS2,HRSG,dcs2.csv,ABB_HRSG_BOP,HRSG,IP HRSG,IP Superheater 2 Cell 4,M-V_CALCULATED,TSP.MV.IP_SUPERHEATER_2.WS.P_4;TSP.MV.IP_SUPERHEATER_2.WS.H_4,IP_SuperHeater_2.TwoPhaseFlowPipe.P[4];IP_SuperHeater_2.TwoPhaseFlowPipe.h[4],"T_ph(P,h)",HH,IP Superheater 2 Cell 4 유체온도 고고(HH),DISABLED_UNTIL_ABSOLUTE_PHYSICAL_SIGNAL_AVAILABLE,ABSOLUTE_VALUE_PENDING,,,HIGH,2,0.02 ratio,2,HIGH,주황,#FF9500,FALSE,TRUE,TRUE,NONE,FALSE,TRUE,A-L,THERMOSYSPRO_MODEL+ASSUMED_LOGIC,ABSOLUTE_PHYSICAL_VALUE_NOT_AVAILABLE,DISABLED_PENDING_PHYSICAL_OUTPUT,https://build.openmodelica.org/Documentation/ThermoSysPro.WaterSteam.HeatExchangers.DynamicTwoPhaseFlowPipe.html,원시 변수명은 공개 빌드 로그로 확인. 임계값·지연·히스테리시스는 시연용 A-L 가정이며 현장 기준으로 교체 필요.,DCS2,HRSG,"T_ph(P,h) > PRE_EVENT_BASELINE * 1.06",PRE_EVENT_BASELINE_RATIO,1.06,ratio_to_baseline,,,,,DEFERRED_PROPERTY_CALCULATION,P/h property output must be exported and calculated in physical units
AL-0257,DCS2,HRSG,dcs2.csv,ABB_HRSG_BOP,HRSG,IP HRSG,IP Superheater 2 Cell 4,M-V_CALCULATED,TSP.MV.IP_SUPERHEATER_2.WS.P_4;TSP.MV.IP_SUPERHEATER_2.WS.H_4,IP_SuperHeater_2.TwoPhaseFlowPipe.P[4];IP_SuperHeater_2.TwoPhaseFlowPipe.h[4],"T_ph(P,h)",LL,IP Superheater 2 Cell 4 유체온도 저저(LL),DISABLED_UNTIL_ABSOLUTE_PHYSICAL_SIGNAL_AVAILABLE,ABSOLUTE_VALUE_PENDING,,,LOW,2,0.02 ratio,2,HIGH,주황,#FF9500,FALSE,TRUE,TRUE,NONE,FALSE,TRUE,A-L,THERMOSYSPRO_MODEL+ASSUMED_LOGIC,ABSOLUTE_PHYSICAL_VALUE_NOT_AVAILABLE,DISABLED_PENDING_PHYSICAL_OUTPUT,https://build.openmodelica.org/Documentation/ThermoSysPro.WaterSteam.HeatExchangers.DynamicTwoPhaseFlowPipe.html,원시 변수명은 공개 빌드 로그로 확인. 임계값·지연·히스테리시스는 시연용 A-L 가정이며 현장 기준으로 교체 필요.,DCS2,HRSG,"T_ph(P,h) < PRE_EVENT_BASELINE * 0.94",PRE_EVENT_BASELINE_RATIO,0.94,ratio_to_baseline,,,,,DEFERRED_PROPERTY_CALCULATION,P/h property output must be exported and calculated in physical units
AL-0258,DCS2,HRSG,dcs2.csv,ABB_HRSG_BOP,HRSG,IP HRSG,IP Superheater 2 Wall 1,M-V_DIRECT,TSP.MV.IP_SUPERHEATER_2.WALL.TP_1,IP_SuperHeater_2.ExchangerWall.Tp[1],Tp,HH,IP Superheater 2 Wall 1 벽온도 고고(HH),IP_SuperHeater_2.ExchangerWall.Tp[1] > 106 K,ABSOLUTE_MODEL_VALUE,106,K,HIGH,3,2 K,2,HIGH,주황,#FF9500,FALSE,TRUE,TRUE,NONE,TRUE,TRUE,A-L,VIRTUAL_MODEL_PRETRIP_CALIBRATION,MODEL_SIGNAL_VERIFIED_ABSOLUTE_THRESHOLD_CALIBRATED,READY_ABSOLUTE_MODEL_VALUE,https://build.openmodelica.org/Documentation/ThermoSysPro.WaterSteam.HeatExchangers.DynamicTwoPhaseFlowPipe.html,원시 변수명은 공개 빌드 로그로 확인. 임계값·지연·히스테리시스는 시연용 A-L 가정이며 현장 기준으로 교체 필요.,DCS2,HRSG,Tp > PRE_EVENT_BASELINE * 1.06,PRE_EVENT_BASELINE_RATIO,1.06,ratio_to_baseline,IP_SuperHeater_2.ExchangerWall.Tp[1],100,GT_TRIP_RAW_DATA_0.1s_0-40s.csv,0-10,CALIBRATED_MODEL_DIRECT,Direct model quantity and physical unit available
AL-0259,DCS2,HRSG,dcs2.csv,ABB_HRSG_BOP,HRSG,IP HRSG,IP Superheater 2 Wall 2,M-V_DIRECT,TSP.MV.IP_SUPERHEATER_2.WALL.TP_2,IP_SuperHeater_2.ExchangerWall.Tp[2],Tp,HH,IP Superheater 2 Wall 2 벽온도 고고(HH),IP_SuperHeater_2.ExchangerWall.Tp[2] > 106 K,ABSOLUTE_MODEL_VALUE,106,K,HIGH,3,2 K,2,HIGH,주황,#FF9500,FALSE,TRUE,TRUE,NONE,TRUE,TRUE,A-L,VIRTUAL_MODEL_PRETRIP_CALIBRATION,MODEL_SIGNAL_VERIFIED_ABSOLUTE_THRESHOLD_CALIBRATED,READY_ABSOLUTE_MODEL_VALUE,https://build.openmodelica.org/Documentation/ThermoSysPro.WaterSteam.HeatExchangers.DynamicTwoPhaseFlowPipe.html,원시 변수명은 공개 빌드 로그로 확인. 임계값·지연·히스테리시스는 시연용 A-L 가정이며 현장 기준으로 교체 필요.,DCS2,HRSG,Tp > PRE_EVENT_BASELINE * 1.06,PRE_EVENT_BASELINE_RATIO,1.06,ratio_to_baseline,IP_SuperHeater_2.ExchangerWall.Tp[2],100,GT_TRIP_RAW_DATA_0.1s_0-40s.csv,0-10,CALIBRATED_MODEL_DIRECT,Direct model quantity and physical unit available
AL-0260,DCS2,HRSG,dcs2.csv,ABB_HRSG_BOP,HRSG,IP HRSG,IP Superheater 2 Wall 3,M-V_DIRECT,TSP.MV.IP_SUPERHEATER_2.WALL.TP_3,IP_SuperHeater_2.ExchangerWall.Tp[3],Tp,HH,IP Superheater 2 Wall 3 벽온도 고고(HH),IP_SuperHeater_2.ExchangerWall.Tp[3] > 106 K,ABSOLUTE_MODEL_VALUE,106,K,HIGH,3,2 K,2,HIGH,주황,#FF9500,FALSE,TRUE,TRUE,NONE,TRUE,TRUE,A-L,VIRTUAL_MODEL_PRETRIP_CALIBRATION,MODEL_SIGNAL_VERIFIED_ABSOLUTE_THRESHOLD_CALIBRATED,READY_ABSOLUTE_MODEL_VALUE,https://build.openmodelica.org/Documentation/ThermoSysPro.WaterSteam.HeatExchangers.DynamicTwoPhaseFlowPipe.html,원시 변수명은 공개 빌드 로그로 확인. 임계값·지연·히스테리시스는 시연용 A-L 가정이며 현장 기준으로 교체 필요.,DCS2,HRSG,Tp > PRE_EVENT_BASELINE * 1.06,PRE_EVENT_BASELINE_RATIO,1.06,ratio_to_baseline,IP_SuperHeater_2.ExchangerWall.Tp[3],100,GT_TRIP_RAW_DATA_0.1s_0-40s.csv,0-10,CALIBRATED_MODEL_DIRECT,Direct model quantity and physical unit available
AL-0261,DCS2,HRSG,dcs2.csv,ABB_HRSG_BOP,HRSG,IP HRSG,IP Superheater 3 Cell 2,M-V_DIRECT,TSP.MV.IP_SUPERHEATER_3.WS.P_2,IP_SuperHeater_3.TwoPhaseFlowPipe.P[2],P,HH,IP Superheater 3 Cell 2 압력 고고(HH),IP_SuperHeater_3.TwoPhaseFlowPipe.P[2] > 110 Pa,ABSOLUTE_MODEL_VALUE,110,Pa,HIGH,2,2 Pa,2,HIGH,주황,#FF9500,FALSE,TRUE,TRUE,NONE,TRUE,TRUE,A-L,VIRTUAL_MODEL_PRETRIP_CALIBRATION,MODEL_SIGNAL_VERIFIED_ABSOLUTE_THRESHOLD_CALIBRATED,READY_ABSOLUTE_MODEL_VALUE,https://build.openmodelica.org/Documentation/ThermoSysPro.WaterSteam.HeatExchangers.DynamicTwoPhaseFlowPipe.html,원시 변수명은 공개 빌드 로그로 확인. 임계값·지연·히스테리시스는 시연용 A-L 가정이며 현장 기준으로 교체 필요.,DCS2,HRSG,P > PRE_EVENT_BASELINE * 1.1,PRE_EVENT_BASELINE_RATIO,1.1,ratio_to_baseline,IP_SuperHeater_3.TwoPhaseFlowPipe.P[2],100,GT_TRIP_RAW_DATA_0.1s_0-40s.csv,0-10,CALIBRATED_MODEL_DIRECT,Direct model quantity and physical unit available
AL-0262,DCS2,HRSG,dcs2.csv,ABB_HRSG_BOP,HRSG,IP HRSG,IP Superheater 3 Cell 2,M-V_DIRECT,TSP.MV.IP_SUPERHEATER_3.WS.P_2,IP_SuperHeater_3.TwoPhaseFlowPipe.P[2],P,LL,IP Superheater 3 Cell 2 압력 저저(LL),IP_SuperHeater_3.TwoPhaseFlowPipe.P[2] < 90 Pa,ABSOLUTE_MODEL_VALUE,90,Pa,LOW,2,2 Pa,2,HIGH,주황,#FF9500,FALSE,TRUE,TRUE,NONE,TRUE,TRUE,A-L,VIRTUAL_MODEL_PRETRIP_CALIBRATION,MODEL_SIGNAL_VERIFIED_ABSOLUTE_THRESHOLD_CALIBRATED,READY_ABSOLUTE_MODEL_VALUE,https://build.openmodelica.org/Documentation/ThermoSysPro.WaterSteam.HeatExchangers.DynamicTwoPhaseFlowPipe.html,원시 변수명은 공개 빌드 로그로 확인. 임계값·지연·히스테리시스는 시연용 A-L 가정이며 현장 기준으로 교체 필요.,DCS2,HRSG,P < PRE_EVENT_BASELINE * 0.9,PRE_EVENT_BASELINE_RATIO,0.9,ratio_to_baseline,IP_SuperHeater_3.TwoPhaseFlowPipe.P[2],100,GT_TRIP_RAW_DATA_0.1s_0-40s.csv,0-10,CALIBRATED_MODEL_DIRECT,Direct model quantity and physical unit available
AL-0263,DCS2,HRSG,dcs2.csv,ABB_HRSG_BOP,HRSG,IP HRSG,IP Superheater 3 Cell 2,M-V_DIRECT,TSP.MV.IP_SUPERHEATER_3.WS.Q_2,IP_SuperHeater_3.TwoPhaseFlowPipe.Q[2],Q,LL,IP Superheater 3 Cell 2 유량 저저(LL),IP_SuperHeater_3.TwoPhaseFlowPipe.Q[2] < 50 kg/s,ABSOLUTE_MODEL_VALUE,50,kg/s,LOW,2,5 kg/s,2,HIGH,주황,#FF9500,FALSE,TRUE,TRUE,NONE,TRUE,TRUE,A-L,VIRTUAL_MODEL_PRETRIP_CALIBRATION,MODEL_SIGNAL_VERIFIED_ABSOLUTE_THRESHOLD_CALIBRATED,READY_ABSOLUTE_MODEL_VALUE,https://build.openmodelica.org/Documentation/ThermoSysPro.WaterSteam.HeatExchangers.DynamicTwoPhaseFlowPipe.html,원시 변수명은 공개 빌드 로그로 확인. 임계값·지연·히스테리시스는 시연용 A-L 가정이며 현장 기준으로 교체 필요.,DCS2,HRSG,Q < PRE_EVENT_BASELINE * 0.5,PRE_EVENT_BASELINE_RATIO,0.5,ratio_to_baseline,IP_SuperHeater_3.TwoPhaseFlowPipe.Q[2],100,GT_TRIP_RAW_DATA_0.1s_0-40s.csv,0-10,CALIBRATED_MODEL_DIRECT,Direct model quantity and physical unit available
AL-0264,DCS2,HRSG,dcs2.csv,ABB_HRSG_BOP,HRSG,IP HRSG,IP Superheater 3 Cell 2,M-V_CALCULATED,TSP.MV.IP_SUPERHEATER_3.WS.P_2;TSP.MV.IP_SUPERHEATER_3.WS.H_2,IP_SuperHeater_3.TwoPhaseFlowPipe.P[2];IP_SuperHeater_3.TwoPhaseFlowPipe.h[2],"T_ph(P,h)",HH,IP Superheater 3 Cell 2 유체온도 고고(HH),DISABLED_UNTIL_ABSOLUTE_PHYSICAL_SIGNAL_AVAILABLE,ABSOLUTE_VALUE_PENDING,,,HIGH,2,0.02 ratio,2,HIGH,주황,#FF9500,FALSE,TRUE,TRUE,NONE,FALSE,TRUE,A-L,THERMOSYSPRO_MODEL+ASSUMED_LOGIC,ABSOLUTE_PHYSICAL_VALUE_NOT_AVAILABLE,DISABLED_PENDING_PHYSICAL_OUTPUT,https://build.openmodelica.org/Documentation/ThermoSysPro.WaterSteam.HeatExchangers.DynamicTwoPhaseFlowPipe.html,원시 변수명은 공개 빌드 로그로 확인. 임계값·지연·히스테리시스는 시연용 A-L 가정이며 현장 기준으로 교체 필요.,DCS2,HRSG,"T_ph(P,h) > PRE_EVENT_BASELINE * 1.06",PRE_EVENT_BASELINE_RATIO,1.06,ratio_to_baseline,,,,,DEFERRED_PROPERTY_CALCULATION,P/h property output must be exported and calculated in physical units
AL-0265,DCS2,HRSG,dcs2.csv,ABB_HRSG_BOP,HRSG,IP HRSG,IP Superheater 3 Cell 2,M-V_CALCULATED,TSP.MV.IP_SUPERHEATER_3.WS.P_2;TSP.MV.IP_SUPERHEATER_3.WS.H_2,IP_SuperHeater_3.TwoPhaseFlowPipe.P[2];IP_SuperHeater_3.TwoPhaseFlowPipe.h[2],"T_ph(P,h)",LL,IP Superheater 3 Cell 2 유체온도 저저(LL),DISABLED_UNTIL_ABSOLUTE_PHYSICAL_SIGNAL_AVAILABLE,ABSOLUTE_VALUE_PENDING,,,LOW,2,0.02 ratio,2,HIGH,주황,#FF9500,FALSE,TRUE,TRUE,NONE,FALSE,TRUE,A-L,THERMOSYSPRO_MODEL+ASSUMED_LOGIC,ABSOLUTE_PHYSICAL_VALUE_NOT_AVAILABLE,DISABLED_PENDING_PHYSICAL_OUTPUT,https://build.openmodelica.org/Documentation/ThermoSysPro.WaterSteam.HeatExchangers.DynamicTwoPhaseFlowPipe.html,원시 변수명은 공개 빌드 로그로 확인. 임계값·지연·히스테리시스는 시연용 A-L 가정이며 현장 기준으로 교체 필요.,DCS2,HRSG,"T_ph(P,h) < PRE_EVENT_BASELINE * 0.94",PRE_EVENT_BASELINE_RATIO,0.94,ratio_to_baseline,,,,,DEFERRED_PROPERTY_CALCULATION,P/h property output must be exported and calculated in physical units
AL-0266,DCS2,HRSG,dcs2.csv,ABB_HRSG_BOP,HRSG,IP HRSG,IP Superheater 3 Cell 3,M-V_DIRECT,TSP.MV.IP_SUPERHEATER_3.WS.P_3,IP_SuperHeater_3.TwoPhaseFlowPipe.P[3],P,HH,IP Superheater 3 Cell 3 압력 고고(HH),IP_SuperHeater_3.TwoPhaseFlowPipe.P[3] > 110 Pa,ABSOLUTE_MODEL_VALUE,110,Pa,HIGH,2,2 Pa,2,HIGH,주황,#FF9500,FALSE,TRUE,TRUE,NONE,TRUE,TRUE,A-L,VIRTUAL_MODEL_PRETRIP_CALIBRATION,MODEL_SIGNAL_VERIFIED_ABSOLUTE_THRESHOLD_CALIBRATED,READY_ABSOLUTE_MODEL_VALUE,https://build.openmodelica.org/Documentation/ThermoSysPro.WaterSteam.HeatExchangers.DynamicTwoPhaseFlowPipe.html,원시 변수명은 공개 빌드 로그로 확인. 임계값·지연·히스테리시스는 시연용 A-L 가정이며 현장 기준으로 교체 필요.,DCS2,HRSG,P > PRE_EVENT_BASELINE * 1.1,PRE_EVENT_BASELINE_RATIO,1.1,ratio_to_baseline,IP_SuperHeater_3.TwoPhaseFlowPipe.P[3],100,GT_TRIP_RAW_DATA_0.1s_0-40s.csv,0-10,CALIBRATED_MODEL_DIRECT,Direct model quantity and physical unit available
AL-0267,DCS2,HRSG,dcs2.csv,ABB_HRSG_BOP,HRSG,IP HRSG,IP Superheater 3 Cell 3,M-V_DIRECT,TSP.MV.IP_SUPERHEATER_3.WS.P_3,IP_SuperHeater_3.TwoPhaseFlowPipe.P[3],P,LL,IP Superheater 3 Cell 3 압력 저저(LL),IP_SuperHeater_3.TwoPhaseFlowPipe.P[3] < 90 Pa,ABSOLUTE_MODEL_VALUE,90,Pa,LOW,2,2 Pa,2,HIGH,주황,#FF9500,FALSE,TRUE,TRUE,NONE,TRUE,TRUE,A-L,VIRTUAL_MODEL_PRETRIP_CALIBRATION,MODEL_SIGNAL_VERIFIED_ABSOLUTE_THRESHOLD_CALIBRATED,READY_ABSOLUTE_MODEL_VALUE,https://build.openmodelica.org/Documentation/ThermoSysPro.WaterSteam.HeatExchangers.DynamicTwoPhaseFlowPipe.html,원시 변수명은 공개 빌드 로그로 확인. 임계값·지연·히스테리시스는 시연용 A-L 가정이며 현장 기준으로 교체 필요.,DCS2,HRSG,P < PRE_EVENT_BASELINE * 0.9,PRE_EVENT_BASELINE_RATIO,0.9,ratio_to_baseline,IP_SuperHeater_3.TwoPhaseFlowPipe.P[3],100,GT_TRIP_RAW_DATA_0.1s_0-40s.csv,0-10,CALIBRATED_MODEL_DIRECT,Direct model quantity and physical unit available
AL-0268,DCS2,HRSG,dcs2.csv,ABB_HRSG_BOP,HRSG,IP HRSG,IP Superheater 3 Cell 3,M-V_DIRECT,TSP.MV.IP_SUPERHEATER_3.WS.Q_3,IP_SuperHeater_3.TwoPhaseFlowPipe.Q[3],Q,LL,IP Superheater 3 Cell 3 유량 저저(LL),IP_SuperHeater_3.TwoPhaseFlowPipe.Q[3] < 50 kg/s,ABSOLUTE_MODEL_VALUE,50,kg/s,LOW,2,5 kg/s,2,HIGH,주황,#FF9500,FALSE,TRUE,TRUE,NONE,TRUE,TRUE,A-L,VIRTUAL_MODEL_PRETRIP_CALIBRATION,MODEL_SIGNAL_VERIFIED_ABSOLUTE_THRESHOLD_CALIBRATED,READY_ABSOLUTE_MODEL_VALUE,https://build.openmodelica.org/Documentation/ThermoSysPro.WaterSteam.HeatExchangers.DynamicTwoPhaseFlowPipe.html,원시 변수명은 공개 빌드 로그로 확인. 임계값·지연·히스테리시스는 시연용 A-L 가정이며 현장 기준으로 교체 필요.,DCS2,HRSG,Q < PRE_EVENT_BASELINE * 0.5,PRE_EVENT_BASELINE_RATIO,0.5,ratio_to_baseline,IP_SuperHeater_3.TwoPhaseFlowPipe.Q[3],100,GT_TRIP_RAW_DATA_0.1s_0-40s.csv,0-10,CALIBRATED_MODEL_DIRECT,Direct model quantity and physical unit available
AL-0269,DCS2,HRSG,dcs2.csv,ABB_HRSG_BOP,HRSG,IP HRSG,IP Superheater 3 Cell 3,M-V_CALCULATED,TSP.MV.IP_SUPERHEATER_3.WS.P_3;TSP.MV.IP_SUPERHEATER_3.WS.H_3,IP_SuperHeater_3.TwoPhaseFlowPipe.P[3];IP_SuperHeater_3.TwoPhaseFlowPipe.h[3],"T_ph(P,h)",HH,IP Superheater 3 Cell 3 유체온도 고고(HH),DISABLED_UNTIL_ABSOLUTE_PHYSICAL_SIGNAL_AVAILABLE,ABSOLUTE_VALUE_PENDING,,,HIGH,2,0.02 ratio,2,HIGH,주황,#FF9500,FALSE,TRUE,TRUE,NONE,FALSE,TRUE,A-L,THERMOSYSPRO_MODEL+ASSUMED_LOGIC,ABSOLUTE_PHYSICAL_VALUE_NOT_AVAILABLE,DISABLED_PENDING_PHYSICAL_OUTPUT,https://build.openmodelica.org/Documentation/ThermoSysPro.WaterSteam.HeatExchangers.DynamicTwoPhaseFlowPipe.html,원시 변수명은 공개 빌드 로그로 확인. 임계값·지연·히스테리시스는 시연용 A-L 가정이며 현장 기준으로 교체 필요.,DCS2,HRSG,"T_ph(P,h) > PRE_EVENT_BASELINE * 1.06",PRE_EVENT_BASELINE_RATIO,1.06,ratio_to_baseline,,,,,DEFERRED_PROPERTY_CALCULATION,P/h property output must be exported and calculated in physical units
AL-0270,DCS2,HRSG,dcs2.csv,ABB_HRSG_BOP,HRSG,IP HRSG,IP Superheater 3 Cell 3,M-V_CALCULATED,TSP.MV.IP_SUPERHEATER_3.WS.P_3;TSP.MV.IP_SUPERHEATER_3.WS.H_3,IP_SuperHeater_3.TwoPhaseFlowPipe.P[3];IP_SuperHeater_3.TwoPhaseFlowPipe.h[3],"T_ph(P,h)",LL,IP Superheater 3 Cell 3 유체온도 저저(LL),DISABLED_UNTIL_ABSOLUTE_PHYSICAL_SIGNAL_AVAILABLE,ABSOLUTE_VALUE_PENDING,,,LOW,2,0.02 ratio,2,HIGH,주황,#FF9500,FALSE,TRUE,TRUE,NONE,FALSE,TRUE,A-L,THERMOSYSPRO_MODEL+ASSUMED_LOGIC,ABSOLUTE_PHYSICAL_VALUE_NOT_AVAILABLE,DISABLED_PENDING_PHYSICAL_OUTPUT,https://build.openmodelica.org/Documentation/ThermoSysPro.WaterSteam.HeatExchangers.DynamicTwoPhaseFlowPipe.html,원시 변수명은 공개 빌드 로그로 확인. 임계값·지연·히스테리시스는 시연용 A-L 가정이며 현장 기준으로 교체 필요.,DCS2,HRSG,"T_ph(P,h) < PRE_EVENT_BASELINE * 0.94",PRE_EVENT_BASELINE_RATIO,0.94,ratio_to_baseline,,,,,DEFERRED_PROPERTY_CALCULATION,P/h property output must be exported and calculated in physical units
AL-0271,DCS2,HRSG,dcs2.csv,ABB_HRSG_BOP,HRSG,IP HRSG,IP Superheater 3 Cell 4,M-V_DIRECT,TSP.MV.IP_SUPERHEATER_3.WS.P_4,IP_SuperHeater_3.TwoPhaseFlowPipe.P[4],P,HH,IP Superheater 3 Cell 4 압력 고고(HH),IP_SuperHeater_3.TwoPhaseFlowPipe.P[4] > 110 Pa,ABSOLUTE_MODEL_VALUE,110,Pa,HIGH,2,2 Pa,2,HIGH,주황,#FF9500,FALSE,TRUE,TRUE,NONE,TRUE,TRUE,A-L,VIRTUAL_MODEL_PRETRIP_CALIBRATION,MODEL_SIGNAL_VERIFIED_ABSOLUTE_THRESHOLD_CALIBRATED,READY_ABSOLUTE_MODEL_VALUE,https://build.openmodelica.org/Documentation/ThermoSysPro.WaterSteam.HeatExchangers.DynamicTwoPhaseFlowPipe.html,원시 변수명은 공개 빌드 로그로 확인. 임계값·지연·히스테리시스는 시연용 A-L 가정이며 현장 기준으로 교체 필요.,DCS2,HRSG,P > PRE_EVENT_BASELINE * 1.1,PRE_EVENT_BASELINE_RATIO,1.1,ratio_to_baseline,IP_SuperHeater_3.TwoPhaseFlowPipe.P[4],100,GT_TRIP_RAW_DATA_0.1s_0-40s.csv,0-10,CALIBRATED_MODEL_DIRECT,Direct model quantity and physical unit available
AL-0272,DCS2,HRSG,dcs2.csv,ABB_HRSG_BOP,HRSG,IP HRSG,IP Superheater 3 Cell 4,M-V_DIRECT,TSP.MV.IP_SUPERHEATER_3.WS.P_4,IP_SuperHeater_3.TwoPhaseFlowPipe.P[4],P,LL,IP Superheater 3 Cell 4 압력 저저(LL),IP_SuperHeater_3.TwoPhaseFlowPipe.P[4] < 90 Pa,ABSOLUTE_MODEL_VALUE,90,Pa,LOW,2,2 Pa,2,HIGH,주황,#FF9500,FALSE,TRUE,TRUE,NONE,TRUE,TRUE,A-L,VIRTUAL_MODEL_PRETRIP_CALIBRATION,MODEL_SIGNAL_VERIFIED_ABSOLUTE_THRESHOLD_CALIBRATED,READY_ABSOLUTE_MODEL_VALUE,https://build.openmodelica.org/Documentation/ThermoSysPro.WaterSteam.HeatExchangers.DynamicTwoPhaseFlowPipe.html,원시 변수명은 공개 빌드 로그로 확인. 임계값·지연·히스테리시스는 시연용 A-L 가정이며 현장 기준으로 교체 필요.,DCS2,HRSG,P < PRE_EVENT_BASELINE * 0.9,PRE_EVENT_BASELINE_RATIO,0.9,ratio_to_baseline,IP_SuperHeater_3.TwoPhaseFlowPipe.P[4],100,GT_TRIP_RAW_DATA_0.1s_0-40s.csv,0-10,CALIBRATED_MODEL_DIRECT,Direct model quantity and physical unit available
AL-0273,DCS2,HRSG,dcs2.csv,ABB_HRSG_BOP,HRSG,IP HRSG,IP Superheater 3 Cell 4,M-V_DIRECT,TSP.MV.IP_SUPERHEATER_3.WS.Q_4,IP_SuperHeater_3.TwoPhaseFlowPipe.Q[4],Q,LL,IP Superheater 3 Cell 4 유량 저저(LL),IP_SuperHeater_3.TwoPhaseFlowPipe.Q[4] < 50 kg/s,ABSOLUTE_MODEL_VALUE,50,kg/s,LOW,2,5 kg/s,2,HIGH,주황,#FF9500,FALSE,TRUE,TRUE,NONE,TRUE,TRUE,A-L,VIRTUAL_MODEL_PRETRIP_CALIBRATION,MODEL_SIGNAL_VERIFIED_ABSOLUTE_THRESHOLD_CALIBRATED,READY_ABSOLUTE_MODEL_VALUE,https://build.openmodelica.org/Documentation/ThermoSysPro.WaterSteam.HeatExchangers.DynamicTwoPhaseFlowPipe.html,원시 변수명은 공개 빌드 로그로 확인. 임계값·지연·히스테리시스는 시연용 A-L 가정이며 현장 기준으로 교체 필요.,DCS2,HRSG,Q < PRE_EVENT_BASELINE * 0.5,PRE_EVENT_BASELINE_RATIO,0.5,ratio_to_baseline,IP_SuperHeater_3.TwoPhaseFlowPipe.Q[4],100,GT_TRIP_RAW_DATA_0.1s_0-40s.csv,0-10,CALIBRATED_MODEL_DIRECT,Direct model quantity and physical unit available
AL-0274,DCS2,HRSG,dcs2.csv,ABB_HRSG_BOP,HRSG,IP HRSG,IP Superheater 3 Cell 4,M-V_CALCULATED,TSP.MV.IP_SUPERHEATER_3.WS.P_4;TSP.MV.IP_SUPERHEATER_3.WS.H_4,IP_SuperHeater_3.TwoPhaseFlowPipe.P[4];IP_SuperHeater_3.TwoPhaseFlowPipe.h[4],"T_ph(P,h)",HH,IP Superheater 3 Cell 4 유체온도 고고(HH),DISABLED_UNTIL_ABSOLUTE_PHYSICAL_SIGNAL_AVAILABLE,ABSOLUTE_VALUE_PENDING,,,HIGH,2,0.02 ratio,2,HIGH,주황,#FF9500,FALSE,TRUE,TRUE,NONE,FALSE,TRUE,A-L,THERMOSYSPRO_MODEL+ASSUMED_LOGIC,ABSOLUTE_PHYSICAL_VALUE_NOT_AVAILABLE,DISABLED_PENDING_PHYSICAL_OUTPUT,https://build.openmodelica.org/Documentation/ThermoSysPro.WaterSteam.HeatExchangers.DynamicTwoPhaseFlowPipe.html,원시 변수명은 공개 빌드 로그로 확인. 임계값·지연·히스테리시스는 시연용 A-L 가정이며 현장 기준으로 교체 필요.,DCS2,HRSG,"T_ph(P,h) > PRE_EVENT_BASELINE * 1.06",PRE_EVENT_BASELINE_RATIO,1.06,ratio_to_baseline,,,,,DEFERRED_PROPERTY_CALCULATION,P/h property output must be exported and calculated in physical units
AL-0275,DCS2,HRSG,dcs2.csv,ABB_HRSG_BOP,HRSG,IP HRSG,IP Superheater 3 Cell 4,M-V_CALCULATED,TSP.MV.IP_SUPERHEATER_3.WS.P_4;TSP.MV.IP_SUPERHEATER_3.WS.H_4,IP_SuperHeater_3.TwoPhaseFlowPipe.P[4];IP_SuperHeater_3.TwoPhaseFlowPipe.h[4],"T_ph(P,h)",LL,IP Superheater 3 Cell 4 유체온도 저저(LL),DISABLED_UNTIL_ABSOLUTE_PHYSICAL_SIGNAL_AVAILABLE,ABSOLUTE_VALUE_PENDING,,,LOW,2,0.02 ratio,2,HIGH,주황,#FF9500,FALSE,TRUE,TRUE,NONE,FALSE,TRUE,A-L,THERMOSYSPRO_MODEL+ASSUMED_LOGIC,ABSOLUTE_PHYSICAL_VALUE_NOT_AVAILABLE,DISABLED_PENDING_PHYSICAL_OUTPUT,https://build.openmodelica.org/Documentation/ThermoSysPro.WaterSteam.HeatExchangers.DynamicTwoPhaseFlowPipe.html,원시 변수명은 공개 빌드 로그로 확인. 임계값·지연·히스테리시스는 시연용 A-L 가정이며 현장 기준으로 교체 필요.,DCS2,HRSG,"T_ph(P,h) < PRE_EVENT_BASELINE * 0.94",PRE_EVENT_BASELINE_RATIO,0.94,ratio_to_baseline,,,,,DEFERRED_PROPERTY_CALCULATION,P/h property output must be exported and calculated in physical units
AL-0276,DCS2,HRSG,dcs2.csv,ABB_HRSG_BOP,HRSG,IP HRSG,IP Superheater 3 Wall 1,M-V_DIRECT,TSP.MV.IP_SUPERHEATER_3.WALL.TP_1,IP_SuperHeater_3.ExchangerWall.Tp[1],Tp,HH,IP Superheater 3 Wall 1 벽온도 고고(HH),IP_SuperHeater_3.ExchangerWall.Tp[1] > 106 K,ABSOLUTE_MODEL_VALUE,106,K,HIGH,3,2 K,2,HIGH,주황,#FF9500,FALSE,TRUE,TRUE,NONE,TRUE,TRUE,A-L,VIRTUAL_MODEL_PRETRIP_CALIBRATION,MODEL_SIGNAL_VERIFIED_ABSOLUTE_THRESHOLD_CALIBRATED,READY_ABSOLUTE_MODEL_VALUE,https://build.openmodelica.org/Documentation/ThermoSysPro.WaterSteam.HeatExchangers.DynamicTwoPhaseFlowPipe.html,원시 변수명은 공개 빌드 로그로 확인. 임계값·지연·히스테리시스는 시연용 A-L 가정이며 현장 기준으로 교체 필요.,DCS2,HRSG,Tp > PRE_EVENT_BASELINE * 1.06,PRE_EVENT_BASELINE_RATIO,1.06,ratio_to_baseline,IP_SuperHeater_3.ExchangerWall.Tp[1],100,GT_TRIP_RAW_DATA_0.1s_0-40s.csv,0-10,CALIBRATED_MODEL_DIRECT,Direct model quantity and physical unit available
AL-0277,DCS2,HRSG,dcs2.csv,ABB_HRSG_BOP,HRSG,IP HRSG,IP Superheater 3 Wall 2,M-V_DIRECT,TSP.MV.IP_SUPERHEATER_3.WALL.TP_2,IP_SuperHeater_3.ExchangerWall.Tp[2],Tp,HH,IP Superheater 3 Wall 2 벽온도 고고(HH),IP_SuperHeater_3.ExchangerWall.Tp[2] > 106 K,ABSOLUTE_MODEL_VALUE,106,K,HIGH,3,2 K,2,HIGH,주황,#FF9500,FALSE,TRUE,TRUE,NONE,TRUE,TRUE,A-L,VIRTUAL_MODEL_PRETRIP_CALIBRATION,MODEL_SIGNAL_VERIFIED_ABSOLUTE_THRESHOLD_CALIBRATED,READY_ABSOLUTE_MODEL_VALUE,https://build.openmodelica.org/Documentation/ThermoSysPro.WaterSteam.HeatExchangers.DynamicTwoPhaseFlowPipe.html,원시 변수명은 공개 빌드 로그로 확인. 임계값·지연·히스테리시스는 시연용 A-L 가정이며 현장 기준으로 교체 필요.,DCS2,HRSG,Tp > PRE_EVENT_BASELINE * 1.06,PRE_EVENT_BASELINE_RATIO,1.06,ratio_to_baseline,IP_SuperHeater_3.ExchangerWall.Tp[2],100,GT_TRIP_RAW_DATA_0.1s_0-40s.csv,0-10,CALIBRATED_MODEL_DIRECT,Direct model quantity and physical unit available
AL-0278,DCS2,HRSG,dcs2.csv,ABB_HRSG_BOP,HRSG,IP HRSG,IP Superheater 3 Wall 3,M-V_DIRECT,TSP.MV.IP_SUPERHEATER_3.WALL.TP_3,IP_SuperHeater_3.ExchangerWall.Tp[3],Tp,HH,IP Superheater 3 Wall 3 벽온도 고고(HH),IP_SuperHeater_3.ExchangerWall.Tp[3] > 106 K,ABSOLUTE_MODEL_VALUE,106,K,HIGH,3,2 K,2,HIGH,주황,#FF9500,FALSE,TRUE,TRUE,NONE,TRUE,TRUE,A-L,VIRTUAL_MODEL_PRETRIP_CALIBRATION,MODEL_SIGNAL_VERIFIED_ABSOLUTE_THRESHOLD_CALIBRATED,READY_ABSOLUTE_MODEL_VALUE,https://build.openmodelica.org/Documentation/ThermoSysPro.WaterSteam.HeatExchangers.DynamicTwoPhaseFlowPipe.html,원시 변수명은 공개 빌드 로그로 확인. 임계값·지연·히스테리시스는 시연용 A-L 가정이며 현장 기준으로 교체 필요.,DCS2,HRSG,Tp > PRE_EVENT_BASELINE * 1.06,PRE_EVENT_BASELINE_RATIO,1.06,ratio_to_baseline,IP_SuperHeater_3.ExchangerWall.Tp[3],100,GT_TRIP_RAW_DATA_0.1s_0-40s.csv,0-10,CALIBRATED_MODEL_DIRECT,Direct model quantity and physical unit available
AL-0279,DCS2,HRSG,dcs2.csv,ABB_HRSG_BOP,HRSG,LP HRSG,LP Drum,M-V_DIRECT,TSP.DRUM.LP.LEVEL,BallonBP.zl,lp_drum_level_mm,HH,LP Drum 레벨 고고(HH),lp_drum_level_mm > 1950.117791 mm,ABSOLUTE_MODEL_LEVEL,1950.117791,mm,HIGH,2,20 mm,2,HIGH,주황,#FF9500,FALSE,TRUE,TRUE,NONE,TRUE,TRUE,A-L,THERMOSYSPRO_DIRECT_LEVEL_CALIBRATION,MODEL_LEVEL_VERIFIED_ABSOLUTE_THRESHOLD_CALIBRATED,READY_AFTER_M_TO_MM_ADAPTER,https://build.openmodelica.org/Documentation/ThermoSysPro.WaterSteam.Volumes.DynamicDrum.html,원시 변수명은 공개 빌드 로그로 확인. 임계값·지연·히스테리시스는 시연용 A-L 가정이며 현장 기준으로 교체 필요.,DCS2,HRSG,normalized_level(Vl) > 0.8,NORMALIZED_SPAN,0.8,fraction_of_span,BallonBP.zl,1750.117791,LOCAL_thermosyspro-raw.csv,0-50,CALIBRATED_MODEL_LEVEL_MM,Direct ThermoSysPro drum level converted from m to mm
AL-0280,DCS2,HRSG,dcs2.csv,ABB_HRSG_BOP,HRSG,LP HRSG,LP Drum,M-V_DIRECT,TSP.DRUM.LP.LEVEL,BallonBP.zl,lp_drum_level_mm,LL,LP Drum 레벨 저저(LL),lp_drum_level_mm < 1550.117791 mm,ABSOLUTE_MODEL_LEVEL,1550.117791,mm,LOW,2,20 mm,2,HIGH,주황,#FF9500,FALSE,TRUE,TRUE,NONE,TRUE,TRUE,A-L,THERMOSYSPRO_DIRECT_LEVEL_CALIBRATION,MODEL_LEVEL_VERIFIED_ABSOLUTE_THRESHOLD_CALIBRATED,READY_AFTER_M_TO_MM_ADAPTER,https://build.openmodelica.org/Documentation/ThermoSysPro.WaterSteam.Volumes.DynamicDrum.html,원시 변수명은 공개 빌드 로그로 확인. 임계값·지연·히스테리시스는 시연용 A-L 가정이며 현장 기준으로 교체 필요.,DCS2,HRSG,normalized_level(Vl) < 0.2,NORMALIZED_SPAN,0.2,fraction_of_span,BallonBP.zl,1750.117791,LOCAL_thermosyspro-raw.csv,0-50,CALIBRATED_MODEL_LEVEL_MM,Direct ThermoSysPro drum level converted from m to mm
AL-0281,DCS2,HRSG,dcs2.csv,ABB_HRSG_BOP,HRSG,LP HRSG,LP Drum,M-V_DIRECT,TSP.MV.LP_DRUM.TP,LP_Drum.Tp,Tp,HH,LP Drum 벽온도 고고(HH),LP_Drum.Tp > 689 K,ABSOLUTE_MODEL_VALUE,689,K,HIGH,3,13 K,2,HIGH,주황,#FF9500,FALSE,TRUE,TRUE,NONE,TRUE,TRUE,A-L,VIRTUAL_MODEL_PRETRIP_CALIBRATION,MODEL_SIGNAL_VERIFIED_ABSOLUTE_THRESHOLD_CALIBRATED,READY_ABSOLUTE_MODEL_VALUE,https://build.openmodelica.org/Documentation/ThermoSysPro.WaterSteam.Volumes.DynamicDrum.html,원시 변수명은 공개 빌드 로그로 확인. 임계값·지연·히스테리시스는 시연용 A-L 가정이며 현장 기준으로 교체 필요.,DCS2,HRSG,Tp > PRE_EVENT_BASELINE * 1.06,PRE_EVENT_BASELINE_RATIO,1.06,ratio_to_baseline,LP_Drum.Tp,650,GT_TRIP_RAW_DATA_0.1s_0-40s.csv,0-10,CALIBRATED_MODEL_DIRECT,Direct model quantity and physical unit available
AL-0282,DCS2,HRSG,dcs2.csv,ABB_HRSG_BOP,HRSG,LP HRSG,LP Drum,M-V_DIRECT,TSP.MV.LP_DRUM.P,LP_Drum.P,P,HH,LP Drum 압력 고고(HH),LP_Drum.P > 440000 Pa,ABSOLUTE_MODEL_VALUE,440000,Pa,HIGH,2,8000 Pa,2,HIGH,주황,#FF9500,FALSE,TRUE,TRUE,NONE,TRUE,TRUE,A-L,VIRTUAL_MODEL_PRETRIP_CALIBRATION,MODEL_SIGNAL_VERIFIED_ABSOLUTE_THRESHOLD_CALIBRATED,READY_ABSOLUTE_MODEL_VALUE,https://build.openmodelica.org/Documentation/ThermoSysPro.WaterSteam.Volumes.DynamicDrum.html,원시 변수명은 공개 빌드 로그로 확인. 임계값·지연·히스테리시스는 시연용 A-L 가정이며 현장 기준으로 교체 필요.,DCS2,HRSG,P > PRE_EVENT_BASELINE * 1.1,PRE_EVENT_BASELINE_RATIO,1.1,ratio_to_baseline,LP_Drum.P,400000,GT_TRIP_RAW_DATA_0.1s_0-40s.csv,0-10,CALIBRATED_MODEL_DIRECT,Direct model quantity and physical unit available
AL-0283,DCS2,HRSG,dcs2.csv,ABB_HRSG_BOP,HRSG,LP HRSG,LP Drum,M-V_DIRECT,TSP.MV.LP_DRUM.P,LP_Drum.P,P,LL,LP Drum 압력 저저(LL),LP_Drum.P < 360000 Pa,ABSOLUTE_MODEL_VALUE,360000,Pa,LOW,2,8000 Pa,2,HIGH,주황,#FF9500,FALSE,TRUE,TRUE,NONE,TRUE,TRUE,A-L,VIRTUAL_MODEL_PRETRIP_CALIBRATION,MODEL_SIGNAL_VERIFIED_ABSOLUTE_THRESHOLD_CALIBRATED,READY_ABSOLUTE_MODEL_VALUE,https://build.openmodelica.org/Documentation/ThermoSysPro.WaterSteam.Volumes.DynamicDrum.html,원시 변수명은 공개 빌드 로그로 확인. 임계값·지연·히스테리시스는 시연용 A-L 가정이며 현장 기준으로 교체 필요.,DCS2,HRSG,P < PRE_EVENT_BASELINE * 0.9,PRE_EVENT_BASELINE_RATIO,0.9,ratio_to_baseline,LP_Drum.P,400000,GT_TRIP_RAW_DATA_0.1s_0-40s.csv,0-10,CALIBRATED_MODEL_DIRECT,Direct model quantity and physical unit available
AL-0284,DCS2,HRSG,dcs2.csv,ABB_HRSG_BOP,HRSG,LP HRSG,LP Economizer Cell 1,M-V_DIRECT,TSP.MV.LP_ECONOMIZER.WS.Q_1,LP_Economizer.TwoPhaseFlowPipe.Q[1],Q,LL,LP Economizer Cell 1 유량 저저(LL),LP_Economizer.TwoPhaseFlowPipe.Q[1] < 50 kg/s,ABSOLUTE_MODEL_VALUE,50,kg/s,LOW,2,5 kg/s,2,HIGH,주황,#FF9500,FALSE,TRUE,TRUE,NONE,TRUE,TRUE,A-L,VIRTUAL_MODEL_PRETRIP_CALIBRATION,MODEL_SIGNAL_VERIFIED_ABSOLUTE_THRESHOLD_CALIBRATED,READY_ABSOLUTE_MODEL_VALUE,https://build.openmodelica.org/Documentation/ThermoSysPro.WaterSteam.HeatExchangers.DynamicTwoPhaseFlowPipe.html,원시 변수명은 공개 빌드 로그로 확인. 임계값·지연·히스테리시스는 시연용 A-L 가정이며 현장 기준으로 교체 필요.,DCS2,HRSG,Q < PRE_EVENT_BASELINE * 0.5,PRE_EVENT_BASELINE_RATIO,0.5,ratio_to_baseline,LP_Economizer.TwoPhaseFlowPipe.Q[1],100,GT_TRIP_RAW_DATA_0.1s_0-40s.csv,0-10,CALIBRATED_MODEL_DIRECT,Direct model quantity and physical unit available
AL-0285,DCS2,HRSG,dcs2.csv,ABB_HRSG_BOP,HRSG,LP HRSG,LP Economizer Cell 2,M-V_DIRECT,TSP.MV.LP_ECONOMIZER.WS.P_2,LP_Economizer.TwoPhaseFlowPipe.P[2],P,HH,LP Economizer Cell 2 압력 고고(HH),LP_Economizer.TwoPhaseFlowPipe.P[2] > 440000 Pa,ABSOLUTE_MODEL_VALUE,440000,Pa,HIGH,2,8000 Pa,2,HIGH,주황,#FF9500,FALSE,TRUE,TRUE,NONE,TRUE,TRUE,A-L,VIRTUAL_MODEL_PRETRIP_CALIBRATION,MODEL_SIGNAL_VERIFIED_ABSOLUTE_THRESHOLD_CALIBRATED,READY_ABSOLUTE_MODEL_VALUE,https://build.openmodelica.org/Documentation/ThermoSysPro.WaterSteam.HeatExchangers.DynamicTwoPhaseFlowPipe.html,원시 변수명은 공개 빌드 로그로 확인. 임계값·지연·히스테리시스는 시연용 A-L 가정이며 현장 기준으로 교체 필요.,DCS2,HRSG,P > PRE_EVENT_BASELINE * 1.1,PRE_EVENT_BASELINE_RATIO,1.1,ratio_to_baseline,LP_Economizer.TwoPhaseFlowPipe.P[2],400000,GT_TRIP_RAW_DATA_0.1s_0-40s.csv,0-10,CALIBRATED_MODEL_DIRECT,Direct model quantity and physical unit available
AL-0286,DCS2,HRSG,dcs2.csv,ABB_HRSG_BOP,HRSG,LP HRSG,LP Economizer Cell 2,M-V_DIRECT,TSP.MV.LP_ECONOMIZER.WS.P_2,LP_Economizer.TwoPhaseFlowPipe.P[2],P,LL,LP Economizer Cell 2 압력 저저(LL),LP_Economizer.TwoPhaseFlowPipe.P[2] < 360000 Pa,ABSOLUTE_MODEL_VALUE,360000,Pa,LOW,2,8000 Pa,2,HIGH,주황,#FF9500,FALSE,TRUE,TRUE,NONE,TRUE,TRUE,A-L,VIRTUAL_MODEL_PRETRIP_CALIBRATION,MODEL_SIGNAL_VERIFIED_ABSOLUTE_THRESHOLD_CALIBRATED,READY_ABSOLUTE_MODEL_VALUE,https://build.openmodelica.org/Documentation/ThermoSysPro.WaterSteam.HeatExchangers.DynamicTwoPhaseFlowPipe.html,원시 변수명은 공개 빌드 로그로 확인. 임계값·지연·히스테리시스는 시연용 A-L 가정이며 현장 기준으로 교체 필요.,DCS2,HRSG,P < PRE_EVENT_BASELINE * 0.9,PRE_EVENT_BASELINE_RATIO,0.9,ratio_to_baseline,LP_Economizer.TwoPhaseFlowPipe.P[2],400000,GT_TRIP_RAW_DATA_0.1s_0-40s.csv,0-10,CALIBRATED_MODEL_DIRECT,Direct model quantity and physical unit available
AL-0287,DCS2,HRSG,dcs2.csv,ABB_HRSG_BOP,HRSG,LP HRSG,LP Economizer Cell 2,M-V_DIRECT,TSP.MV.LP_ECONOMIZER.WS.Q_2,LP_Economizer.TwoPhaseFlowPipe.Q[2],Q,LL,LP Economizer Cell 2 유량 저저(LL),LP_Economizer.TwoPhaseFlowPipe.Q[2] < 50 kg/s,ABSOLUTE_MODEL_VALUE,50,kg/s,LOW,2,5 kg/s,2,HIGH,주황,#FF9500,FALSE,TRUE,TRUE,NONE,TRUE,TRUE,A-L,VIRTUAL_MODEL_PRETRIP_CALIBRATION,MODEL_SIGNAL_VERIFIED_ABSOLUTE_THRESHOLD_CALIBRATED,READY_ABSOLUTE_MODEL_VALUE,https://build.openmodelica.org/Documentation/ThermoSysPro.WaterSteam.HeatExchangers.DynamicTwoPhaseFlowPipe.html,원시 변수명은 공개 빌드 로그로 확인. 임계값·지연·히스테리시스는 시연용 A-L 가정이며 현장 기준으로 교체 필요.,DCS2,HRSG,Q < PRE_EVENT_BASELINE * 0.5,PRE_EVENT_BASELINE_RATIO,0.5,ratio_to_baseline,LP_Economizer.TwoPhaseFlowPipe.Q[2],100,GT_TRIP_RAW_DATA_0.1s_0-40s.csv,0-10,CALIBRATED_MODEL_DIRECT,Direct model quantity and physical unit available
AL-0288,DCS2,HRSG,dcs2.csv,ABB_HRSG_BOP,HRSG,LP HRSG,LP Economizer Cell 2,M-V_CALCULATED,TSP.MV.LP_ECONOMIZER.WS.P_2;TSP.MV.LP_ECONOMIZER.WS.H_2,LP_Economizer.TwoPhaseFlowPipe.P[2];LP_Economizer.TwoPhaseFlowPipe.h[2],"T_ph(P,h)",HH,LP Economizer Cell 2 유체온도 고고(HH),DISABLED_UNTIL_ABSOLUTE_PHYSICAL_SIGNAL_AVAILABLE,ABSOLUTE_VALUE_PENDING,,,HIGH,2,0.02 ratio,2,HIGH,주황,#FF9500,FALSE,TRUE,TRUE,NONE,FALSE,TRUE,A-L,THERMOSYSPRO_MODEL+ASSUMED_LOGIC,ABSOLUTE_PHYSICAL_VALUE_NOT_AVAILABLE,DISABLED_PENDING_PHYSICAL_OUTPUT,https://build.openmodelica.org/Documentation/ThermoSysPro.WaterSteam.HeatExchangers.DynamicTwoPhaseFlowPipe.html,원시 변수명은 공개 빌드 로그로 확인. 임계값·지연·히스테리시스는 시연용 A-L 가정이며 현장 기준으로 교체 필요.,DCS2,HRSG,"T_ph(P,h) > PRE_EVENT_BASELINE * 1.06",PRE_EVENT_BASELINE_RATIO,1.06,ratio_to_baseline,,,,,DEFERRED_PROPERTY_CALCULATION,P/h property output must be exported and calculated in physical units
AL-0289,DCS2,HRSG,dcs2.csv,ABB_HRSG_BOP,HRSG,LP HRSG,LP Economizer Cell 2,M-V_CALCULATED,TSP.MV.LP_ECONOMIZER.WS.P_2;TSP.MV.LP_ECONOMIZER.WS.H_2,LP_Economizer.TwoPhaseFlowPipe.P[2];LP_Economizer.TwoPhaseFlowPipe.h[2],"T_ph(P,h)",LL,LP Economizer Cell 2 유체온도 저저(LL),DISABLED_UNTIL_ABSOLUTE_PHYSICAL_SIGNAL_AVAILABLE,ABSOLUTE_VALUE_PENDING,,,LOW,2,0.02 ratio,2,HIGH,주황,#FF9500,FALSE,TRUE,TRUE,NONE,FALSE,TRUE,A-L,THERMOSYSPRO_MODEL+ASSUMED_LOGIC,ABSOLUTE_PHYSICAL_VALUE_NOT_AVAILABLE,DISABLED_PENDING_PHYSICAL_OUTPUT,https://build.openmodelica.org/Documentation/ThermoSysPro.WaterSteam.HeatExchangers.DynamicTwoPhaseFlowPipe.html,원시 변수명은 공개 빌드 로그로 확인. 임계값·지연·히스테리시스는 시연용 A-L 가정이며 현장 기준으로 교체 필요.,DCS2,HRSG,"T_ph(P,h) < PRE_EVENT_BASELINE * 0.94",PRE_EVENT_BASELINE_RATIO,0.94,ratio_to_baseline,,,,,DEFERRED_PROPERTY_CALCULATION,P/h property output must be exported and calculated in physical units
AL-0290,DCS2,HRSG,dcs2.csv,ABB_HRSG_BOP,HRSG,LP HRSG,LP Economizer Cell 3,M-V_DIRECT,TSP.MV.LP_ECONOMIZER.WS.P_3,LP_Economizer.TwoPhaseFlowPipe.P[3],P,HH,LP Economizer Cell 3 압력 고고(HH),LP_Economizer.TwoPhaseFlowPipe.P[3] > 440000 Pa,ABSOLUTE_MODEL_VALUE,440000,Pa,HIGH,2,8000 Pa,2,HIGH,주황,#FF9500,FALSE,TRUE,TRUE,NONE,TRUE,TRUE,A-L,VIRTUAL_MODEL_PRETRIP_CALIBRATION,MODEL_SIGNAL_VERIFIED_ABSOLUTE_THRESHOLD_CALIBRATED,READY_ABSOLUTE_MODEL_VALUE,https://build.openmodelica.org/Documentation/ThermoSysPro.WaterSteam.HeatExchangers.DynamicTwoPhaseFlowPipe.html,원시 변수명은 공개 빌드 로그로 확인. 임계값·지연·히스테리시스는 시연용 A-L 가정이며 현장 기준으로 교체 필요.,DCS2,HRSG,P > PRE_EVENT_BASELINE * 1.1,PRE_EVENT_BASELINE_RATIO,1.1,ratio_to_baseline,LP_Economizer.TwoPhaseFlowPipe.P[3],400000,GT_TRIP_RAW_DATA_0.1s_0-40s.csv,0-10,CALIBRATED_MODEL_DIRECT,Direct model quantity and physical unit available
AL-0291,DCS2,HRSG,dcs2.csv,ABB_HRSG_BOP,HRSG,LP HRSG,LP Economizer Cell 3,M-V_DIRECT,TSP.MV.LP_ECONOMIZER.WS.P_3,LP_Economizer.TwoPhaseFlowPipe.P[3],P,LL,LP Economizer Cell 3 압력 저저(LL),LP_Economizer.TwoPhaseFlowPipe.P[3] < 360000 Pa,ABSOLUTE_MODEL_VALUE,360000,Pa,LOW,2,8000 Pa,2,HIGH,주황,#FF9500,FALSE,TRUE,TRUE,NONE,TRUE,TRUE,A-L,VIRTUAL_MODEL_PRETRIP_CALIBRATION,MODEL_SIGNAL_VERIFIED_ABSOLUTE_THRESHOLD_CALIBRATED,READY_ABSOLUTE_MODEL_VALUE,https://build.openmodelica.org/Documentation/ThermoSysPro.WaterSteam.HeatExchangers.DynamicTwoPhaseFlowPipe.html,원시 변수명은 공개 빌드 로그로 확인. 임계값·지연·히스테리시스는 시연용 A-L 가정이며 현장 기준으로 교체 필요.,DCS2,HRSG,P < PRE_EVENT_BASELINE * 0.9,PRE_EVENT_BASELINE_RATIO,0.9,ratio_to_baseline,LP_Economizer.TwoPhaseFlowPipe.P[3],400000,GT_TRIP_RAW_DATA_0.1s_0-40s.csv,0-10,CALIBRATED_MODEL_DIRECT,Direct model quantity and physical unit available
AL-0292,DCS2,HRSG,dcs2.csv,ABB_HRSG_BOP,HRSG,LP HRSG,LP Economizer Cell 3,M-V_DIRECT,TSP.MV.LP_ECONOMIZER.WS.Q_3,LP_Economizer.TwoPhaseFlowPipe.Q[3],Q,LL,LP Economizer Cell 3 유량 저저(LL),LP_Economizer.TwoPhaseFlowPipe.Q[3] < 50 kg/s,ABSOLUTE_MODEL_VALUE,50,kg/s,LOW,2,5 kg/s,2,HIGH,주황,#FF9500,FALSE,TRUE,TRUE,NONE,TRUE,TRUE,A-L,VIRTUAL_MODEL_PRETRIP_CALIBRATION,MODEL_SIGNAL_VERIFIED_ABSOLUTE_THRESHOLD_CALIBRATED,READY_ABSOLUTE_MODEL_VALUE,https://build.openmodelica.org/Documentation/ThermoSysPro.WaterSteam.HeatExchangers.DynamicTwoPhaseFlowPipe.html,원시 변수명은 공개 빌드 로그로 확인. 임계값·지연·히스테리시스는 시연용 A-L 가정이며 현장 기준으로 교체 필요.,DCS2,HRSG,Q < PRE_EVENT_BASELINE * 0.5,PRE_EVENT_BASELINE_RATIO,0.5,ratio_to_baseline,LP_Economizer.TwoPhaseFlowPipe.Q[3],100,GT_TRIP_RAW_DATA_0.1s_0-40s.csv,0-10,CALIBRATED_MODEL_DIRECT,Direct model quantity and physical unit available
AL-0293,DCS2,HRSG,dcs2.csv,ABB_HRSG_BOP,HRSG,LP HRSG,LP Economizer Cell 3,M-V_CALCULATED,TSP.MV.LP_ECONOMIZER.WS.P_3;TSP.MV.LP_ECONOMIZER.WS.H_3,LP_Economizer.TwoPhaseFlowPipe.P[3];LP_Economizer.TwoPhaseFlowPipe.h[3],"T_ph(P,h)",HH,LP Economizer Cell 3 유체온도 고고(HH),DISABLED_UNTIL_ABSOLUTE_PHYSICAL_SIGNAL_AVAILABLE,ABSOLUTE_VALUE_PENDING,,,HIGH,2,0.02 ratio,2,HIGH,주황,#FF9500,FALSE,TRUE,TRUE,NONE,FALSE,TRUE,A-L,THERMOSYSPRO_MODEL+ASSUMED_LOGIC,ABSOLUTE_PHYSICAL_VALUE_NOT_AVAILABLE,DISABLED_PENDING_PHYSICAL_OUTPUT,https://build.openmodelica.org/Documentation/ThermoSysPro.WaterSteam.HeatExchangers.DynamicTwoPhaseFlowPipe.html,원시 변수명은 공개 빌드 로그로 확인. 임계값·지연·히스테리시스는 시연용 A-L 가정이며 현장 기준으로 교체 필요.,DCS2,HRSG,"T_ph(P,h) > PRE_EVENT_BASELINE * 1.06",PRE_EVENT_BASELINE_RATIO,1.06,ratio_to_baseline,,,,,DEFERRED_PROPERTY_CALCULATION,P/h property output must be exported and calculated in physical units
AL-0294,DCS2,HRSG,dcs2.csv,ABB_HRSG_BOP,HRSG,LP HRSG,LP Economizer Cell 3,M-V_CALCULATED,TSP.MV.LP_ECONOMIZER.WS.P_3;TSP.MV.LP_ECONOMIZER.WS.H_3,LP_Economizer.TwoPhaseFlowPipe.P[3];LP_Economizer.TwoPhaseFlowPipe.h[3],"T_ph(P,h)",LL,LP Economizer Cell 3 유체온도 저저(LL),DISABLED_UNTIL_ABSOLUTE_PHYSICAL_SIGNAL_AVAILABLE,ABSOLUTE_VALUE_PENDING,,,LOW,2,0.02 ratio,2,HIGH,주황,#FF9500,FALSE,TRUE,TRUE,NONE,FALSE,TRUE,A-L,THERMOSYSPRO_MODEL+ASSUMED_LOGIC,ABSOLUTE_PHYSICAL_VALUE_NOT_AVAILABLE,DISABLED_PENDING_PHYSICAL_OUTPUT,https://build.openmodelica.org/Documentation/ThermoSysPro.WaterSteam.HeatExchangers.DynamicTwoPhaseFlowPipe.html,원시 변수명은 공개 빌드 로그로 확인. 임계값·지연·히스테리시스는 시연용 A-L 가정이며 현장 기준으로 교체 필요.,DCS2,HRSG,"T_ph(P,h) < PRE_EVENT_BASELINE * 0.94",PRE_EVENT_BASELINE_RATIO,0.94,ratio_to_baseline,,,,,DEFERRED_PROPERTY_CALCULATION,P/h property output must be exported and calculated in physical units
AL-0295,DCS2,HRSG,dcs2.csv,ABB_HRSG_BOP,HRSG,LP HRSG,LP Economizer Cell 4,M-V_DIRECT,TSP.MV.LP_ECONOMIZER.WS.P_4,LP_Economizer.TwoPhaseFlowPipe.P[4],P,HH,LP Economizer Cell 4 압력 고고(HH),LP_Economizer.TwoPhaseFlowPipe.P[4] > 440000 Pa,ABSOLUTE_MODEL_VALUE,440000,Pa,HIGH,2,8000 Pa,2,HIGH,주황,#FF9500,FALSE,TRUE,TRUE,NONE,TRUE,TRUE,A-L,VIRTUAL_MODEL_PRETRIP_CALIBRATION,MODEL_SIGNAL_VERIFIED_ABSOLUTE_THRESHOLD_CALIBRATED,READY_ABSOLUTE_MODEL_VALUE,https://build.openmodelica.org/Documentation/ThermoSysPro.WaterSteam.HeatExchangers.DynamicTwoPhaseFlowPipe.html,원시 변수명은 공개 빌드 로그로 확인. 임계값·지연·히스테리시스는 시연용 A-L 가정이며 현장 기준으로 교체 필요.,DCS2,HRSG,P > PRE_EVENT_BASELINE * 1.1,PRE_EVENT_BASELINE_RATIO,1.1,ratio_to_baseline,LP_Economizer.TwoPhaseFlowPipe.P[4],400000,GT_TRIP_RAW_DATA_0.1s_0-40s.csv,0-10,CALIBRATED_MODEL_DIRECT,Direct model quantity and physical unit available
AL-0296,DCS2,HRSG,dcs2.csv,ABB_HRSG_BOP,HRSG,LP HRSG,LP Economizer Cell 4,M-V_DIRECT,TSP.MV.LP_ECONOMIZER.WS.P_4,LP_Economizer.TwoPhaseFlowPipe.P[4],P,LL,LP Economizer Cell 4 압력 저저(LL),LP_Economizer.TwoPhaseFlowPipe.P[4] < 360000 Pa,ABSOLUTE_MODEL_VALUE,360000,Pa,LOW,2,8000 Pa,2,HIGH,주황,#FF9500,FALSE,TRUE,TRUE,NONE,TRUE,TRUE,A-L,VIRTUAL_MODEL_PRETRIP_CALIBRATION,MODEL_SIGNAL_VERIFIED_ABSOLUTE_THRESHOLD_CALIBRATED,READY_ABSOLUTE_MODEL_VALUE,https://build.openmodelica.org/Documentation/ThermoSysPro.WaterSteam.HeatExchangers.DynamicTwoPhaseFlowPipe.html,원시 변수명은 공개 빌드 로그로 확인. 임계값·지연·히스테리시스는 시연용 A-L 가정이며 현장 기준으로 교체 필요.,DCS2,HRSG,P < PRE_EVENT_BASELINE * 0.9,PRE_EVENT_BASELINE_RATIO,0.9,ratio_to_baseline,LP_Economizer.TwoPhaseFlowPipe.P[4],400000,GT_TRIP_RAW_DATA_0.1s_0-40s.csv,0-10,CALIBRATED_MODEL_DIRECT,Direct model quantity and physical unit available
AL-0297,DCS2,HRSG,dcs2.csv,ABB_HRSG_BOP,HRSG,LP HRSG,LP Economizer Cell 4,M-V_DIRECT,TSP.MV.LP_ECONOMIZER.WS.Q_4,LP_Economizer.TwoPhaseFlowPipe.Q[4],Q,LL,LP Economizer Cell 4 유량 저저(LL),LP_Economizer.TwoPhaseFlowPipe.Q[4] < 50 kg/s,ABSOLUTE_MODEL_VALUE,50,kg/s,LOW,2,5 kg/s,2,HIGH,주황,#FF9500,FALSE,TRUE,TRUE,NONE,TRUE,TRUE,A-L,VIRTUAL_MODEL_PRETRIP_CALIBRATION,MODEL_SIGNAL_VERIFIED_ABSOLUTE_THRESHOLD_CALIBRATED,READY_ABSOLUTE_MODEL_VALUE,https://build.openmodelica.org/Documentation/ThermoSysPro.WaterSteam.HeatExchangers.DynamicTwoPhaseFlowPipe.html,원시 변수명은 공개 빌드 로그로 확인. 임계값·지연·히스테리시스는 시연용 A-L 가정이며 현장 기준으로 교체 필요.,DCS2,HRSG,Q < PRE_EVENT_BASELINE * 0.5,PRE_EVENT_BASELINE_RATIO,0.5,ratio_to_baseline,LP_Economizer.TwoPhaseFlowPipe.Q[4],100,GT_TRIP_RAW_DATA_0.1s_0-40s.csv,0-10,CALIBRATED_MODEL_DIRECT,Direct model quantity and physical unit available
AL-0298,DCS2,HRSG,dcs2.csv,ABB_HRSG_BOP,HRSG,LP HRSG,LP Economizer Cell 4,M-V_CALCULATED,TSP.MV.LP_ECONOMIZER.WS.P_4;TSP.MV.LP_ECONOMIZER.WS.H_4,LP_Economizer.TwoPhaseFlowPipe.P[4];LP_Economizer.TwoPhaseFlowPipe.h[4],"T_ph(P,h)",HH,LP Economizer Cell 4 유체온도 고고(HH),DISABLED_UNTIL_ABSOLUTE_PHYSICAL_SIGNAL_AVAILABLE,ABSOLUTE_VALUE_PENDING,,,HIGH,2,0.02 ratio,2,HIGH,주황,#FF9500,FALSE,TRUE,TRUE,NONE,FALSE,TRUE,A-L,THERMOSYSPRO_MODEL+ASSUMED_LOGIC,ABSOLUTE_PHYSICAL_VALUE_NOT_AVAILABLE,DISABLED_PENDING_PHYSICAL_OUTPUT,https://build.openmodelica.org/Documentation/ThermoSysPro.WaterSteam.HeatExchangers.DynamicTwoPhaseFlowPipe.html,원시 변수명은 공개 빌드 로그로 확인. 임계값·지연·히스테리시스는 시연용 A-L 가정이며 현장 기준으로 교체 필요.,DCS2,HRSG,"T_ph(P,h) > PRE_EVENT_BASELINE * 1.06",PRE_EVENT_BASELINE_RATIO,1.06,ratio_to_baseline,,,,,DEFERRED_PROPERTY_CALCULATION,P/h property output must be exported and calculated in physical units
AL-0299,DCS2,HRSG,dcs2.csv,ABB_HRSG_BOP,HRSG,LP HRSG,LP Economizer Cell 4,M-V_CALCULATED,TSP.MV.LP_ECONOMIZER.WS.P_4;TSP.MV.LP_ECONOMIZER.WS.H_4,LP_Economizer.TwoPhaseFlowPipe.P[4];LP_Economizer.TwoPhaseFlowPipe.h[4],"T_ph(P,h)",LL,LP Economizer Cell 4 유체온도 저저(LL),DISABLED_UNTIL_ABSOLUTE_PHYSICAL_SIGNAL_AVAILABLE,ABSOLUTE_VALUE_PENDING,,,LOW,2,0.02 ratio,2,HIGH,주황,#FF9500,FALSE,TRUE,TRUE,NONE,FALSE,TRUE,A-L,THERMOSYSPRO_MODEL+ASSUMED_LOGIC,ABSOLUTE_PHYSICAL_VALUE_NOT_AVAILABLE,DISABLED_PENDING_PHYSICAL_OUTPUT,https://build.openmodelica.org/Documentation/ThermoSysPro.WaterSteam.HeatExchangers.DynamicTwoPhaseFlowPipe.html,원시 변수명은 공개 빌드 로그로 확인. 임계값·지연·히스테리시스는 시연용 A-L 가정이며 현장 기준으로 교체 필요.,DCS2,HRSG,"T_ph(P,h) < PRE_EVENT_BASELINE * 0.94",PRE_EVENT_BASELINE_RATIO,0.94,ratio_to_baseline,,,,,DEFERRED_PROPERTY_CALCULATION,P/h property output must be exported and calculated in physical units
AL-0300,DCS2,HRSG,dcs2.csv,ABB_HRSG_BOP,HRSG,LP HRSG,LP Economizer Wall 1,M-V_DIRECT,TSP.MV.LP_ECONOMIZER.WALL.TP_1,LP_Economizer.ExchangerWall.Tp[1],Tp,HH,LP Economizer Wall 1 벽온도 고고(HH),LP_Economizer.ExchangerWall.Tp[1] > 689 K,ABSOLUTE_MODEL_VALUE,689,K,HIGH,3,13 K,2,HIGH,주황,#FF9500,FALSE,TRUE,TRUE,NONE,TRUE,TRUE,A-L,VIRTUAL_MODEL_PRETRIP_CALIBRATION,MODEL_SIGNAL_VERIFIED_ABSOLUTE_THRESHOLD_CALIBRATED,READY_ABSOLUTE_MODEL_VALUE,https://build.openmodelica.org/Documentation/ThermoSysPro.WaterSteam.HeatExchangers.DynamicTwoPhaseFlowPipe.html,원시 변수명은 공개 빌드 로그로 확인. 임계값·지연·히스테리시스는 시연용 A-L 가정이며 현장 기준으로 교체 필요.,DCS2,HRSG,Tp > PRE_EVENT_BASELINE * 1.06,PRE_EVENT_BASELINE_RATIO,1.06,ratio_to_baseline,LP_Economizer.ExchangerWall.Tp[1],650,GT_TRIP_RAW_DATA_0.1s_0-40s.csv,0-10,CALIBRATED_MODEL_DIRECT,Direct model quantity and physical unit available
AL-0301,DCS2,HRSG,dcs2.csv,ABB_HRSG_BOP,HRSG,LP HRSG,LP Economizer Wall 2,M-V_DIRECT,TSP.MV.LP_ECONOMIZER.WALL.TP_2,LP_Economizer.ExchangerWall.Tp[2],Tp,HH,LP Economizer Wall 2 벽온도 고고(HH),LP_Economizer.ExchangerWall.Tp[2] > 689 K,ABSOLUTE_MODEL_VALUE,689,K,HIGH,3,13 K,2,HIGH,주황,#FF9500,FALSE,TRUE,TRUE,NONE,TRUE,TRUE,A-L,VIRTUAL_MODEL_PRETRIP_CALIBRATION,MODEL_SIGNAL_VERIFIED_ABSOLUTE_THRESHOLD_CALIBRATED,READY_ABSOLUTE_MODEL_VALUE,https://build.openmodelica.org/Documentation/ThermoSysPro.WaterSteam.HeatExchangers.DynamicTwoPhaseFlowPipe.html,원시 변수명은 공개 빌드 로그로 확인. 임계값·지연·히스테리시스는 시연용 A-L 가정이며 현장 기준으로 교체 필요.,DCS2,HRSG,Tp > PRE_EVENT_BASELINE * 1.06,PRE_EVENT_BASELINE_RATIO,1.06,ratio_to_baseline,LP_Economizer.ExchangerWall.Tp[2],650,GT_TRIP_RAW_DATA_0.1s_0-40s.csv,0-10,CALIBRATED_MODEL_DIRECT,Direct model quantity and physical unit available
AL-0302,DCS2,HRSG,dcs2.csv,ABB_HRSG_BOP,HRSG,LP HRSG,LP Economizer Wall 3,M-V_DIRECT,TSP.MV.LP_ECONOMIZER.WALL.TP_3,LP_Economizer.ExchangerWall.Tp[3],Tp,HH,LP Economizer Wall 3 벽온도 고고(HH),LP_Economizer.ExchangerWall.Tp[3] > 689 K,ABSOLUTE_MODEL_VALUE,689,K,HIGH,3,13 K,2,HIGH,주황,#FF9500,FALSE,TRUE,TRUE,NONE,TRUE,TRUE,A-L,VIRTUAL_MODEL_PRETRIP_CALIBRATION,MODEL_SIGNAL_VERIFIED_ABSOLUTE_THRESHOLD_CALIBRATED,READY_ABSOLUTE_MODEL_VALUE,https://build.openmodelica.org/Documentation/ThermoSysPro.WaterSteam.HeatExchangers.DynamicTwoPhaseFlowPipe.html,원시 변수명은 공개 빌드 로그로 확인. 임계값·지연·히스테리시스는 시연용 A-L 가정이며 현장 기준으로 교체 필요.,DCS2,HRSG,Tp > PRE_EVENT_BASELINE * 1.06,PRE_EVENT_BASELINE_RATIO,1.06,ratio_to_baseline,LP_Economizer.ExchangerWall.Tp[3],650,GT_TRIP_RAW_DATA_0.1s_0-40s.csv,0-10,CALIBRATED_MODEL_DIRECT,Direct model quantity and physical unit available
AL-0303,DCS2,HRSG,dcs2.csv,ABB_HRSG_BOP,HRSG,LP HRSG,LP Evaporator Cell 1,M-V_DIRECT,TSP.MV.LP_EVAPORATOR.WS.Q_1,LP_Evaporator.TwoPhaseFlowPipe.Q[1],Q,LL,LP Evaporator Cell 1 유량 저저(LL),LP_Evaporator.TwoPhaseFlowPipe.Q[1] < 50 kg/s,ABSOLUTE_MODEL_VALUE,50,kg/s,LOW,2,5 kg/s,2,HIGH,주황,#FF9500,FALSE,TRUE,TRUE,NONE,TRUE,TRUE,A-L,VIRTUAL_MODEL_PRETRIP_CALIBRATION,MODEL_SIGNAL_VERIFIED_ABSOLUTE_THRESHOLD_CALIBRATED,READY_ABSOLUTE_MODEL_VALUE,https://build.openmodelica.org/Documentation/ThermoSysPro.WaterSteam.HeatExchangers.DynamicTwoPhaseFlowPipe.html,원시 변수명은 공개 빌드 로그로 확인. 임계값·지연·히스테리시스는 시연용 A-L 가정이며 현장 기준으로 교체 필요.,DCS2,HRSG,Q < PRE_EVENT_BASELINE * 0.5,PRE_EVENT_BASELINE_RATIO,0.5,ratio_to_baseline,LP_Evaporator.TwoPhaseFlowPipe.Q[1],100,GT_TRIP_RAW_DATA_0.1s_0-40s.csv,0-10,CALIBRATED_MODEL_DIRECT,Direct model quantity and physical unit available
AL-0304,DCS2,HRSG,dcs2.csv,ABB_HRSG_BOP,HRSG,LP HRSG,LP Evaporator Cell 2,M-V_DIRECT,TSP.MV.LP_EVAPORATOR.WS.P_2,LP_Evaporator.TwoPhaseFlowPipe.P[2],P,HH,LP Evaporator Cell 2 압력 고고(HH),LP_Evaporator.TwoPhaseFlowPipe.P[2] > 110 Pa,ABSOLUTE_MODEL_VALUE,110,Pa,HIGH,2,2 Pa,2,HIGH,주황,#FF9500,FALSE,TRUE,TRUE,NONE,TRUE,TRUE,A-L,VIRTUAL_MODEL_PRETRIP_CALIBRATION,MODEL_SIGNAL_VERIFIED_ABSOLUTE_THRESHOLD_CALIBRATED,READY_ABSOLUTE_MODEL_VALUE,https://build.openmodelica.org/Documentation/ThermoSysPro.WaterSteam.HeatExchangers.DynamicTwoPhaseFlowPipe.html,원시 변수명은 공개 빌드 로그로 확인. 임계값·지연·히스테리시스는 시연용 A-L 가정이며 현장 기준으로 교체 필요.,DCS2,HRSG,P > PRE_EVENT_BASELINE * 1.1,PRE_EVENT_BASELINE_RATIO,1.1,ratio_to_baseline,LP_Evaporator.TwoPhaseFlowPipe.P[2],100,GT_TRIP_RAW_DATA_0.1s_0-40s.csv,0-10,CALIBRATED_MODEL_DIRECT,Direct model quantity and physical unit available
AL-0305,DCS2,HRSG,dcs2.csv,ABB_HRSG_BOP,HRSG,LP HRSG,LP Evaporator Cell 2,M-V_DIRECT,TSP.MV.LP_EVAPORATOR.WS.P_2,LP_Evaporator.TwoPhaseFlowPipe.P[2],P,LL,LP Evaporator Cell 2 압력 저저(LL),LP_Evaporator.TwoPhaseFlowPipe.P[2] < 90 Pa,ABSOLUTE_MODEL_VALUE,90,Pa,LOW,2,2 Pa,2,HIGH,주황,#FF9500,FALSE,TRUE,TRUE,NONE,TRUE,TRUE,A-L,VIRTUAL_MODEL_PRETRIP_CALIBRATION,MODEL_SIGNAL_VERIFIED_ABSOLUTE_THRESHOLD_CALIBRATED,READY_ABSOLUTE_MODEL_VALUE,https://build.openmodelica.org/Documentation/ThermoSysPro.WaterSteam.HeatExchangers.DynamicTwoPhaseFlowPipe.html,원시 변수명은 공개 빌드 로그로 확인. 임계값·지연·히스테리시스는 시연용 A-L 가정이며 현장 기준으로 교체 필요.,DCS2,HRSG,P < PRE_EVENT_BASELINE * 0.9,PRE_EVENT_BASELINE_RATIO,0.9,ratio_to_baseline,LP_Evaporator.TwoPhaseFlowPipe.P[2],100,GT_TRIP_RAW_DATA_0.1s_0-40s.csv,0-10,CALIBRATED_MODEL_DIRECT,Direct model quantity and physical unit available
AL-0306,DCS2,HRSG,dcs2.csv,ABB_HRSG_BOP,HRSG,LP HRSG,LP Evaporator Cell 2,M-V_DIRECT,TSP.MV.LP_EVAPORATOR.WS.Q_2,LP_Evaporator.TwoPhaseFlowPipe.Q[2],Q,LL,LP Evaporator Cell 2 유량 저저(LL),LP_Evaporator.TwoPhaseFlowPipe.Q[2] < 50 kg/s,ABSOLUTE_MODEL_VALUE,50,kg/s,LOW,2,5 kg/s,2,HIGH,주황,#FF9500,FALSE,TRUE,TRUE,NONE,TRUE,TRUE,A-L,VIRTUAL_MODEL_PRETRIP_CALIBRATION,MODEL_SIGNAL_VERIFIED_ABSOLUTE_THRESHOLD_CALIBRATED,READY_ABSOLUTE_MODEL_VALUE,https://build.openmodelica.org/Documentation/ThermoSysPro.WaterSteam.HeatExchangers.DynamicTwoPhaseFlowPipe.html,원시 변수명은 공개 빌드 로그로 확인. 임계값·지연·히스테리시스는 시연용 A-L 가정이며 현장 기준으로 교체 필요.,DCS2,HRSG,Q < PRE_EVENT_BASELINE * 0.5,PRE_EVENT_BASELINE_RATIO,0.5,ratio_to_baseline,LP_Evaporator.TwoPhaseFlowPipe.Q[2],100,GT_TRIP_RAW_DATA_0.1s_0-40s.csv,0-10,CALIBRATED_MODEL_DIRECT,Direct model quantity and physical unit available
AL-0307,DCS2,HRSG,dcs2.csv,ABB_HRSG_BOP,HRSG,LP HRSG,LP Evaporator Cell 2,M-V_CALCULATED,TSP.MV.LP_EVAPORATOR.WS.P_2;TSP.MV.LP_EVAPORATOR.WS.H_2,LP_Evaporator.TwoPhaseFlowPipe.P[2];LP_Evaporator.TwoPhaseFlowPipe.h[2],"T_ph(P,h)",HH,LP Evaporator Cell 2 유체온도 고고(HH),DISABLED_UNTIL_ABSOLUTE_PHYSICAL_SIGNAL_AVAILABLE,ABSOLUTE_VALUE_PENDING,,,HIGH,2,0.02 ratio,2,HIGH,주황,#FF9500,FALSE,TRUE,TRUE,NONE,FALSE,TRUE,A-L,THERMOSYSPRO_MODEL+ASSUMED_LOGIC,ABSOLUTE_PHYSICAL_VALUE_NOT_AVAILABLE,DISABLED_PENDING_PHYSICAL_OUTPUT,https://build.openmodelica.org/Documentation/ThermoSysPro.WaterSteam.HeatExchangers.DynamicTwoPhaseFlowPipe.html,원시 변수명은 공개 빌드 로그로 확인. 임계값·지연·히스테리시스는 시연용 A-L 가정이며 현장 기준으로 교체 필요.,DCS2,HRSG,"T_ph(P,h) > PRE_EVENT_BASELINE * 1.06",PRE_EVENT_BASELINE_RATIO,1.06,ratio_to_baseline,,,,,DEFERRED_PROPERTY_CALCULATION,P/h property output must be exported and calculated in physical units
AL-0308,DCS2,HRSG,dcs2.csv,ABB_HRSG_BOP,HRSG,LP HRSG,LP Evaporator Cell 2,M-V_CALCULATED,TSP.MV.LP_EVAPORATOR.WS.P_2;TSP.MV.LP_EVAPORATOR.WS.H_2,LP_Evaporator.TwoPhaseFlowPipe.P[2];LP_Evaporator.TwoPhaseFlowPipe.h[2],"T_ph(P,h)",LL,LP Evaporator Cell 2 유체온도 저저(LL),DISABLED_UNTIL_ABSOLUTE_PHYSICAL_SIGNAL_AVAILABLE,ABSOLUTE_VALUE_PENDING,,,LOW,2,0.02 ratio,2,HIGH,주황,#FF9500,FALSE,TRUE,TRUE,NONE,FALSE,TRUE,A-L,THERMOSYSPRO_MODEL+ASSUMED_LOGIC,ABSOLUTE_PHYSICAL_VALUE_NOT_AVAILABLE,DISABLED_PENDING_PHYSICAL_OUTPUT,https://build.openmodelica.org/Documentation/ThermoSysPro.WaterSteam.HeatExchangers.DynamicTwoPhaseFlowPipe.html,원시 변수명은 공개 빌드 로그로 확인. 임계값·지연·히스테리시스는 시연용 A-L 가정이며 현장 기준으로 교체 필요.,DCS2,HRSG,"T_ph(P,h) < PRE_EVENT_BASELINE * 0.94",PRE_EVENT_BASELINE_RATIO,0.94,ratio_to_baseline,,,,,DEFERRED_PROPERTY_CALCULATION,P/h property output must be exported and calculated in physical units
AL-0309,DCS2,HRSG,dcs2.csv,ABB_HRSG_BOP,HRSG,LP HRSG,LP Evaporator Cell 3,M-V_DIRECT,TSP.MV.LP_EVAPORATOR.WS.P_3,LP_Evaporator.TwoPhaseFlowPipe.P[3],P,HH,LP Evaporator Cell 3 압력 고고(HH),LP_Evaporator.TwoPhaseFlowPipe.P[3] > 110 Pa,ABSOLUTE_MODEL_VALUE,110,Pa,HIGH,2,2 Pa,2,HIGH,주황,#FF9500,FALSE,TRUE,TRUE,NONE,TRUE,TRUE,A-L,VIRTUAL_MODEL_PRETRIP_CALIBRATION,MODEL_SIGNAL_VERIFIED_ABSOLUTE_THRESHOLD_CALIBRATED,READY_ABSOLUTE_MODEL_VALUE,https://build.openmodelica.org/Documentation/ThermoSysPro.WaterSteam.HeatExchangers.DynamicTwoPhaseFlowPipe.html,원시 변수명은 공개 빌드 로그로 확인. 임계값·지연·히스테리시스는 시연용 A-L 가정이며 현장 기준으로 교체 필요.,DCS2,HRSG,P > PRE_EVENT_BASELINE * 1.1,PRE_EVENT_BASELINE_RATIO,1.1,ratio_to_baseline,LP_Evaporator.TwoPhaseFlowPipe.P[3],100,GT_TRIP_RAW_DATA_0.1s_0-40s.csv,0-10,CALIBRATED_MODEL_DIRECT,Direct model quantity and physical unit available
AL-0310,DCS2,HRSG,dcs2.csv,ABB_HRSG_BOP,HRSG,LP HRSG,LP Evaporator Cell 3,M-V_DIRECT,TSP.MV.LP_EVAPORATOR.WS.P_3,LP_Evaporator.TwoPhaseFlowPipe.P[3],P,LL,LP Evaporator Cell 3 압력 저저(LL),LP_Evaporator.TwoPhaseFlowPipe.P[3] < 90 Pa,ABSOLUTE_MODEL_VALUE,90,Pa,LOW,2,2 Pa,2,HIGH,주황,#FF9500,FALSE,TRUE,TRUE,NONE,TRUE,TRUE,A-L,VIRTUAL_MODEL_PRETRIP_CALIBRATION,MODEL_SIGNAL_VERIFIED_ABSOLUTE_THRESHOLD_CALIBRATED,READY_ABSOLUTE_MODEL_VALUE,https://build.openmodelica.org/Documentation/ThermoSysPro.WaterSteam.HeatExchangers.DynamicTwoPhaseFlowPipe.html,원시 변수명은 공개 빌드 로그로 확인. 임계값·지연·히스테리시스는 시연용 A-L 가정이며 현장 기준으로 교체 필요.,DCS2,HRSG,P < PRE_EVENT_BASELINE * 0.9,PRE_EVENT_BASELINE_RATIO,0.9,ratio_to_baseline,LP_Evaporator.TwoPhaseFlowPipe.P[3],100,GT_TRIP_RAW_DATA_0.1s_0-40s.csv,0-10,CALIBRATED_MODEL_DIRECT,Direct model quantity and physical unit available
AL-0311,DCS2,HRSG,dcs2.csv,ABB_HRSG_BOP,HRSG,LP HRSG,LP Evaporator Cell 3,M-V_DIRECT,TSP.MV.LP_EVAPORATOR.WS.Q_3,LP_Evaporator.TwoPhaseFlowPipe.Q[3],Q,LL,LP Evaporator Cell 3 유량 저저(LL),LP_Evaporator.TwoPhaseFlowPipe.Q[3] < 50 kg/s,ABSOLUTE_MODEL_VALUE,50,kg/s,LOW,2,5 kg/s,2,HIGH,주황,#FF9500,FALSE,TRUE,TRUE,NONE,TRUE,TRUE,A-L,VIRTUAL_MODEL_PRETRIP_CALIBRATION,MODEL_SIGNAL_VERIFIED_ABSOLUTE_THRESHOLD_CALIBRATED,READY_ABSOLUTE_MODEL_VALUE,https://build.openmodelica.org/Documentation/ThermoSysPro.WaterSteam.HeatExchangers.DynamicTwoPhaseFlowPipe.html,원시 변수명은 공개 빌드 로그로 확인. 임계값·지연·히스테리시스는 시연용 A-L 가정이며 현장 기준으로 교체 필요.,DCS2,HRSG,Q < PRE_EVENT_BASELINE * 0.5,PRE_EVENT_BASELINE_RATIO,0.5,ratio_to_baseline,LP_Evaporator.TwoPhaseFlowPipe.Q[3],100,GT_TRIP_RAW_DATA_0.1s_0-40s.csv,0-10,CALIBRATED_MODEL_DIRECT,Direct model quantity and physical unit available
AL-0312,DCS2,HRSG,dcs2.csv,ABB_HRSG_BOP,HRSG,LP HRSG,LP Evaporator Cell 3,M-V_CALCULATED,TSP.MV.LP_EVAPORATOR.WS.P_3;TSP.MV.LP_EVAPORATOR.WS.H_3,LP_Evaporator.TwoPhaseFlowPipe.P[3];LP_Evaporator.TwoPhaseFlowPipe.h[3],"T_ph(P,h)",HH,LP Evaporator Cell 3 유체온도 고고(HH),DISABLED_UNTIL_ABSOLUTE_PHYSICAL_SIGNAL_AVAILABLE,ABSOLUTE_VALUE_PENDING,,,HIGH,2,0.02 ratio,2,HIGH,주황,#FF9500,FALSE,TRUE,TRUE,NONE,FALSE,TRUE,A-L,THERMOSYSPRO_MODEL+ASSUMED_LOGIC,ABSOLUTE_PHYSICAL_VALUE_NOT_AVAILABLE,DISABLED_PENDING_PHYSICAL_OUTPUT,https://build.openmodelica.org/Documentation/ThermoSysPro.WaterSteam.HeatExchangers.DynamicTwoPhaseFlowPipe.html,원시 변수명은 공개 빌드 로그로 확인. 임계값·지연·히스테리시스는 시연용 A-L 가정이며 현장 기준으로 교체 필요.,DCS2,HRSG,"T_ph(P,h) > PRE_EVENT_BASELINE * 1.06",PRE_EVENT_BASELINE_RATIO,1.06,ratio_to_baseline,,,,,DEFERRED_PROPERTY_CALCULATION,P/h property output must be exported and calculated in physical units
AL-0313,DCS2,HRSG,dcs2.csv,ABB_HRSG_BOP,HRSG,LP HRSG,LP Evaporator Cell 3,M-V_CALCULATED,TSP.MV.LP_EVAPORATOR.WS.P_3;TSP.MV.LP_EVAPORATOR.WS.H_3,LP_Evaporator.TwoPhaseFlowPipe.P[3];LP_Evaporator.TwoPhaseFlowPipe.h[3],"T_ph(P,h)",LL,LP Evaporator Cell 3 유체온도 저저(LL),DISABLED_UNTIL_ABSOLUTE_PHYSICAL_SIGNAL_AVAILABLE,ABSOLUTE_VALUE_PENDING,,,LOW,2,0.02 ratio,2,HIGH,주황,#FF9500,FALSE,TRUE,TRUE,NONE,FALSE,TRUE,A-L,THERMOSYSPRO_MODEL+ASSUMED_LOGIC,ABSOLUTE_PHYSICAL_VALUE_NOT_AVAILABLE,DISABLED_PENDING_PHYSICAL_OUTPUT,https://build.openmodelica.org/Documentation/ThermoSysPro.WaterSteam.HeatExchangers.DynamicTwoPhaseFlowPipe.html,원시 변수명은 공개 빌드 로그로 확인. 임계값·지연·히스테리시스는 시연용 A-L 가정이며 현장 기준으로 교체 필요.,DCS2,HRSG,"T_ph(P,h) < PRE_EVENT_BASELINE * 0.94",PRE_EVENT_BASELINE_RATIO,0.94,ratio_to_baseline,,,,,DEFERRED_PROPERTY_CALCULATION,P/h property output must be exported and calculated in physical units
AL-0314,DCS2,HRSG,dcs2.csv,ABB_HRSG_BOP,HRSG,LP HRSG,LP Evaporator Cell 4,M-V_DIRECT,TSP.MV.LP_EVAPORATOR.WS.P_4,LP_Evaporator.TwoPhaseFlowPipe.P[4],P,HH,LP Evaporator Cell 4 압력 고고(HH),LP_Evaporator.TwoPhaseFlowPipe.P[4] > 110 Pa,ABSOLUTE_MODEL_VALUE,110,Pa,HIGH,2,2 Pa,2,HIGH,주황,#FF9500,FALSE,TRUE,TRUE,NONE,TRUE,TRUE,A-L,VIRTUAL_MODEL_PRETRIP_CALIBRATION,MODEL_SIGNAL_VERIFIED_ABSOLUTE_THRESHOLD_CALIBRATED,READY_ABSOLUTE_MODEL_VALUE,https://build.openmodelica.org/Documentation/ThermoSysPro.WaterSteam.HeatExchangers.DynamicTwoPhaseFlowPipe.html,원시 변수명은 공개 빌드 로그로 확인. 임계값·지연·히스테리시스는 시연용 A-L 가정이며 현장 기준으로 교체 필요.,DCS2,HRSG,P > PRE_EVENT_BASELINE * 1.1,PRE_EVENT_BASELINE_RATIO,1.1,ratio_to_baseline,LP_Evaporator.TwoPhaseFlowPipe.P[4],100,GT_TRIP_RAW_DATA_0.1s_0-40s.csv,0-10,CALIBRATED_MODEL_DIRECT,Direct model quantity and physical unit available
AL-0315,DCS2,HRSG,dcs2.csv,ABB_HRSG_BOP,HRSG,LP HRSG,LP Evaporator Cell 4,M-V_DIRECT,TSP.MV.LP_EVAPORATOR.WS.P_4,LP_Evaporator.TwoPhaseFlowPipe.P[4],P,LL,LP Evaporator Cell 4 압력 저저(LL),LP_Evaporator.TwoPhaseFlowPipe.P[4] < 90 Pa,ABSOLUTE_MODEL_VALUE,90,Pa,LOW,2,2 Pa,2,HIGH,주황,#FF9500,FALSE,TRUE,TRUE,NONE,TRUE,TRUE,A-L,VIRTUAL_MODEL_PRETRIP_CALIBRATION,MODEL_SIGNAL_VERIFIED_ABSOLUTE_THRESHOLD_CALIBRATED,READY_ABSOLUTE_MODEL_VALUE,https://build.openmodelica.org/Documentation/ThermoSysPro.WaterSteam.HeatExchangers.DynamicTwoPhaseFlowPipe.html,원시 변수명은 공개 빌드 로그로 확인. 임계값·지연·히스테리시스는 시연용 A-L 가정이며 현장 기준으로 교체 필요.,DCS2,HRSG,P < PRE_EVENT_BASELINE * 0.9,PRE_EVENT_BASELINE_RATIO,0.9,ratio_to_baseline,LP_Evaporator.TwoPhaseFlowPipe.P[4],100,GT_TRIP_RAW_DATA_0.1s_0-40s.csv,0-10,CALIBRATED_MODEL_DIRECT,Direct model quantity and physical unit available
AL-0316,DCS2,HRSG,dcs2.csv,ABB_HRSG_BOP,HRSG,LP HRSG,LP Evaporator Cell 4,M-V_DIRECT,TSP.MV.LP_EVAPORATOR.WS.Q_4,LP_Evaporator.TwoPhaseFlowPipe.Q[4],Q,LL,LP Evaporator Cell 4 유량 저저(LL),LP_Evaporator.TwoPhaseFlowPipe.Q[4] < 50 kg/s,ABSOLUTE_MODEL_VALUE,50,kg/s,LOW,2,5 kg/s,2,HIGH,주황,#FF9500,FALSE,TRUE,TRUE,NONE,TRUE,TRUE,A-L,VIRTUAL_MODEL_PRETRIP_CALIBRATION,MODEL_SIGNAL_VERIFIED_ABSOLUTE_THRESHOLD_CALIBRATED,READY_ABSOLUTE_MODEL_VALUE,https://build.openmodelica.org/Documentation/ThermoSysPro.WaterSteam.HeatExchangers.DynamicTwoPhaseFlowPipe.html,원시 변수명은 공개 빌드 로그로 확인. 임계값·지연·히스테리시스는 시연용 A-L 가정이며 현장 기준으로 교체 필요.,DCS2,HRSG,Q < PRE_EVENT_BASELINE * 0.5,PRE_EVENT_BASELINE_RATIO,0.5,ratio_to_baseline,LP_Evaporator.TwoPhaseFlowPipe.Q[4],100,GT_TRIP_RAW_DATA_0.1s_0-40s.csv,0-10,CALIBRATED_MODEL_DIRECT,Direct model quantity and physical unit available
AL-0317,DCS2,HRSG,dcs2.csv,ABB_HRSG_BOP,HRSG,LP HRSG,LP Evaporator Cell 4,M-V_CALCULATED,TSP.MV.LP_EVAPORATOR.WS.P_4;TSP.MV.LP_EVAPORATOR.WS.H_4,LP_Evaporator.TwoPhaseFlowPipe.P[4];LP_Evaporator.TwoPhaseFlowPipe.h[4],"T_ph(P,h)",HH,LP Evaporator Cell 4 유체온도 고고(HH),DISABLED_UNTIL_ABSOLUTE_PHYSICAL_SIGNAL_AVAILABLE,ABSOLUTE_VALUE_PENDING,,,HIGH,2,0.02 ratio,2,HIGH,주황,#FF9500,FALSE,TRUE,TRUE,NONE,FALSE,TRUE,A-L,THERMOSYSPRO_MODEL+ASSUMED_LOGIC,ABSOLUTE_PHYSICAL_VALUE_NOT_AVAILABLE,DISABLED_PENDING_PHYSICAL_OUTPUT,https://build.openmodelica.org/Documentation/ThermoSysPro.WaterSteam.HeatExchangers.DynamicTwoPhaseFlowPipe.html,원시 변수명은 공개 빌드 로그로 확인. 임계값·지연·히스테리시스는 시연용 A-L 가정이며 현장 기준으로 교체 필요.,DCS2,HRSG,"T_ph(P,h) > PRE_EVENT_BASELINE * 1.06",PRE_EVENT_BASELINE_RATIO,1.06,ratio_to_baseline,,,,,DEFERRED_PROPERTY_CALCULATION,P/h property output must be exported and calculated in physical units
AL-0318,DCS2,HRSG,dcs2.csv,ABB_HRSG_BOP,HRSG,LP HRSG,LP Evaporator Cell 4,M-V_CALCULATED,TSP.MV.LP_EVAPORATOR.WS.P_4;TSP.MV.LP_EVAPORATOR.WS.H_4,LP_Evaporator.TwoPhaseFlowPipe.P[4];LP_Evaporator.TwoPhaseFlowPipe.h[4],"T_ph(P,h)",LL,LP Evaporator Cell 4 유체온도 저저(LL),DISABLED_UNTIL_ABSOLUTE_PHYSICAL_SIGNAL_AVAILABLE,ABSOLUTE_VALUE_PENDING,,,LOW,2,0.02 ratio,2,HIGH,주황,#FF9500,FALSE,TRUE,TRUE,NONE,FALSE,TRUE,A-L,THERMOSYSPRO_MODEL+ASSUMED_LOGIC,ABSOLUTE_PHYSICAL_VALUE_NOT_AVAILABLE,DISABLED_PENDING_PHYSICAL_OUTPUT,https://build.openmodelica.org/Documentation/ThermoSysPro.WaterSteam.HeatExchangers.DynamicTwoPhaseFlowPipe.html,원시 변수명은 공개 빌드 로그로 확인. 임계값·지연·히스테리시스는 시연용 A-L 가정이며 현장 기준으로 교체 필요.,DCS2,HRSG,"T_ph(P,h) < PRE_EVENT_BASELINE * 0.94",PRE_EVENT_BASELINE_RATIO,0.94,ratio_to_baseline,,,,,DEFERRED_PROPERTY_CALCULATION,P/h property output must be exported and calculated in physical units
AL-0319,DCS2,HRSG,dcs2.csv,ABB_HRSG_BOP,HRSG,LP HRSG,LP Evaporator Wall 1,M-V_DIRECT,TSP.MV.LP_EVAPORATOR.WALL.TP_1,LP_Evaporator.ExchangerWall.Tp[1],Tp,HH,LP Evaporator Wall 1 벽온도 고고(HH),LP_Evaporator.ExchangerWall.Tp[1] > 106 K,ABSOLUTE_MODEL_VALUE,106,K,HIGH,3,2 K,2,HIGH,주황,#FF9500,FALSE,TRUE,TRUE,NONE,TRUE,TRUE,A-L,VIRTUAL_MODEL_PRETRIP_CALIBRATION,MODEL_SIGNAL_VERIFIED_ABSOLUTE_THRESHOLD_CALIBRATED,READY_ABSOLUTE_MODEL_VALUE,https://build.openmodelica.org/Documentation/ThermoSysPro.WaterSteam.HeatExchangers.DynamicTwoPhaseFlowPipe.html,원시 변수명은 공개 빌드 로그로 확인. 임계값·지연·히스테리시스는 시연용 A-L 가정이며 현장 기준으로 교체 필요.,DCS2,HRSG,Tp > PRE_EVENT_BASELINE * 1.06,PRE_EVENT_BASELINE_RATIO,1.06,ratio_to_baseline,LP_Evaporator.ExchangerWall.Tp[1],100,GT_TRIP_RAW_DATA_0.1s_0-40s.csv,0-10,CALIBRATED_MODEL_DIRECT,Direct model quantity and physical unit available
AL-0320,DCS2,HRSG,dcs2.csv,ABB_HRSG_BOP,HRSG,LP HRSG,LP Evaporator Wall 2,M-V_DIRECT,TSP.MV.LP_EVAPORATOR.WALL.TP_2,LP_Evaporator.ExchangerWall.Tp[2],Tp,HH,LP Evaporator Wall 2 벽온도 고고(HH),LP_Evaporator.ExchangerWall.Tp[2] > 106 K,ABSOLUTE_MODEL_VALUE,106,K,HIGH,3,2 K,2,HIGH,주황,#FF9500,FALSE,TRUE,TRUE,NONE,TRUE,TRUE,A-L,VIRTUAL_MODEL_PRETRIP_CALIBRATION,MODEL_SIGNAL_VERIFIED_ABSOLUTE_THRESHOLD_CALIBRATED,READY_ABSOLUTE_MODEL_VALUE,https://build.openmodelica.org/Documentation/ThermoSysPro.WaterSteam.HeatExchangers.DynamicTwoPhaseFlowPipe.html,원시 변수명은 공개 빌드 로그로 확인. 임계값·지연·히스테리시스는 시연용 A-L 가정이며 현장 기준으로 교체 필요.,DCS2,HRSG,Tp > PRE_EVENT_BASELINE * 1.06,PRE_EVENT_BASELINE_RATIO,1.06,ratio_to_baseline,LP_Evaporator.ExchangerWall.Tp[2],100,GT_TRIP_RAW_DATA_0.1s_0-40s.csv,0-10,CALIBRATED_MODEL_DIRECT,Direct model quantity and physical unit available
AL-0321,DCS2,HRSG,dcs2.csv,ABB_HRSG_BOP,HRSG,LP HRSG,LP Evaporator Wall 3,M-V_DIRECT,TSP.MV.LP_EVAPORATOR.WALL.TP_3,LP_Evaporator.ExchangerWall.Tp[3],Tp,HH,LP Evaporator Wall 3 벽온도 고고(HH),LP_Evaporator.ExchangerWall.Tp[3] > 106 K,ABSOLUTE_MODEL_VALUE,106,K,HIGH,3,2 K,2,HIGH,주황,#FF9500,FALSE,TRUE,TRUE,NONE,TRUE,TRUE,A-L,VIRTUAL_MODEL_PRETRIP_CALIBRATION,MODEL_SIGNAL_VERIFIED_ABSOLUTE_THRESHOLD_CALIBRATED,READY_ABSOLUTE_MODEL_VALUE,https://build.openmodelica.org/Documentation/ThermoSysPro.WaterSteam.HeatExchangers.DynamicTwoPhaseFlowPipe.html,원시 변수명은 공개 빌드 로그로 확인. 임계값·지연·히스테리시스는 시연용 A-L 가정이며 현장 기준으로 교체 필요.,DCS2,HRSG,Tp > PRE_EVENT_BASELINE * 1.06,PRE_EVENT_BASELINE_RATIO,1.06,ratio_to_baseline,LP_Evaporator.ExchangerWall.Tp[3],100,GT_TRIP_RAW_DATA_0.1s_0-40s.csv,0-10,CALIBRATED_MODEL_DIRECT,Direct model quantity and physical unit available
AL-0322,DCS2,HRSG,dcs2.csv,ABB_HRSG_BOP,HRSG,LP HRSG,LP Superheater Cell 2,M-V_DIRECT,TSP.MV.LP_SUPERHEATER.WS.P_2,LP_SuperHeater.TwoPhaseFlowPipe.P[2],P,HH,LP Superheater Cell 2 압력 고고(HH),LP_SuperHeater.TwoPhaseFlowPipe.P[2] > 110 Pa,ABSOLUTE_MODEL_VALUE,110,Pa,HIGH,2,2 Pa,2,HIGH,주황,#FF9500,FALSE,TRUE,TRUE,NONE,TRUE,TRUE,A-L,VIRTUAL_MODEL_PRETRIP_CALIBRATION,MODEL_SIGNAL_VERIFIED_ABSOLUTE_THRESHOLD_CALIBRATED,READY_ABSOLUTE_MODEL_VALUE,https://build.openmodelica.org/Documentation/ThermoSysPro.WaterSteam.HeatExchangers.DynamicTwoPhaseFlowPipe.html,원시 변수명은 공개 빌드 로그로 확인. 임계값·지연·히스테리시스는 시연용 A-L 가정이며 현장 기준으로 교체 필요.,DCS2,HRSG,P > PRE_EVENT_BASELINE * 1.1,PRE_EVENT_BASELINE_RATIO,1.1,ratio_to_baseline,LP_SuperHeater.TwoPhaseFlowPipe.P[2],100,GT_TRIP_RAW_DATA_0.1s_0-40s.csv,0-10,CALIBRATED_MODEL_DIRECT,Direct model quantity and physical unit available
AL-0323,DCS2,HRSG,dcs2.csv,ABB_HRSG_BOP,HRSG,LP HRSG,LP Superheater Cell 2,M-V_DIRECT,TSP.MV.LP_SUPERHEATER.WS.P_2,LP_SuperHeater.TwoPhaseFlowPipe.P[2],P,LL,LP Superheater Cell 2 압력 저저(LL),LP_SuperHeater.TwoPhaseFlowPipe.P[2] < 90 Pa,ABSOLUTE_MODEL_VALUE,90,Pa,LOW,2,2 Pa,2,HIGH,주황,#FF9500,FALSE,TRUE,TRUE,NONE,TRUE,TRUE,A-L,VIRTUAL_MODEL_PRETRIP_CALIBRATION,MODEL_SIGNAL_VERIFIED_ABSOLUTE_THRESHOLD_CALIBRATED,READY_ABSOLUTE_MODEL_VALUE,https://build.openmodelica.org/Documentation/ThermoSysPro.WaterSteam.HeatExchangers.DynamicTwoPhaseFlowPipe.html,원시 변수명은 공개 빌드 로그로 확인. 임계값·지연·히스테리시스는 시연용 A-L 가정이며 현장 기준으로 교체 필요.,DCS2,HRSG,P < PRE_EVENT_BASELINE * 0.9,PRE_EVENT_BASELINE_RATIO,0.9,ratio_to_baseline,LP_SuperHeater.TwoPhaseFlowPipe.P[2],100,GT_TRIP_RAW_DATA_0.1s_0-40s.csv,0-10,CALIBRATED_MODEL_DIRECT,Direct model quantity and physical unit available
AL-0324,DCS2,HRSG,dcs2.csv,ABB_HRSG_BOP,HRSG,LP HRSG,LP Superheater Cell 2,M-V_CALCULATED,TSP.MV.LP_SUPERHEATER.WS.P_2;TSP.MV.LP_SUPERHEATER.WS.H_2,LP_SuperHeater.TwoPhaseFlowPipe.P[2];LP_SuperHeater.TwoPhaseFlowPipe.h[2],"T_ph(P,h)",HH,LP Superheater Cell 2 유체온도 고고(HH),DISABLED_UNTIL_ABSOLUTE_PHYSICAL_SIGNAL_AVAILABLE,ABSOLUTE_VALUE_PENDING,,,HIGH,2,0.02 ratio,2,HIGH,주황,#FF9500,FALSE,TRUE,TRUE,NONE,FALSE,TRUE,A-L,THERMOSYSPRO_MODEL+ASSUMED_LOGIC,ABSOLUTE_PHYSICAL_VALUE_NOT_AVAILABLE,DISABLED_PENDING_PHYSICAL_OUTPUT,https://build.openmodelica.org/Documentation/ThermoSysPro.WaterSteam.HeatExchangers.DynamicTwoPhaseFlowPipe.html,원시 변수명은 공개 빌드 로그로 확인. 임계값·지연·히스테리시스는 시연용 A-L 가정이며 현장 기준으로 교체 필요.,DCS2,HRSG,"T_ph(P,h) > PRE_EVENT_BASELINE * 1.06",PRE_EVENT_BASELINE_RATIO,1.06,ratio_to_baseline,,,,,DEFERRED_PROPERTY_CALCULATION,P/h property output must be exported and calculated in physical units
AL-0325,DCS2,HRSG,dcs2.csv,ABB_HRSG_BOP,HRSG,LP HRSG,LP Superheater Cell 2,M-V_CALCULATED,TSP.MV.LP_SUPERHEATER.WS.P_2;TSP.MV.LP_SUPERHEATER.WS.H_2,LP_SuperHeater.TwoPhaseFlowPipe.P[2];LP_SuperHeater.TwoPhaseFlowPipe.h[2],"T_ph(P,h)",LL,LP Superheater Cell 2 유체온도 저저(LL),DISABLED_UNTIL_ABSOLUTE_PHYSICAL_SIGNAL_AVAILABLE,ABSOLUTE_VALUE_PENDING,,,LOW,2,0.02 ratio,2,HIGH,주황,#FF9500,FALSE,TRUE,TRUE,NONE,FALSE,TRUE,A-L,THERMOSYSPRO_MODEL+ASSUMED_LOGIC,ABSOLUTE_PHYSICAL_VALUE_NOT_AVAILABLE,DISABLED_PENDING_PHYSICAL_OUTPUT,https://build.openmodelica.org/Documentation/ThermoSysPro.WaterSteam.HeatExchangers.DynamicTwoPhaseFlowPipe.html,원시 변수명은 공개 빌드 로그로 확인. 임계값·지연·히스테리시스는 시연용 A-L 가정이며 현장 기준으로 교체 필요.,DCS2,HRSG,"T_ph(P,h) < PRE_EVENT_BASELINE * 0.94",PRE_EVENT_BASELINE_RATIO,0.94,ratio_to_baseline,,,,,DEFERRED_PROPERTY_CALCULATION,P/h property output must be exported and calculated in physical units
AL-0326,DCS2,HRSG,dcs2.csv,ABB_HRSG_BOP,HRSG,LP HRSG,LP Superheater Cell 3,M-V_DIRECT,TSP.MV.LP_SUPERHEATER.WS.P_3,LP_SuperHeater.TwoPhaseFlowPipe.P[3],P,HH,LP Superheater Cell 3 압력 고고(HH),LP_SuperHeater.TwoPhaseFlowPipe.P[3] > 110 Pa,ABSOLUTE_MODEL_VALUE,110,Pa,HIGH,2,2 Pa,2,HIGH,주황,#FF9500,FALSE,TRUE,TRUE,NONE,TRUE,TRUE,A-L,VIRTUAL_MODEL_PRETRIP_CALIBRATION,MODEL_SIGNAL_VERIFIED_ABSOLUTE_THRESHOLD_CALIBRATED,READY_ABSOLUTE_MODEL_VALUE,https://build.openmodelica.org/Documentation/ThermoSysPro.WaterSteam.HeatExchangers.DynamicTwoPhaseFlowPipe.html,원시 변수명은 공개 빌드 로그로 확인. 임계값·지연·히스테리시스는 시연용 A-L 가정이며 현장 기준으로 교체 필요.,DCS2,HRSG,P > PRE_EVENT_BASELINE * 1.1,PRE_EVENT_BASELINE_RATIO,1.1,ratio_to_baseline,LP_SuperHeater.TwoPhaseFlowPipe.P[3],100,GT_TRIP_RAW_DATA_0.1s_0-40s.csv,0-10,CALIBRATED_MODEL_DIRECT,Direct model quantity and physical unit available
AL-0327,DCS2,HRSG,dcs2.csv,ABB_HRSG_BOP,HRSG,LP HRSG,LP Superheater Cell 3,M-V_DIRECT,TSP.MV.LP_SUPERHEATER.WS.P_3,LP_SuperHeater.TwoPhaseFlowPipe.P[3],P,LL,LP Superheater Cell 3 압력 저저(LL),LP_SuperHeater.TwoPhaseFlowPipe.P[3] < 90 Pa,ABSOLUTE_MODEL_VALUE,90,Pa,LOW,2,2 Pa,2,HIGH,주황,#FF9500,FALSE,TRUE,TRUE,NONE,TRUE,TRUE,A-L,VIRTUAL_MODEL_PRETRIP_CALIBRATION,MODEL_SIGNAL_VERIFIED_ABSOLUTE_THRESHOLD_CALIBRATED,READY_ABSOLUTE_MODEL_VALUE,https://build.openmodelica.org/Documentation/ThermoSysPro.WaterSteam.HeatExchangers.DynamicTwoPhaseFlowPipe.html,원시 변수명은 공개 빌드 로그로 확인. 임계값·지연·히스테리시스는 시연용 A-L 가정이며 현장 기준으로 교체 필요.,DCS2,HRSG,P < PRE_EVENT_BASELINE * 0.9,PRE_EVENT_BASELINE_RATIO,0.9,ratio_to_baseline,LP_SuperHeater.TwoPhaseFlowPipe.P[3],100,GT_TRIP_RAW_DATA_0.1s_0-40s.csv,0-10,CALIBRATED_MODEL_DIRECT,Direct model quantity and physical unit available
AL-0328,DCS2,HRSG,dcs2.csv,ABB_HRSG_BOP,HRSG,LP HRSG,LP Superheater Cell 3,M-V_CALCULATED,TSP.MV.LP_SUPERHEATER.WS.P_3;TSP.MV.LP_SUPERHEATER.WS.H_3,LP_SuperHeater.TwoPhaseFlowPipe.P[3];LP_SuperHeater.TwoPhaseFlowPipe.h[3],"T_ph(P,h)",HH,LP Superheater Cell 3 유체온도 고고(HH),DISABLED_UNTIL_ABSOLUTE_PHYSICAL_SIGNAL_AVAILABLE,ABSOLUTE_VALUE_PENDING,,,HIGH,2,0.02 ratio,2,HIGH,주황,#FF9500,FALSE,TRUE,TRUE,NONE,FALSE,TRUE,A-L,THERMOSYSPRO_MODEL+ASSUMED_LOGIC,ABSOLUTE_PHYSICAL_VALUE_NOT_AVAILABLE,DISABLED_PENDING_PHYSICAL_OUTPUT,https://build.openmodelica.org/Documentation/ThermoSysPro.WaterSteam.HeatExchangers.DynamicTwoPhaseFlowPipe.html,원시 변수명은 공개 빌드 로그로 확인. 임계값·지연·히스테리시스는 시연용 A-L 가정이며 현장 기준으로 교체 필요.,DCS2,HRSG,"T_ph(P,h) > PRE_EVENT_BASELINE * 1.06",PRE_EVENT_BASELINE_RATIO,1.06,ratio_to_baseline,,,,,DEFERRED_PROPERTY_CALCULATION,P/h property output must be exported and calculated in physical units
AL-0329,DCS2,HRSG,dcs2.csv,ABB_HRSG_BOP,HRSG,LP HRSG,LP Superheater Cell 3,M-V_CALCULATED,TSP.MV.LP_SUPERHEATER.WS.P_3;TSP.MV.LP_SUPERHEATER.WS.H_3,LP_SuperHeater.TwoPhaseFlowPipe.P[3];LP_SuperHeater.TwoPhaseFlowPipe.h[3],"T_ph(P,h)",LL,LP Superheater Cell 3 유체온도 저저(LL),DISABLED_UNTIL_ABSOLUTE_PHYSICAL_SIGNAL_AVAILABLE,ABSOLUTE_VALUE_PENDING,,,LOW,2,0.02 ratio,2,HIGH,주황,#FF9500,FALSE,TRUE,TRUE,NONE,FALSE,TRUE,A-L,THERMOSYSPRO_MODEL+ASSUMED_LOGIC,ABSOLUTE_PHYSICAL_VALUE_NOT_AVAILABLE,DISABLED_PENDING_PHYSICAL_OUTPUT,https://build.openmodelica.org/Documentation/ThermoSysPro.WaterSteam.HeatExchangers.DynamicTwoPhaseFlowPipe.html,원시 변수명은 공개 빌드 로그로 확인. 임계값·지연·히스테리시스는 시연용 A-L 가정이며 현장 기준으로 교체 필요.,DCS2,HRSG,"T_ph(P,h) < PRE_EVENT_BASELINE * 0.94",PRE_EVENT_BASELINE_RATIO,0.94,ratio_to_baseline,,,,,DEFERRED_PROPERTY_CALCULATION,P/h property output must be exported and calculated in physical units
AL-0330,DCS2,HRSG,dcs2.csv,ABB_HRSG_BOP,HRSG,LP HRSG,LP Superheater Cell 4,M-V_DIRECT,TSP.MV.LP_SUPERHEATER.WS.P_4,LP_SuperHeater.TwoPhaseFlowPipe.P[4],P,HH,LP Superheater Cell 4 압력 고고(HH),LP_SuperHeater.TwoPhaseFlowPipe.P[4] > 110 Pa,ABSOLUTE_MODEL_VALUE,110,Pa,HIGH,2,2 Pa,2,HIGH,주황,#FF9500,FALSE,TRUE,TRUE,NONE,TRUE,TRUE,A-L,VIRTUAL_MODEL_PRETRIP_CALIBRATION,MODEL_SIGNAL_VERIFIED_ABSOLUTE_THRESHOLD_CALIBRATED,READY_ABSOLUTE_MODEL_VALUE,https://build.openmodelica.org/Documentation/ThermoSysPro.WaterSteam.HeatExchangers.DynamicTwoPhaseFlowPipe.html,원시 변수명은 공개 빌드 로그로 확인. 임계값·지연·히스테리시스는 시연용 A-L 가정이며 현장 기준으로 교체 필요.,DCS2,HRSG,P > PRE_EVENT_BASELINE * 1.1,PRE_EVENT_BASELINE_RATIO,1.1,ratio_to_baseline,LP_SuperHeater.TwoPhaseFlowPipe.P[4],100,GT_TRIP_RAW_DATA_0.1s_0-40s.csv,0-10,CALIBRATED_MODEL_DIRECT,Direct model quantity and physical unit available
AL-0331,DCS2,HRSG,dcs2.csv,ABB_HRSG_BOP,HRSG,LP HRSG,LP Superheater Cell 4,M-V_DIRECT,TSP.MV.LP_SUPERHEATER.WS.P_4,LP_SuperHeater.TwoPhaseFlowPipe.P[4],P,LL,LP Superheater Cell 4 압력 저저(LL),LP_SuperHeater.TwoPhaseFlowPipe.P[4] < 90 Pa,ABSOLUTE_MODEL_VALUE,90,Pa,LOW,2,2 Pa,2,HIGH,주황,#FF9500,FALSE,TRUE,TRUE,NONE,TRUE,TRUE,A-L,VIRTUAL_MODEL_PRETRIP_CALIBRATION,MODEL_SIGNAL_VERIFIED_ABSOLUTE_THRESHOLD_CALIBRATED,READY_ABSOLUTE_MODEL_VALUE,https://build.openmodelica.org/Documentation/ThermoSysPro.WaterSteam.HeatExchangers.DynamicTwoPhaseFlowPipe.html,원시 변수명은 공개 빌드 로그로 확인. 임계값·지연·히스테리시스는 시연용 A-L 가정이며 현장 기준으로 교체 필요.,DCS2,HRSG,P < PRE_EVENT_BASELINE * 0.9,PRE_EVENT_BASELINE_RATIO,0.9,ratio_to_baseline,LP_SuperHeater.TwoPhaseFlowPipe.P[4],100,GT_TRIP_RAW_DATA_0.1s_0-40s.csv,0-10,CALIBRATED_MODEL_DIRECT,Direct model quantity and physical unit available
AL-0332,DCS2,HRSG,dcs2.csv,ABB_HRSG_BOP,HRSG,LP HRSG,LP Superheater Cell 4,M-V_CALCULATED,TSP.MV.LP_SUPERHEATER.WS.P_4;TSP.MV.LP_SUPERHEATER.WS.H_4,LP_SuperHeater.TwoPhaseFlowPipe.P[4];LP_SuperHeater.TwoPhaseFlowPipe.h[4],"T_ph(P,h)",HH,LP Superheater Cell 4 유체온도 고고(HH),DISABLED_UNTIL_ABSOLUTE_PHYSICAL_SIGNAL_AVAILABLE,ABSOLUTE_VALUE_PENDING,,,HIGH,2,0.02 ratio,2,HIGH,주황,#FF9500,FALSE,TRUE,TRUE,NONE,FALSE,TRUE,A-L,THERMOSYSPRO_MODEL+ASSUMED_LOGIC,ABSOLUTE_PHYSICAL_VALUE_NOT_AVAILABLE,DISABLED_PENDING_PHYSICAL_OUTPUT,https://build.openmodelica.org/Documentation/ThermoSysPro.WaterSteam.HeatExchangers.DynamicTwoPhaseFlowPipe.html,원시 변수명은 공개 빌드 로그로 확인. 임계값·지연·히스테리시스는 시연용 A-L 가정이며 현장 기준으로 교체 필요.,DCS2,HRSG,"T_ph(P,h) > PRE_EVENT_BASELINE * 1.06",PRE_EVENT_BASELINE_RATIO,1.06,ratio_to_baseline,,,,,DEFERRED_PROPERTY_CALCULATION,P/h property output must be exported and calculated in physical units
AL-0333,DCS2,HRSG,dcs2.csv,ABB_HRSG_BOP,HRSG,LP HRSG,LP Superheater Cell 4,M-V_CALCULATED,TSP.MV.LP_SUPERHEATER.WS.P_4;TSP.MV.LP_SUPERHEATER.WS.H_4,LP_SuperHeater.TwoPhaseFlowPipe.P[4];LP_SuperHeater.TwoPhaseFlowPipe.h[4],"T_ph(P,h)",LL,LP Superheater Cell 4 유체온도 저저(LL),DISABLED_UNTIL_ABSOLUTE_PHYSICAL_SIGNAL_AVAILABLE,ABSOLUTE_VALUE_PENDING,,,LOW,2,0.02 ratio,2,HIGH,주황,#FF9500,FALSE,TRUE,TRUE,NONE,FALSE,TRUE,A-L,THERMOSYSPRO_MODEL+ASSUMED_LOGIC,ABSOLUTE_PHYSICAL_VALUE_NOT_AVAILABLE,DISABLED_PENDING_PHYSICAL_OUTPUT,https://build.openmodelica.org/Documentation/ThermoSysPro.WaterSteam.HeatExchangers.DynamicTwoPhaseFlowPipe.html,원시 변수명은 공개 빌드 로그로 확인. 임계값·지연·히스테리시스는 시연용 A-L 가정이며 현장 기준으로 교체 필요.,DCS2,HRSG,"T_ph(P,h) < PRE_EVENT_BASELINE * 0.94",PRE_EVENT_BASELINE_RATIO,0.94,ratio_to_baseline,,,,,DEFERRED_PROPERTY_CALCULATION,P/h property output must be exported and calculated in physical units
AL-0334,DCS2,HRSG,dcs2.csv,ABB_HRSG_BOP,HRSG,LP HRSG,LP Superheater Wall 1,M-V_DIRECT,TSP.MV.LP_SUPERHEATER.WALL.TP_1,LP_SuperHeater.ExchangerWall.Tp[1],Tp,HH,LP Superheater Wall 1 벽온도 고고(HH),LP_SuperHeater.ExchangerWall.Tp[1] > 106 K,ABSOLUTE_MODEL_VALUE,106,K,HIGH,3,2 K,2,HIGH,주황,#FF9500,FALSE,TRUE,TRUE,NONE,TRUE,TRUE,A-L,VIRTUAL_MODEL_PRETRIP_CALIBRATION,MODEL_SIGNAL_VERIFIED_ABSOLUTE_THRESHOLD_CALIBRATED,READY_ABSOLUTE_MODEL_VALUE,https://build.openmodelica.org/Documentation/ThermoSysPro.WaterSteam.HeatExchangers.DynamicTwoPhaseFlowPipe.html,원시 변수명은 공개 빌드 로그로 확인. 임계값·지연·히스테리시스는 시연용 A-L 가정이며 현장 기준으로 교체 필요.,DCS2,HRSG,Tp > PRE_EVENT_BASELINE * 1.06,PRE_EVENT_BASELINE_RATIO,1.06,ratio_to_baseline,LP_SuperHeater.ExchangerWall.Tp[1],100,GT_TRIP_RAW_DATA_0.1s_0-40s.csv,0-10,CALIBRATED_MODEL_DIRECT,Direct model quantity and physical unit available
AL-0335,DCS2,HRSG,dcs2.csv,ABB_HRSG_BOP,HRSG,LP HRSG,LP Superheater Wall 2,M-V_DIRECT,TSP.MV.LP_SUPERHEATER.WALL.TP_2,LP_SuperHeater.ExchangerWall.Tp[2],Tp,HH,LP Superheater Wall 2 벽온도 고고(HH),LP_SuperHeater.ExchangerWall.Tp[2] > 106 K,ABSOLUTE_MODEL_VALUE,106,K,HIGH,3,2 K,2,HIGH,주황,#FF9500,FALSE,TRUE,TRUE,NONE,TRUE,TRUE,A-L,VIRTUAL_MODEL_PRETRIP_CALIBRATION,MODEL_SIGNAL_VERIFIED_ABSOLUTE_THRESHOLD_CALIBRATED,READY_ABSOLUTE_MODEL_VALUE,https://build.openmodelica.org/Documentation/ThermoSysPro.WaterSteam.HeatExchangers.DynamicTwoPhaseFlowPipe.html,원시 변수명은 공개 빌드 로그로 확인. 임계값·지연·히스테리시스는 시연용 A-L 가정이며 현장 기준으로 교체 필요.,DCS2,HRSG,Tp > PRE_EVENT_BASELINE * 1.06,PRE_EVENT_BASELINE_RATIO,1.06,ratio_to_baseline,LP_SuperHeater.ExchangerWall.Tp[2],100,GT_TRIP_RAW_DATA_0.1s_0-40s.csv,0-10,CALIBRATED_MODEL_DIRECT,Direct model quantity and physical unit available
AL-0336,DCS2,HRSG,dcs2.csv,ABB_HRSG_BOP,HRSG,LP HRSG,LP Superheater Wall 3,M-V_DIRECT,TSP.MV.LP_SUPERHEATER.WALL.TP_3,LP_SuperHeater.ExchangerWall.Tp[3],Tp,HH,LP Superheater Wall 3 벽온도 고고(HH),LP_SuperHeater.ExchangerWall.Tp[3] > 106 K,ABSOLUTE_MODEL_VALUE,106,K,HIGH,3,2 K,2,HIGH,주황,#FF9500,FALSE,TRUE,TRUE,NONE,TRUE,TRUE,A-L,VIRTUAL_MODEL_PRETRIP_CALIBRATION,MODEL_SIGNAL_VERIFIED_ABSOLUTE_THRESHOLD_CALIBRATED,READY_ABSOLUTE_MODEL_VALUE,https://build.openmodelica.org/Documentation/ThermoSysPro.WaterSteam.HeatExchangers.DynamicTwoPhaseFlowPipe.html,원시 변수명은 공개 빌드 로그로 확인. 임계값·지연·히스테리시스는 시연용 A-L 가정이며 현장 기준으로 교체 필요.,DCS2,HRSG,Tp > PRE_EVENT_BASELINE * 1.06,PRE_EVENT_BASELINE_RATIO,1.06,ratio_to_baseline,LP_SuperHeater.ExchangerWall.Tp[3],100,GT_TRIP_RAW_DATA_0.1s_0-40s.csv,0-10,CALIBRATED_MODEL_DIRECT,Direct model quantity and physical unit available
AL-0866,ECMS,ELECTRICAL,ECMS.csv,ECMS_SOE,Electrical,480V Bus,480V Bus Voltage,A-L_UNLINKED_OPTIONAL,ECMS.BUS.480V.VOLT,,voltage,HH,480V Bus Voltage 모선전압 HH 알람,EXCLUDED_UNTIL_INPUT_BOUND,ABSOLUTE_VALUE_PENDING,,,HIGH,2,0.02 ratio,2,HIGH,주황,#FF9500,FALSE,TRUE,TRUE,NONE,FALSE,TRUE,A-L,UNLINKED_CANDIDATE,EXCLUDED_MISSING_INPUT,EXCLUDED_UNTIL_INPUT_BOUND,,모델 입력 미연동으로 활성 실행·검증에서 제외. 입력·단위·절대 설정값 확보 후 복원 가능.,ECMS,Electrical,voltage > PRE_EVENT_BASELINE * 1.1,PRE_EVENT_BASELINE_RATIO,1.1,ratio_to_baseline,,,,,UNLINKED_OPTIONAL_SIGNAL,No bound model input; excluded from active and validation scope
AL-0868,ECMS,ELECTRICAL,ECMS.csv,ECMS_SOE,Electrical,480V Bus,480V Bus Voltage,A-L_UNLINKED_OPTIONAL,ECMS.BUS.480V.VOLT,,voltage,LL,480V Bus Voltage 모선전압 LL 알람,EXCLUDED_UNTIL_INPUT_BOUND,ABSOLUTE_VALUE_PENDING,,,LOW,2,0.02 ratio,2,HIGH,주황,#FF9500,FALSE,TRUE,TRUE,NONE,FALSE,TRUE,A-L,UNLINKED_CANDIDATE,EXCLUDED_MISSING_INPUT,EXCLUDED_UNTIL_INPUT_BOUND,,모델 입력 미연동으로 활성 실행·검증에서 제외. 입력·단위·절대 설정값 확보 후 복원 가능.,ECMS,Electrical,voltage < PRE_EVENT_BASELINE * 0.9,PRE_EVENT_BASELINE_RATIO,0.9,ratio_to_baseline,,,,,UNLINKED_OPTIONAL_SIGNAL,No bound model input; excluded from active and validation scope
AL-0862,ECMS,ELECTRICAL,ECMS.csv,ECMS_SOE,Electrical,6.9kV Bus,6.9kV Bus Voltage,A-L_UNLINKED_OPTIONAL,ECMS.BUS.6K9.VOLT,,voltage,HH,6.9kV Bus Voltage 모선전압 HH 알람,EXCLUDED_UNTIL_INPUT_BOUND,ABSOLUTE_VALUE_PENDING,,,HIGH,2,0.02 ratio,2,HIGH,주황,#FF9500,FALSE,TRUE,TRUE,NONE,FALSE,TRUE,A-L,UNLINKED_CANDIDATE,EXCLUDED_MISSING_INPUT,EXCLUDED_UNTIL_INPUT_BOUND,,모델 입력 미연동으로 활성 실행·검증에서 제외. 입력·단위·절대 설정값 확보 후 복원 가능.,ECMS,Electrical,voltage > PRE_EVENT_BASELINE * 1.1,PRE_EVENT_BASELINE_RATIO,1.1,ratio_to_baseline,,,,,UNLINKED_OPTIONAL_SIGNAL,No bound model input; excluded from active and validation scope
AL-0864,ECMS,ELECTRICAL,ECMS.csv,ECMS_SOE,Electrical,6.9kV Bus,6.9kV Bus Voltage,A-L_UNLINKED_OPTIONAL,ECMS.BUS.6K9.VOLT,,voltage,LL,6.9kV Bus Voltage 모선전압 LL 알람,EXCLUDED_UNTIL_INPUT_BOUND,ABSOLUTE_VALUE_PENDING,,,LOW,2,0.02 ratio,2,HIGH,주황,#FF9500,FALSE,TRUE,TRUE,NONE,FALSE,TRUE,A-L,UNLINKED_CANDIDATE,EXCLUDED_MISSING_INPUT,EXCLUDED_UNTIL_INPUT_BOUND,,모델 입력 미연동으로 활성 실행·검증에서 제외. 입력·단위·절대 설정값 확보 후 복원 가능.,ECMS,Electrical,voltage < PRE_EVENT_BASELINE * 0.9,PRE_EVENT_BASELINE_RATIO,0.9,ratio_to_baseline,,,,,UNLINKED_OPTIONAL_SIGNAL,No bound model input; excluded from active and validation scope
AL-0898,ECMS,ELECTRICAL,ECMS.csv,ECMS_SOE,Electrical,DC System,Battery Charge Current,A-L_UNLINKED_OPTIONAL,ECMS.DC.BATTERY_CURRENT,,current,HH,Battery Charge Current 충전전류 HH 알람,EXCLUDED_UNTIL_INPUT_BOUND,ABSOLUTE_VALUE_PENDING,,,HIGH,2,0.02 ratio,2,HIGH,주황,#FF9500,FALSE,TRUE,TRUE,NONE,FALSE,TRUE,A-L,UNLINKED_CANDIDATE,EXCLUDED_MISSING_INPUT,EXCLUDED_UNTIL_INPUT_BOUND,,모델 입력 미연동으로 활성 실행·검증에서 제외. 입력·단위·절대 설정값 확보 후 복원 가능.,ECMS,Electrical,current > PRE_EVENT_BASELINE * 1.2,PRE_EVENT_BASELINE_RATIO,1.2,ratio_to_baseline,,,,,UNLINKED_OPTIONAL_SIGNAL,No bound model input; excluded from active and validation scope
AL-0874,ECMS,ELECTRICAL,ECMS.csv,ECMS_SOE,Electrical,DC System,DC Bus Voltage,A-L_UNLINKED_OPTIONAL,ECMS.DC.BUS_VOLT,,voltage,HH,DC Bus Voltage 직류전압 HH 알람,EXCLUDED_UNTIL_INPUT_BOUND,ABSOLUTE_VALUE_PENDING,,,HIGH,2,0.02 ratio,2,HIGH,주황,#FF9500,FALSE,TRUE,TRUE,NONE,FALSE,TRUE,A-L,UNLINKED_CANDIDATE,EXCLUDED_MISSING_INPUT,EXCLUDED_UNTIL_INPUT_BOUND,,모델 입력 미연동으로 활성 실행·검증에서 제외. 입력·단위·절대 설정값 확보 후 복원 가능.,ECMS,Electrical,voltage > PRE_EVENT_BASELINE * 1.1,PRE_EVENT_BASELINE_RATIO,1.1,ratio_to_baseline,,,,,UNLINKED_OPTIONAL_SIGNAL,No bound model input; excluded from active and validation scope
AL-0876,ECMS,ELECTRICAL,ECMS.csv,ECMS_SOE,Electrical,DC System,DC Bus Voltage,A-L_UNLINKED_OPTIONAL,ECMS.DC.BUS_VOLT,,voltage,LL,DC Bus Voltage 직류전압 LL 알람,EXCLUDED_UNTIL_INPUT_BOUND,ABSOLUTE_VALUE_PENDING,,,LOW,2,0.02 ratio,2,HIGH,주황,#FF9500,FALSE,TRUE,TRUE,NONE,FALSE,TRUE,A-L,UNLINKED_CANDIDATE,EXCLUDED_MISSING_INPUT,EXCLUDED_UNTIL_INPUT_BOUND,,모델 입력 미연동으로 활성 실행·검증에서 제외. 입력·단위·절대 설정값 확보 후 복원 가능.,ECMS,Electrical,voltage < PRE_EVENT_BASELINE * 0.9,PRE_EVENT_BASELINE_RATIO,0.9,ratio_to_baseline,,,,,UNLINKED_OPTIONAL_SIGNAL,No bound model input; excluded from active and validation scope
AL-0870,ECMS,ELECTRICAL,ECMS.csv,ECMS_SOE,Electrical,Essential Bus,Essential Bus Voltage,A-L_UNLINKED_OPTIONAL,ECMS.BUS.ESS.VOLT,,voltage,HH,Essential Bus Voltage 모선전압 HH 알람,EXCLUDED_UNTIL_INPUT_BOUND,ABSOLUTE_VALUE_PENDING,,,HIGH,2,0.02 ratio,2,HIGH,주황,#FF9500,FALSE,TRUE,TRUE,NONE,FALSE,TRUE,A-L,UNLINKED_CANDIDATE,EXCLUDED_MISSING_INPUT,EXCLUDED_UNTIL_INPUT_BOUND,,모델 입력 미연동으로 활성 실행·검증에서 제외. 입력·단위·절대 설정값 확보 후 복원 가능.,ECMS,Electrical,voltage > PRE_EVENT_BASELINE * 1.1,PRE_EVENT_BASELINE_RATIO,1.1,ratio_to_baseline,,,,,UNLINKED_OPTIONAL_SIGNAL,No bound model input; excluded from active and validation scope
AL-0872,ECMS,ELECTRICAL,ECMS.csv,ECMS_SOE,Electrical,Essential Bus,Essential Bus Voltage,A-L_UNLINKED_OPTIONAL,ECMS.BUS.ESS.VOLT,,voltage,LL,Essential Bus Voltage 모선전압 LL 알람,EXCLUDED_UNTIL_INPUT_BOUND,ABSOLUTE_VALUE_PENDING,,,LOW,2,0.02 ratio,2,HIGH,주황,#FF9500,FALSE,TRUE,TRUE,NONE,FALSE,TRUE,A-L,UNLINKED_CANDIDATE,EXCLUDED_MISSING_INPUT,EXCLUDED_UNTIL_INPUT_BOUND,,모델 입력 미연동으로 활성 실행·검증에서 제외. 입력·단위·절대 설정값 확보 후 복원 가능.,ECMS,Electrical,voltage < PRE_EVENT_BASELINE * 0.9,PRE_EVENT_BASELINE_RATIO,0.9,ratio_to_baseline,,,,,UNLINKED_OPTIONAL_SIGNAL,No bound model input; excluded from active and validation scope
AL-0854,ECMS,ELECTRICAL,ECMS.csv,ECMS_SOE,Electrical,Generator,GEN Active Power,A-L_UNLINKED_OPTIONAL,ECMS.GEN.MW,,active_power,HH,GEN Active Power 유효전력 HH 알람,EXCLUDED_UNTIL_INPUT_BOUND,ABSOLUTE_VALUE_PENDING,,,HIGH,2,0.02 ratio,2,HIGH,주황,#FF9500,FALSE,TRUE,TRUE,NONE,FALSE,TRUE,A-L,UNLINKED_CANDIDATE,EXCLUDED_MISSING_INPUT,EXCLUDED_UNTIL_INPUT_BOUND,,모델 입력 미연동으로 활성 실행·검증에서 제외. 입력·단위·절대 설정값 확보 후 복원 가능.,ECMS,Electrical,active_power > PRE_EVENT_BASELINE * 1.1,PRE_EVENT_BASELINE_RATIO,1.1,ratio_to_baseline,,,,,UNLINKED_OPTIONAL_SIGNAL,No bound model input; excluded from active and validation scope
AL-0856,ECMS,ELECTRICAL,ECMS.csv,ECMS_SOE,Electrical,Generator,GEN Active Power,A-L_UNLINKED_OPTIONAL,ECMS.GEN.MW,,active_power,LL,GEN Active Power 유효전력 LL 알람,EXCLUDED_UNTIL_INPUT_BOUND,ABSOLUTE_VALUE_PENDING,,,LOW,2,0.02 ratio,2,HIGH,주황,#FF9500,FALSE,TRUE,TRUE,NONE,FALSE,TRUE,A-L,UNLINKED_CANDIDATE,EXCLUDED_MISSING_INPUT,EXCLUDED_UNTIL_INPUT_BOUND,,모델 입력 미연동으로 활성 실행·검증에서 제외. 입력·단위·절대 설정값 확보 후 복원 가능.,ECMS,Electrical,active_power < PRE_EVENT_BASELINE * 0.9,PRE_EVENT_BASELINE_RATIO,0.9,ratio_to_baseline,,,,,UNLINKED_OPTIONAL_SIGNAL,No bound model input; excluded from active and validation scope
AL-0890,ECMS,ELECTRICAL,ECMS.csv,ECMS_SOE,Electrical,Generator,GEN Field Current,A-L_UNLINKED_OPTIONAL,ECMS.GEN.FIELD_CURRENT,,current,HH,GEN Field Current 계자전류 HH 알람,EXCLUDED_UNTIL_INPUT_BOUND,ABSOLUTE_VALUE_PENDING,,,HIGH,2,0.02 ratio,2,HIGH,주황,#FF9500,FALSE,TRUE,TRUE,NONE,FALSE,TRUE,A-L,UNLINKED_CANDIDATE,EXCLUDED_MISSING_INPUT,EXCLUDED_UNTIL_INPUT_BOUND,,모델 입력 미연동으로 활성 실행·검증에서 제외. 입력·단위·절대 설정값 확보 후 복원 가능.,ECMS,Electrical,current > PRE_EVENT_BASELINE * 1.2,PRE_EVENT_BASELINE_RATIO,1.2,ratio_to_baseline,,,,,UNLINKED_OPTIONAL_SIGNAL,No bound model input; excluded from active and validation scope
AL-0850,ECMS,ELECTRICAL,ECMS.csv,ECMS_SOE,Electrical,Generator,GEN Frequency,A-L_UNLINKED_OPTIONAL,ECMS.GEN.FREQ,,frequency,HH,GEN Frequency 주파수 HH 알람,EXCLUDED_UNTIL_INPUT_BOUND,ABSOLUTE_VALUE_PENDING,,,HIGH,2,0.02 ratio,2,HIGH,주황,#FF9500,FALSE,TRUE,TRUE,NONE,FALSE,TRUE,A-L,UNLINKED_CANDIDATE,EXCLUDED_MISSING_INPUT,EXCLUDED_UNTIL_INPUT_BOUND,,모델 입력 미연동으로 활성 실행·검증에서 제외. 입력·단위·절대 설정값 확보 후 복원 가능.,ECMS,Electrical,frequency > PRE_EVENT_BASELINE * 1.1,PRE_EVENT_BASELINE_RATIO,1.1,ratio_to_baseline,,,,,UNLINKED_OPTIONAL_SIGNAL,No bound model input; excluded from active and validation scope
AL-0852,ECMS,ELECTRICAL,ECMS.csv,ECMS_SOE,Electrical,Generator,GEN Frequency,A-L_UNLINKED_OPTIONAL,ECMS.GEN.FREQ,,frequency,LL,GEN Frequency 주파수 LL 알람,EXCLUDED_UNTIL_INPUT_BOUND,ABSOLUTE_VALUE_PENDING,,,LOW,2,0.02 ratio,2,HIGH,주황,#FF9500,FALSE,TRUE,TRUE,NONE,FALSE,TRUE,A-L,UNLINKED_CANDIDATE,EXCLUDED_MISSING_INPUT,EXCLUDED_UNTIL_INPUT_BOUND,,모델 입력 미연동으로 활성 실행·검증에서 제외. 입력·단위·절대 설정값 확보 후 복원 가능.,ECMS,Electrical,frequency < PRE_EVENT_BASELINE * 0.9,PRE_EVENT_BASELINE_RATIO,0.9,ratio_to_baseline,,,,,UNLINKED_OPTIONAL_SIGNAL,No bound model input; excluded from active and validation scope
AL-0892,ECMS,ELECTRICAL,ECMS.csv,ECMS_SOE,Electrical,Generator,GEN Neutral Current,A-L_UNLINKED_OPTIONAL,ECMS.GEN.NEUTRAL_CURRENT,,current,HH,GEN Neutral Current 중성점전류 HH 알람,EXCLUDED_UNTIL_INPUT_BOUND,ABSOLUTE_VALUE_PENDING,,,HIGH,2,0.02 ratio,2,HIGH,주황,#FF9500,FALSE,TRUE,TRUE,NONE,FALSE,TRUE,A-L,UNLINKED_CANDIDATE,EXCLUDED_MISSING_INPUT,EXCLUDED_UNTIL_INPUT_BOUND,,모델 입력 미연동으로 활성 실행·검증에서 제외. 입력·단위·절대 설정값 확보 후 복원 가능.,ECMS,Electrical,current > PRE_EVENT_BASELINE * 1.2,PRE_EVENT_BASELINE_RATIO,1.2,ratio_to_baseline,,,,,UNLINKED_OPTIONAL_SIGNAL,No bound model input; excluded from active and validation scope
AL-0858,ECMS,ELECTRICAL,ECMS.csv,ECMS_SOE,Electrical,Generator,GEN Reactive Power,A-L_UNLINKED_OPTIONAL,ECMS.GEN.MVAR,,reactive_power,HH,GEN Reactive Power 무효전력 HH 알람,EXCLUDED_UNTIL_INPUT_BOUND,ABSOLUTE_VALUE_PENDING,,,HIGH,2,0.02 ratio,2,HIGH,주황,#FF9500,FALSE,TRUE,TRUE,NONE,FALSE,TRUE,A-L,UNLINKED_CANDIDATE,EXCLUDED_MISSING_INPUT,EXCLUDED_UNTIL_INPUT_BOUND,,모델 입력 미연동으로 활성 실행·검증에서 제외. 입력·단위·절대 설정값 확보 후 복원 가능.,ECMS,Electrical,reactive_power > PRE_EVENT_BASELINE * 1.1,PRE_EVENT_BASELINE_RATIO,1.1,ratio_to_baseline,,,,,UNLINKED_OPTIONAL_SIGNAL,No bound model input; excluded from active and validation scope
AL-0860,ECMS,ELECTRICAL,ECMS.csv,ECMS_SOE,Electrical,Generator,GEN Reactive Power,A-L_UNLINKED_OPTIONAL,ECMS.GEN.MVAR,,reactive_power,LL,GEN Reactive Power 무효전력 LL 알람,EXCLUDED_UNTIL_INPUT_BOUND,ABSOLUTE_VALUE_PENDING,,,LOW,2,0.02 ratio,2,HIGH,주황,#FF9500,FALSE,TRUE,TRUE,NONE,FALSE,TRUE,A-L,UNLINKED_CANDIDATE,EXCLUDED_MISSING_INPUT,EXCLUDED_UNTIL_INPUT_BOUND,,모델 입력 미연동으로 활성 실행·검증에서 제외. 입력·단위·절대 설정값 확보 후 복원 가능.,ECMS,Electrical,reactive_power < PRE_EVENT_BASELINE * 0.9,PRE_EVENT_BASELINE_RATIO,0.9,ratio_to_baseline,,,,,UNLINKED_OPTIONAL_SIGNAL,No bound model input; excluded from active and validation scope
AL-0886,ECMS,ELECTRICAL,ECMS.csv,ECMS_SOE,Electrical,Generator,GEN Stator Current,A-L_UNLINKED_OPTIONAL,ECMS.GEN.STATOR_CURRENT,,current,HH,GEN Stator Current 고정자전류 HH 알람,EXCLUDED_UNTIL_INPUT_BOUND,ABSOLUTE_VALUE_PENDING,,,HIGH,2,0.02 ratio,2,HIGH,주황,#FF9500,FALSE,TRUE,TRUE,NONE,FALSE,TRUE,A-L,UNLINKED_CANDIDATE,EXCLUDED_MISSING_INPUT,EXCLUDED_UNTIL_INPUT_BOUND,,모델 입력 미연동으로 활성 실행·검증에서 제외. 입력·단위·절대 설정값 확보 후 복원 가능.,ECMS,Electrical,current > PRE_EVENT_BASELINE * 1.2,PRE_EVENT_BASELINE_RATIO,1.2,ratio_to_baseline,,,,,UNLINKED_OPTIONAL_SIGNAL,No bound model input; excluded from active and validation scope
AL-0846,ECMS,ELECTRICAL,ECMS.csv,ECMS_SOE,Electrical,Generator,GEN Terminal Voltage,A-L_UNLINKED_OPTIONAL,ECMS.GEN.VOLT,,voltage,HH,GEN Terminal Voltage 단자전압 HH 알람,EXCLUDED_UNTIL_INPUT_BOUND,ABSOLUTE_VALUE_PENDING,,,HIGH,2,0.02 ratio,2,HIGH,주황,#FF9500,FALSE,TRUE,TRUE,NONE,FALSE,TRUE,A-L,UNLINKED_CANDIDATE,EXCLUDED_MISSING_INPUT,EXCLUDED_UNTIL_INPUT_BOUND,,모델 입력 미연동으로 활성 실행·검증에서 제외. 입력·단위·절대 설정값 확보 후 복원 가능.,ECMS,Electrical,voltage > PRE_EVENT_BASELINE * 1.1,PRE_EVENT_BASELINE_RATIO,1.1,ratio_to_baseline,,,,,UNLINKED_OPTIONAL_SIGNAL,No bound model input; excluded from active and validation scope
AL-0848,ECMS,ELECTRICAL,ECMS.csv,ECMS_SOE,Electrical,Generator,GEN Terminal Voltage,A-L_UNLINKED_OPTIONAL,ECMS.GEN.VOLT,,voltage,LL,GEN Terminal Voltage 단자전압 LL 알람,EXCLUDED_UNTIL_INPUT_BOUND,ABSOLUTE_VALUE_PENDING,,,LOW,2,0.02 ratio,2,HIGH,주황,#FF9500,FALSE,TRUE,TRUE,NONE,FALSE,TRUE,A-L,UNLINKED_CANDIDATE,EXCLUDED_MISSING_INPUT,EXCLUDED_UNTIL_INPUT_BOUND,,모델 입력 미연동으로 활성 실행·검증에서 제외. 입력·단위·절대 설정값 확보 후 복원 가능.,ECMS,Electrical,voltage < PRE_EVENT_BASELINE * 0.9,PRE_EVENT_BASELINE_RATIO,0.9,ratio_to_baseline,,,,,UNLINKED_OPTIONAL_SIGNAL,No bound model input; excluded from active and validation scope
AL-0888,ECMS,ELECTRICAL,ECMS.csv,ECMS_SOE,Electrical,Generator,GEN Winding Temperature,A-L_UNLINKED_OPTIONAL,ECMS.GEN.WIND_TEMP,,temperature,HH,GEN Winding Temperature 권선온도 HH 알람,EXCLUDED_UNTIL_INPUT_BOUND,ABSOLUTE_VALUE_PENDING,,,HIGH,2,0.02 ratio,2,HIGH,주황,#FF9500,FALSE,TRUE,TRUE,NONE,FALSE,TRUE,A-L,UNLINKED_CANDIDATE,EXCLUDED_MISSING_INPUT,EXCLUDED_UNTIL_INPUT_BOUND,,모델 입력 미연동으로 활성 실행·검증에서 제외. 입력·단위·절대 설정값 확보 후 복원 가능.,ECMS,Electrical,temperature > PRE_EVENT_BASELINE * 1.2,PRE_EVENT_BASELINE_RATIO,1.2,ratio_to_baseline,,,,,UNLINKED_OPTIONAL_SIGNAL,No bound model input; excluded from active and validation scope
AL-0894,ECMS,ELECTRICAL,ECMS.csv,ECMS_SOE,Electrical,Main Transformer,Main Transformer Oil Temperature,A-L_UNLINKED_OPTIONAL,ECMS.TR.MAIN.OIL_TEMP,,temperature,HH,Main Transformer Oil Temperature 유온 HH 알람,EXCLUDED_UNTIL_INPUT_BOUND,ABSOLUTE_VALUE_PENDING,,,HIGH,2,0.02 ratio,2,HIGH,주황,#FF9500,FALSE,TRUE,TRUE,NONE,FALSE,TRUE,A-L,UNLINKED_CANDIDATE,EXCLUDED_MISSING_INPUT,EXCLUDED_UNTIL_INPUT_BOUND,,모델 입력 미연동으로 활성 실행·검증에서 제외. 입력·단위·절대 설정값 확보 후 복원 가능.,ECMS,Electrical,temperature > PRE_EVENT_BASELINE * 1.2,PRE_EVENT_BASELINE_RATIO,1.2,ratio_to_baseline,,,,,UNLINKED_OPTIONAL_SIGNAL,No bound model input; excluded from active and validation scope
AL-0896,ECMS,ELECTRICAL,ECMS.csv,ECMS_SOE,Electrical,Main Transformer,Main Transformer Winding Temperature,A-L_UNLINKED_OPTIONAL,ECMS.TR.MAIN.WIND_TEMP,,temperature,HH,Main Transformer Winding Temperature 권선온도 HH 알람,EXCLUDED_UNTIL_INPUT_BOUND,ABSOLUTE_VALUE_PENDING,,,HIGH,2,0.02 ratio,2,HIGH,주황,#FF9500,FALSE,TRUE,TRUE,NONE,FALSE,TRUE,A-L,UNLINKED_CANDIDATE,EXCLUDED_MISSING_INPUT,EXCLUDED_UNTIL_INPUT_BOUND,,모델 입력 미연동으로 활성 실행·검증에서 제외. 입력·단위·절대 설정값 확보 후 복원 가능.,ECMS,Electrical,temperature > PRE_EVENT_BASELINE * 1.2,PRE_EVENT_BASELINE_RATIO,1.2,ratio_to_baseline,,,,,UNLINKED_OPTIONAL_SIGNAL,No bound model input; excluded from active and validation scope
AL-0882,ECMS,ELECTRICAL,ECMS.csv,ECMS_SOE,Electrical,UPS,UPS Output Frequency,A-L_UNLINKED_OPTIONAL,ECMS.UPS.OUT_FREQ,,frequency,HH,UPS Output Frequency 출력주파수 HH 알람,EXCLUDED_UNTIL_INPUT_BOUND,ABSOLUTE_VALUE_PENDING,,,HIGH,2,0.02 ratio,2,HIGH,주황,#FF9500,FALSE,TRUE,TRUE,NONE,FALSE,TRUE,A-L,UNLINKED_CANDIDATE,EXCLUDED_MISSING_INPUT,EXCLUDED_UNTIL_INPUT_BOUND,,모델 입력 미연동으로 활성 실행·검증에서 제외. 입력·단위·절대 설정값 확보 후 복원 가능.,ECMS,Electrical,frequency > PRE_EVENT_BASELINE * 1.1,PRE_EVENT_BASELINE_RATIO,1.1,ratio_to_baseline,,,,,UNLINKED_OPTIONAL_SIGNAL,No bound model input; excluded from active and validation scope
AL-0884,ECMS,ELECTRICAL,ECMS.csv,ECMS_SOE,Electrical,UPS,UPS Output Frequency,A-L_UNLINKED_OPTIONAL,ECMS.UPS.OUT_FREQ,,frequency,LL,UPS Output Frequency 출력주파수 LL 알람,EXCLUDED_UNTIL_INPUT_BOUND,ABSOLUTE_VALUE_PENDING,,,LOW,2,0.02 ratio,2,HIGH,주황,#FF9500,FALSE,TRUE,TRUE,NONE,FALSE,TRUE,A-L,UNLINKED_CANDIDATE,EXCLUDED_MISSING_INPUT,EXCLUDED_UNTIL_INPUT_BOUND,,모델 입력 미연동으로 활성 실행·검증에서 제외. 입력·단위·절대 설정값 확보 후 복원 가능.,ECMS,Electrical,frequency < PRE_EVENT_BASELINE * 0.9,PRE_EVENT_BASELINE_RATIO,0.9,ratio_to_baseline,,,,,UNLINKED_OPTIONAL_SIGNAL,No bound model input; excluded from active and validation scope
AL-0878,ECMS,ELECTRICAL,ECMS.csv,ECMS_SOE,Electrical,UPS,UPS Output Voltage,A-L_UNLINKED_OPTIONAL,ECMS.UPS.OUT_VOLT,,voltage,HH,UPS Output Voltage 출력전압 HH 알람,EXCLUDED_UNTIL_INPUT_BOUND,ABSOLUTE_VALUE_PENDING,,,HIGH,2,0.02 ratio,2,HIGH,주황,#FF9500,FALSE,TRUE,TRUE,NONE,FALSE,TRUE,A-L,UNLINKED_CANDIDATE,EXCLUDED_MISSING_INPUT,EXCLUDED_UNTIL_INPUT_BOUND,,모델 입력 미연동으로 활성 실행·검증에서 제외. 입력·단위·절대 설정값 확보 후 복원 가능.,ECMS,Electrical,voltage > PRE_EVENT_BASELINE * 1.1,PRE_EVENT_BASELINE_RATIO,1.1,ratio_to_baseline,,,,,UNLINKED_OPTIONAL_SIGNAL,No bound model input; excluded from active and validation scope
AL-0880,ECMS,ELECTRICAL,ECMS.csv,ECMS_SOE,Electrical,UPS,UPS Output Voltage,A-L_UNLINKED_OPTIONAL,ECMS.UPS.OUT_VOLT,,voltage,LL,UPS Output Voltage 출력전압 LL 알람,EXCLUDED_UNTIL_INPUT_BOUND,ABSOLUTE_VALUE_PENDING,,,LOW,2,0.02 ratio,2,HIGH,주황,#FF9500,FALSE,TRUE,TRUE,NONE,FALSE,TRUE,A-L,UNLINKED_CANDIDATE,EXCLUDED_MISSING_INPUT,EXCLUDED_UNTIL_INPUT_BOUND,,모델 입력 미연동으로 활성 실행·검증에서 제외. 입력·단위·절대 설정값 확보 후 복원 가능.,ECMS,Electrical,voltage < PRE_EVENT_BASELINE * 0.9,PRE_EVENT_BASELINE_RATIO,0.9,ratio_to_baseline,,,,,UNLINKED_OPTIONAL_SIGNAL,No bound model input; excluded from active and validation scope
AL-0739,DCS1,GT,dcs1.csv,SIEMENS_GT_ST,GT,GT Bearings,GT Bearing 1,A-L_UNLINKED_OPTIONAL,DCS1.GT.BRG1.VIB,,vibration,H,GT Bearing 1 진동 H 알람,EXCLUDED_UNTIL_INPUT_BOUND,ABSOLUTE_VALUE_PENDING,,,HIGH,5,0.02 ratio,3,MEDIUM,노랑,#FFD60A,FALSE,TRUE,TRUE,NONE,FALSE,TRUE,A-L,UNLINKED_CANDIDATE,EXCLUDED_MISSING_INPUT,EXCLUDED_UNTIL_INPUT_BOUND,,모델 입력 미연동으로 활성 실행·검증에서 제외. 입력·단위·절대 설정값 확보 후 복원 가능.,DCS1,Gas Turbine,vibration > PRE_EVENT_BASELINE * 1.2,PRE_EVENT_BASELINE_RATIO,1.2,ratio_to_baseline,,,,,UNLINKED_OPTIONAL_SIGNAL,No bound model input; excluded from active and validation scope
AL-0741,DCS1,GT,dcs1.csv,SIEMENS_GT_ST,GT,GT Bearings,GT Bearing 1,A-L_UNLINKED_OPTIONAL,DCS1.GT.BRG1.METAL_TEMP,,metal_temperature,H,GT Bearing 1 메탈온도 H 알람,EXCLUDED_UNTIL_INPUT_BOUND,ABSOLUTE_VALUE_PENDING,,,HIGH,5,0.02 ratio,3,MEDIUM,노랑,#FFD60A,FALSE,TRUE,TRUE,NONE,FALSE,TRUE,A-L,UNLINKED_CANDIDATE,EXCLUDED_MISSING_INPUT,EXCLUDED_UNTIL_INPUT_BOUND,,모델 입력 미연동으로 활성 실행·검증에서 제외. 입력·단위·절대 설정값 확보 후 복원 가능.,DCS1,Gas Turbine,metal_temperature > PRE_EVENT_BASELINE * 1.05,PRE_EVENT_BASELINE_RATIO,1.05,ratio_to_baseline,,,,,UNLINKED_OPTIONAL_SIGNAL,No bound model input; excluded from active and validation scope
AL-0743,DCS1,GT,dcs1.csv,SIEMENS_GT_ST,GT,GT Bearings,GT Bearing 2,A-L_UNLINKED_OPTIONAL,DCS1.GT.BRG2.VIB,,vibration,H,GT Bearing 2 진동 H 알람,EXCLUDED_UNTIL_INPUT_BOUND,ABSOLUTE_VALUE_PENDING,,,HIGH,5,0.02 ratio,3,MEDIUM,노랑,#FFD60A,FALSE,TRUE,TRUE,NONE,FALSE,TRUE,A-L,UNLINKED_CANDIDATE,EXCLUDED_MISSING_INPUT,EXCLUDED_UNTIL_INPUT_BOUND,,모델 입력 미연동으로 활성 실행·검증에서 제외. 입력·단위·절대 설정값 확보 후 복원 가능.,DCS1,Gas Turbine,vibration > PRE_EVENT_BASELINE * 1.2,PRE_EVENT_BASELINE_RATIO,1.2,ratio_to_baseline,,,,,UNLINKED_OPTIONAL_SIGNAL,No bound model input; excluded from active and validation scope
AL-0745,DCS1,GT,dcs1.csv,SIEMENS_GT_ST,GT,GT Bearings,GT Bearing 2,A-L_UNLINKED_OPTIONAL,DCS1.GT.BRG2.METAL_TEMP,,metal_temperature,H,GT Bearing 2 메탈온도 H 알람,EXCLUDED_UNTIL_INPUT_BOUND,ABSOLUTE_VALUE_PENDING,,,HIGH,5,0.02 ratio,3,MEDIUM,노랑,#FFD60A,FALSE,TRUE,TRUE,NONE,FALSE,TRUE,A-L,UNLINKED_CANDIDATE,EXCLUDED_MISSING_INPUT,EXCLUDED_UNTIL_INPUT_BOUND,,모델 입력 미연동으로 활성 실행·검증에서 제외. 입력·단위·절대 설정값 확보 후 복원 가능.,DCS1,Gas Turbine,metal_temperature > PRE_EVENT_BASELINE * 1.05,PRE_EVENT_BASELINE_RATIO,1.05,ratio_to_baseline,,,,,UNLINKED_OPTIONAL_SIGNAL,No bound model input; excluded from active and validation scope
AL-0747,DCS1,GT,dcs1.csv,SIEMENS_GT_ST,GT,GT Bearings,GT Bearing 3,A-L_UNLINKED_OPTIONAL,DCS1.GT.BRG3.VIB,,vibration,H,GT Bearing 3 진동 H 알람,EXCLUDED_UNTIL_INPUT_BOUND,ABSOLUTE_VALUE_PENDING,,,HIGH,5,0.02 ratio,3,MEDIUM,노랑,#FFD60A,FALSE,TRUE,TRUE,NONE,FALSE,TRUE,A-L,UNLINKED_CANDIDATE,EXCLUDED_MISSING_INPUT,EXCLUDED_UNTIL_INPUT_BOUND,,모델 입력 미연동으로 활성 실행·검증에서 제외. 입력·단위·절대 설정값 확보 후 복원 가능.,DCS1,Gas Turbine,vibration > PRE_EVENT_BASELINE * 1.2,PRE_EVENT_BASELINE_RATIO,1.2,ratio_to_baseline,,,,,UNLINKED_OPTIONAL_SIGNAL,No bound model input; excluded from active and validation scope
AL-0749,DCS1,GT,dcs1.csv,SIEMENS_GT_ST,GT,GT Bearings,GT Bearing 3,A-L_UNLINKED_OPTIONAL,DCS1.GT.BRG3.METAL_TEMP,,metal_temperature,H,GT Bearing 3 메탈온도 H 알람,EXCLUDED_UNTIL_INPUT_BOUND,ABSOLUTE_VALUE_PENDING,,,HIGH,5,0.02 ratio,3,MEDIUM,노랑,#FFD60A,FALSE,TRUE,TRUE,NONE,FALSE,TRUE,A-L,UNLINKED_CANDIDATE,EXCLUDED_MISSING_INPUT,EXCLUDED_UNTIL_INPUT_BOUND,,모델 입력 미연동으로 활성 실행·검증에서 제외. 입력·단위·절대 설정값 확보 후 복원 가능.,DCS1,Gas Turbine,metal_temperature > PRE_EVENT_BASELINE * 1.05,PRE_EVENT_BASELINE_RATIO,1.05,ratio_to_baseline,,,,,UNLINKED_OPTIONAL_SIGNAL,No bound model input; excluded from active and validation scope
AL-0751,DCS1,GT,dcs1.csv,SIEMENS_GT_ST,GT,GT Bearings,GT Bearing 4,A-L_UNLINKED_OPTIONAL,DCS1.GT.BRG4.VIB,,vibration,H,GT Bearing 4 진동 H 알람,EXCLUDED_UNTIL_INPUT_BOUND,ABSOLUTE_VALUE_PENDING,,,HIGH,5,0.02 ratio,3,MEDIUM,노랑,#FFD60A,FALSE,TRUE,TRUE,NONE,FALSE,TRUE,A-L,UNLINKED_CANDIDATE,EXCLUDED_MISSING_INPUT,EXCLUDED_UNTIL_INPUT_BOUND,,모델 입력 미연동으로 활성 실행·검증에서 제외. 입력·단위·절대 설정값 확보 후 복원 가능.,DCS1,Gas Turbine,vibration > PRE_EVENT_BASELINE * 1.2,PRE_EVENT_BASELINE_RATIO,1.2,ratio_to_baseline,,,,,UNLINKED_OPTIONAL_SIGNAL,No bound model input; excluded from active and validation scope
AL-0753,DCS1,GT,dcs1.csv,SIEMENS_GT_ST,GT,GT Bearings,GT Bearing 4,A-L_UNLINKED_OPTIONAL,DCS1.GT.BRG4.METAL_TEMP,,metal_temperature,H,GT Bearing 4 메탈온도 H 알람,EXCLUDED_UNTIL_INPUT_BOUND,ABSOLUTE_VALUE_PENDING,,,HIGH,5,0.02 ratio,3,MEDIUM,노랑,#FFD60A,FALSE,TRUE,TRUE,NONE,FALSE,TRUE,A-L,UNLINKED_CANDIDATE,EXCLUDED_MISSING_INPUT,EXCLUDED_UNTIL_INPUT_BOUND,,모델 입력 미연동으로 활성 실행·검증에서 제외. 입력·단위·절대 설정값 확보 후 복원 가능.,DCS1,Gas Turbine,metal_temperature > PRE_EVENT_BASELINE * 1.05,PRE_EVENT_BASELINE_RATIO,1.05,ratio_to_baseline,,,,,UNLINKED_OPTIONAL_SIGNAL,No bound model input; excluded from active and validation scope
AL-0775,DCS1,GT,dcs1.csv,SIEMENS_GT_ST,GT,GT Combustion,GT Combustor,A-L_UNLINKED_OPTIONAL,DCS1.GT.FLAME.INTENSITY,,flame_intensity,L,GT Combustor 화염강도 L 알람,EXCLUDED_UNTIL_INPUT_BOUND,ABSOLUTE_VALUE_PENDING,,,LOW,5,0.02 ratio,3,MEDIUM,노랑,#FFD60A,FALSE,TRUE,TRUE,NONE,FALSE,TRUE,A-L,UNLINKED_CANDIDATE,EXCLUDED_MISSING_INPUT,EXCLUDED_UNTIL_INPUT_BOUND,,모델 입력 미연동으로 활성 실행·검증에서 제외. 입력·단위·절대 설정값 확보 후 복원 가능.,DCS1,Gas Turbine,flame_intensity < PRE_EVENT_BASELINE * 0.8,PRE_EVENT_BASELINE_RATIO,0.8,ratio_to_baseline,,,,,UNLINKED_OPTIONAL_SIGNAL,No bound model input; excluded from active and validation scope
AL-0763,DCS1,GT,dcs1.csv,SIEMENS_GT_ST,GT,GT Compressor,GT Compressor,A-L_UNLINKED_OPTIONAL,DCS1.GT.COMP.DISCH_PRESS,,discharge_pressure,H,GT Compressor 토출압력 H 알람,EXCLUDED_UNTIL_INPUT_BOUND,ABSOLUTE_VALUE_PENDING,,,HIGH,5,0.02 ratio,3,MEDIUM,노랑,#FFD60A,FALSE,TRUE,TRUE,NONE,FALSE,TRUE,A-L,UNLINKED_CANDIDATE,EXCLUDED_MISSING_INPUT,EXCLUDED_UNTIL_INPUT_BOUND,,모델 입력 미연동으로 활성 실행·검증에서 제외. 입력·단위·절대 설정값 확보 후 복원 가능.,DCS1,Gas Turbine,discharge_pressure > PRE_EVENT_BASELINE * 1.08,PRE_EVENT_BASELINE_RATIO,1.08,ratio_to_baseline,,,,,UNLINKED_OPTIONAL_SIGNAL,No bound model input; excluded from active and validation scope
AL-0765,DCS1,GT,dcs1.csv,SIEMENS_GT_ST,GT,GT Compressor,GT Compressor,A-L_UNLINKED_OPTIONAL,DCS1.GT.COMP.DISCH_PRESS,,discharge_pressure,L,GT Compressor 토출압력 L 알람,EXCLUDED_UNTIL_INPUT_BOUND,ABSOLUTE_VALUE_PENDING,,,LOW,5,0.02 ratio,3,MEDIUM,노랑,#FFD60A,FALSE,TRUE,TRUE,NONE,FALSE,TRUE,A-L,UNLINKED_CANDIDATE,EXCLUDED_MISSING_INPUT,EXCLUDED_UNTIL_INPUT_BOUND,,모델 입력 미연동으로 활성 실행·검증에서 제외. 입력·단위·절대 설정값 확보 후 복원 가능.,DCS1,Gas Turbine,discharge_pressure < PRE_EVENT_BASELINE * 0.92,PRE_EVENT_BASELINE_RATIO,0.92,ratio_to_baseline,,,,,UNLINKED_OPTIONAL_SIGNAL,No bound model input; excluded from active and validation scope
AL-0767,DCS1,GT,dcs1.csv,SIEMENS_GT_ST,GT,GT Compressor,GT Compressor,A-L_UNLINKED_OPTIONAL,DCS1.GT.COMP.DISCH_TEMP,,discharge_temperature,H,GT Compressor 토출온도 H 알람,EXCLUDED_UNTIL_INPUT_BOUND,ABSOLUTE_VALUE_PENDING,,,HIGH,5,0.02 ratio,3,MEDIUM,노랑,#FFD60A,FALSE,TRUE,TRUE,NONE,FALSE,TRUE,A-L,UNLINKED_CANDIDATE,EXCLUDED_MISSING_INPUT,EXCLUDED_UNTIL_INPUT_BOUND,,모델 입력 미연동으로 활성 실행·검증에서 제외. 입력·단위·절대 설정값 확보 후 복원 가능.,DCS1,Gas Turbine,discharge_temperature > PRE_EVENT_BASELINE * 1.05,PRE_EVENT_BASELINE_RATIO,1.05,ratio_to_baseline,,,,,UNLINKED_OPTIONAL_SIGNAL,No bound model input; excluded from active and validation scope
AL-0779,DCS1,GT,dcs1.csv,SIEMENS_GT_ST,GT,GT Enclosure,GT Enclosure,A-L_UNLINKED_OPTIONAL,DCS1.GT.ENCLOSURE.TEMP,,temperature,H,GT Enclosure 온도 H 알람,EXCLUDED_UNTIL_INPUT_BOUND,ABSOLUTE_VALUE_PENDING,,,HIGH,5,0.02 ratio,3,MEDIUM,노랑,#FFD60A,FALSE,TRUE,TRUE,NONE,FALSE,TRUE,A-L,UNLINKED_CANDIDATE,EXCLUDED_MISSING_INPUT,EXCLUDED_UNTIL_INPUT_BOUND,,모델 입력 미연동으로 활성 실행·검증에서 제외. 입력·단위·절대 설정값 확보 후 복원 가능.,DCS1,Gas Turbine,temperature > PRE_EVENT_BASELINE * 1.05,PRE_EVENT_BASELINE_RATIO,1.05,ratio_to_baseline,,,,,UNLINKED_OPTIONAL_SIGNAL,No bound model input; excluded from active and validation scope
AL-0759,DCS1,GT,dcs1.csv,SIEMENS_GT_ST,GT,GT Exhaust,GT Exhaust,A-L_UNLINKED_OPTIONAL,DCS1.GT.EXHAUST.TEMP_AVG,,temperature_average,H,GT Exhaust 평균온도 H 알람,EXCLUDED_UNTIL_INPUT_BOUND,ABSOLUTE_VALUE_PENDING,,,HIGH,5,0.02 ratio,3,MEDIUM,노랑,#FFD60A,FALSE,TRUE,TRUE,NONE,FALSE,TRUE,A-L,UNLINKED_CANDIDATE,EXCLUDED_MISSING_INPUT,EXCLUDED_UNTIL_INPUT_BOUND,,모델 입력 미연동으로 활성 실행·검증에서 제외. 입력·단위·절대 설정값 확보 후 복원 가능.,DCS1,Gas Turbine,temperature_average > PRE_EVENT_BASELINE * 1.05,PRE_EVENT_BASELINE_RATIO,1.05,ratio_to_baseline,,,,,UNLINKED_OPTIONAL_SIGNAL,No bound model input; excluded from active and validation scope
AL-0761,DCS1,GT,dcs1.csv,SIEMENS_GT_ST,GT,GT Exhaust,GT Exhaust,A-L_UNLINKED_OPTIONAL,DCS1.GT.EXHAUST.TEMP_SPREAD,,temperature_spread,H,GT Exhaust 온도편차 H 알람,EXCLUDED_UNTIL_INPUT_BOUND,ABSOLUTE_VALUE_PENDING,,,HIGH,5,0.02 ratio,3,MEDIUM,노랑,#FFD60A,FALSE,TRUE,TRUE,NONE,FALSE,TRUE,A-L,UNLINKED_CANDIDATE,EXCLUDED_MISSING_INPUT,EXCLUDED_UNTIL_INPUT_BOUND,,모델 입력 미연동으로 활성 실행·검증에서 제외. 입력·단위·절대 설정값 확보 후 복원 가능.,DCS1,Gas Turbine,temperature_spread > PRE_EVENT_BASELINE * 1.2,PRE_EVENT_BASELINE_RATIO,1.2,ratio_to_baseline,,,,,UNLINKED_OPTIONAL_SIGNAL,No bound model input; excluded from active and validation scope
AL-0771,DCS1,GT,dcs1.csv,SIEMENS_GT_ST,GT,GT Fuel Gas,GT Fuel Gas,A-L_UNLINKED_OPTIONAL,DCS1.GT.FUEL_GAS.PRESS,,fuel_pressure,H,GT Fuel Gas 연료가스압력 H 알람,EXCLUDED_UNTIL_INPUT_BOUND,ABSOLUTE_VALUE_PENDING,,,HIGH,5,0.02 ratio,3,MEDIUM,노랑,#FFD60A,FALSE,TRUE,TRUE,NONE,FALSE,TRUE,A-L,UNLINKED_CANDIDATE,EXCLUDED_MISSING_INPUT,EXCLUDED_UNTIL_INPUT_BOUND,,모델 입력 미연동으로 활성 실행·검증에서 제외. 입력·단위·절대 설정값 확보 후 복원 가능.,DCS1,Gas Turbine,fuel_pressure > PRE_EVENT_BASELINE * 1.1,PRE_EVENT_BASELINE_RATIO,1.1,ratio_to_baseline,,,,,UNLINKED_OPTIONAL_SIGNAL,No bound model input; excluded from active and validation scope
AL-0773,DCS1,GT,dcs1.csv,SIEMENS_GT_ST,GT,GT Fuel Gas,GT Fuel Gas,A-L_UNLINKED_OPTIONAL,DCS1.GT.FUEL_GAS.PRESS,,fuel_pressure,L,GT Fuel Gas 연료가스압력 L 알람,EXCLUDED_UNTIL_INPUT_BOUND,ABSOLUTE_VALUE_PENDING,,,LOW,5,0.02 ratio,3,MEDIUM,노랑,#FFD60A,FALSE,TRUE,TRUE,NONE,FALSE,TRUE,A-L,UNLINKED_CANDIDATE,EXCLUDED_MISSING_INPUT,EXCLUDED_UNTIL_INPUT_BOUND,,모델 입력 미연동으로 활성 실행·검증에서 제외. 입력·단위·절대 설정값 확보 후 복원 가능.,DCS1,Gas Turbine,fuel_pressure < PRE_EVENT_BASELINE * 0.9,PRE_EVENT_BASELINE_RATIO,0.9,ratio_to_baseline,,,,,UNLINKED_OPTIONAL_SIGNAL,No bound model input; excluded from active and validation scope
AL-0777,DCS1,GT,dcs1.csv,SIEMENS_GT_ST,GT,GT Air Control,GT IGV,A-L_UNLINKED_OPTIONAL,DCS1.GT.IGV.POS_DEV,,position_deviation,H,GT IGV 위치편차 H 알람,EXCLUDED_UNTIL_INPUT_BOUND,ABSOLUTE_VALUE_PENDING,,,HIGH,5,0.02 ratio,3,MEDIUM,노랑,#FFD60A,FALSE,TRUE,TRUE,NONE,FALSE,TRUE,A-L,UNLINKED_CANDIDATE,EXCLUDED_MISSING_INPUT,EXCLUDED_UNTIL_INPUT_BOUND,,모델 입력 미연동으로 활성 실행·검증에서 제외. 입력·단위·절대 설정값 확보 후 복원 가능.,DCS1,Gas Turbine,position_deviation > PRE_EVENT_BASELINE * 1.2,PRE_EVENT_BASELINE_RATIO,1.2,ratio_to_baseline,,,,,UNLINKED_OPTIONAL_SIGNAL,No bound model input; excluded from active and validation scope
AL-0755,DCS1,GT,dcs1.csv,SIEMENS_GT_ST,GT,GT Lube Oil,GT Lube Oil,A-L_UNLINKED_OPTIONAL,DCS1.GT.LUBE_OIL.PRESS,,pressure,L,GT Lube Oil 압력 L 알람,EXCLUDED_UNTIL_INPUT_BOUND,ABSOLUTE_VALUE_PENDING,,,LOW,5,0.02 ratio,3,MEDIUM,노랑,#FFD60A,FALSE,TRUE,TRUE,NONE,FALSE,TRUE,A-L,UNLINKED_CANDIDATE,EXCLUDED_MISSING_INPUT,EXCLUDED_UNTIL_INPUT_BOUND,,모델 입력 미연동으로 활성 실행·검증에서 제외. 입력·단위·절대 설정값 확보 후 복원 가능.,DCS1,Gas Turbine,pressure < PRE_EVENT_BASELINE * 0.9,PRE_EVENT_BASELINE_RATIO,0.9,ratio_to_baseline,,,,,UNLINKED_OPTIONAL_SIGNAL,No bound model input; excluded from active and validation scope
AL-0757,DCS1,GT,dcs1.csv,SIEMENS_GT_ST,GT,GT Lube Oil,GT Lube Oil,A-L_UNLINKED_OPTIONAL,DCS1.GT.LUBE_OIL.TEMP,,temperature,H,GT Lube Oil 온도 H 알람,EXCLUDED_UNTIL_INPUT_BOUND,ABSOLUTE_VALUE_PENDING,,,HIGH,5,0.02 ratio,3,MEDIUM,노랑,#FFD60A,FALSE,TRUE,TRUE,NONE,FALSE,TRUE,A-L,UNLINKED_CANDIDATE,EXCLUDED_MISSING_INPUT,EXCLUDED_UNTIL_INPUT_BOUND,,모델 입력 미연동으로 활성 실행·검증에서 제외. 입력·단위·절대 설정값 확보 후 복원 가능.,DCS1,Gas Turbine,temperature > PRE_EVENT_BASELINE * 1.05,PRE_EVENT_BASELINE_RATIO,1.05,ratio_to_baseline,,,,,UNLINKED_OPTIONAL_SIGNAL,No bound model input; excluded from active and validation scope
AL-0769,DCS1,GT,dcs1.csv,SIEMENS_GT_ST,GT,GT Shaft,GT Shaft,A-L_UNLINKED_OPTIONAL,DCS1.GT.SHAFT.SPEED,,speed,H,GT Shaft 회전속도 H 알람,EXCLUDED_UNTIL_INPUT_BOUND,ABSOLUTE_VALUE_PENDING,,,HIGH,5,0.02 ratio,3,MEDIUM,노랑,#FFD60A,FALSE,TRUE,TRUE,NONE,FALSE,TRUE,A-L,UNLINKED_CANDIDATE,EXCLUDED_MISSING_INPUT,EXCLUDED_UNTIL_INPUT_BOUND,,모델 입력 미연동으로 활성 실행·검증에서 제외. 입력·단위·절대 설정값 확보 후 복원 가능.,DCS1,Gas Turbine,speed > PRE_EVENT_BASELINE * 1.03,PRE_EVENT_BASELINE_RATIO,1.03,ratio_to_baseline,,,,,UNLINKED_OPTIONAL_SIGNAL,No bound model input; excluded from active and validation scope
AL-0786,DCS1,ST,dcs1.csv,SIEMENS_GT_ST,ST,ST Bearings,ST Bearing 1,A-L_UNLINKED_OPTIONAL,DCS1.ST.BRG1.VIB,,vibration,H,ST Bearing 1 진동 H 알람,EXCLUDED_UNTIL_INPUT_BOUND,ABSOLUTE_VALUE_PENDING,,,HIGH,5,0.02 ratio,3,MEDIUM,노랑,#FFD60A,FALSE,TRUE,TRUE,NONE,FALSE,TRUE,A-L,UNLINKED_CANDIDATE,EXCLUDED_MISSING_INPUT,EXCLUDED_UNTIL_INPUT_BOUND,,모델 입력 미연동으로 활성 실행·검증에서 제외. 입력·단위·절대 설정값 확보 후 복원 가능.,DCS1,Steam Turbine,vibration > PRE_EVENT_BASELINE * 1.2,PRE_EVENT_BASELINE_RATIO,1.2,ratio_to_baseline,,,,,UNLINKED_OPTIONAL_SIGNAL,No bound model input; excluded from active and validation scope
AL-0788,DCS1,ST,dcs1.csv,SIEMENS_GT_ST,ST,ST Bearings,ST Bearing 1,A-L_UNLINKED_OPTIONAL,DCS1.ST.BRG1.METAL_TEMP,,metal_temperature,H,ST Bearing 1 메탈온도 H 알람,EXCLUDED_UNTIL_INPUT_BOUND,ABSOLUTE_VALUE_PENDING,,,HIGH,5,0.02 ratio,3,MEDIUM,노랑,#FFD60A,FALSE,TRUE,TRUE,NONE,FALSE,TRUE,A-L,UNLINKED_CANDIDATE,EXCLUDED_MISSING_INPUT,EXCLUDED_UNTIL_INPUT_BOUND,,모델 입력 미연동으로 활성 실행·검증에서 제외. 입력·단위·절대 설정값 확보 후 복원 가능.,DCS1,Steam Turbine,metal_temperature > PRE_EVENT_BASELINE * 1.05,PRE_EVENT_BASELINE_RATIO,1.05,ratio_to_baseline,,,,,UNLINKED_OPTIONAL_SIGNAL,No bound model input; excluded from active and validation scope
AL-0790,DCS1,ST,dcs1.csv,SIEMENS_GT_ST,ST,ST Bearings,ST Bearing 2,A-L_UNLINKED_OPTIONAL,DCS1.ST.BRG2.VIB,,vibration,H,ST Bearing 2 진동 H 알람,EXCLUDED_UNTIL_INPUT_BOUND,ABSOLUTE_VALUE_PENDING,,,HIGH,5,0.02 ratio,3,MEDIUM,노랑,#FFD60A,FALSE,TRUE,TRUE,NONE,FALSE,TRUE,A-L,UNLINKED_CANDIDATE,EXCLUDED_MISSING_INPUT,EXCLUDED_UNTIL_INPUT_BOUND,,모델 입력 미연동으로 활성 실행·검증에서 제외. 입력·단위·절대 설정값 확보 후 복원 가능.,DCS1,Steam Turbine,vibration > PRE_EVENT_BASELINE * 1.2,PRE_EVENT_BASELINE_RATIO,1.2,ratio_to_baseline,,,,,UNLINKED_OPTIONAL_SIGNAL,No bound model input; excluded from active and validation scope
AL-0792,DCS1,ST,dcs1.csv,SIEMENS_GT_ST,ST,ST Bearings,ST Bearing 2,A-L_UNLINKED_OPTIONAL,DCS1.ST.BRG2.METAL_TEMP,,metal_temperature,H,ST Bearing 2 메탈온도 H 알람,EXCLUDED_UNTIL_INPUT_BOUND,ABSOLUTE_VALUE_PENDING,,,HIGH,5,0.02 ratio,3,MEDIUM,노랑,#FFD60A,FALSE,TRUE,TRUE,NONE,FALSE,TRUE,A-L,UNLINKED_CANDIDATE,EXCLUDED_MISSING_INPUT,EXCLUDED_UNTIL_INPUT_BOUND,,모델 입력 미연동으로 활성 실행·검증에서 제외. 입력·단위·절대 설정값 확보 후 복원 가능.,DCS1,Steam Turbine,metal_temperature > PRE_EVENT_BASELINE * 1.05,PRE_EVENT_BASELINE_RATIO,1.05,ratio_to_baseline,,,,,UNLINKED_OPTIONAL_SIGNAL,No bound model input; excluded from active and validation scope
AL-0794,DCS1,ST,dcs1.csv,SIEMENS_GT_ST,ST,ST Bearings,ST Bearing 3,A-L_UNLINKED_OPTIONAL,DCS1.ST.BRG3.VIB,,vibration,H,ST Bearing 3 진동 H 알람,EXCLUDED_UNTIL_INPUT_BOUND,ABSOLUTE_VALUE_PENDING,,,HIGH,5,0.02 ratio,3,MEDIUM,노랑,#FFD60A,FALSE,TRUE,TRUE,NONE,FALSE,TRUE,A-L,UNLINKED_CANDIDATE,EXCLUDED_MISSING_INPUT,EXCLUDED_UNTIL_INPUT_BOUND,,모델 입력 미연동으로 활성 실행·검증에서 제외. 입력·단위·절대 설정값 확보 후 복원 가능.,DCS1,Steam Turbine,vibration > PRE_EVENT_BASELINE * 1.2,PRE_EVENT_BASELINE_RATIO,1.2,ratio_to_baseline,,,,,UNLINKED_OPTIONAL_SIGNAL,No bound model input; excluded from active and validation scope
AL-0796,DCS1,ST,dcs1.csv,SIEMENS_GT_ST,ST,ST Bearings,ST Bearing 3,A-L_UNLINKED_OPTIONAL,DCS1.ST.BRG3.METAL_TEMP,,metal_temperature,H,ST Bearing 3 메탈온도 H 알람,EXCLUDED_UNTIL_INPUT_BOUND,ABSOLUTE_VALUE_PENDING,,,HIGH,5,0.02 ratio,3,MEDIUM,노랑,#FFD60A,FALSE,TRUE,TRUE,NONE,FALSE,TRUE,A-L,UNLINKED_CANDIDATE,EXCLUDED_MISSING_INPUT,EXCLUDED_UNTIL_INPUT_BOUND,,모델 입력 미연동으로 활성 실행·검증에서 제외. 입력·단위·절대 설정값 확보 후 복원 가능.,DCS1,Steam Turbine,metal_temperature > PRE_EVENT_BASELINE * 1.05,PRE_EVENT_BASELINE_RATIO,1.05,ratio_to_baseline,,,,,UNLINKED_OPTIONAL_SIGNAL,No bound model input; excluded from active and validation scope
AL-0798,DCS1,ST,dcs1.csv,SIEMENS_GT_ST,ST,ST Bearings,ST Bearing 4,A-L_UNLINKED_OPTIONAL,DCS1.ST.BRG4.VIB,,vibration,H,ST Bearing 4 진동 H 알람,EXCLUDED_UNTIL_INPUT_BOUND,ABSOLUTE_VALUE_PENDING,,,HIGH,5,0.02 ratio,3,MEDIUM,노랑,#FFD60A,FALSE,TRUE,TRUE,NONE,FALSE,TRUE,A-L,UNLINKED_CANDIDATE,EXCLUDED_MISSING_INPUT,EXCLUDED_UNTIL_INPUT_BOUND,,모델 입력 미연동으로 활성 실행·검증에서 제외. 입력·단위·절대 설정값 확보 후 복원 가능.,DCS1,Steam Turbine,vibration > PRE_EVENT_BASELINE * 1.2,PRE_EVENT_BASELINE_RATIO,1.2,ratio_to_baseline,,,,,UNLINKED_OPTIONAL_SIGNAL,No bound model input; excluded from active and validation scope
AL-0800,DCS1,ST,dcs1.csv,SIEMENS_GT_ST,ST,ST Bearings,ST Bearing 4,A-L_UNLINKED_OPTIONAL,DCS1.ST.BRG4.METAL_TEMP,,metal_temperature,H,ST Bearing 4 메탈온도 H 알람,EXCLUDED_UNTIL_INPUT_BOUND,ABSOLUTE_VALUE_PENDING,,,HIGH,5,0.02 ratio,3,MEDIUM,노랑,#FFD60A,FALSE,TRUE,TRUE,NONE,FALSE,TRUE,A-L,UNLINKED_CANDIDATE,EXCLUDED_MISSING_INPUT,EXCLUDED_UNTIL_INPUT_BOUND,,모델 입력 미연동으로 활성 실행·검증에서 제외. 입력·단위·절대 설정값 확보 후 복원 가능.,DCS1,Steam Turbine,metal_temperature > PRE_EVENT_BASELINE * 1.05,PRE_EVENT_BASELINE_RATIO,1.05,ratio_to_baseline,,,,,UNLINKED_OPTIONAL_SIGNAL,No bound model input; excluded from active and validation scope
AL-0802,DCS1,ST,dcs1.csv,SIEMENS_GT_ST,ST,ST Bearings,ST Bearing 5,A-L_UNLINKED_OPTIONAL,DCS1.ST.BRG5.VIB,,vibration,H,ST Bearing 5 진동 H 알람,EXCLUDED_UNTIL_INPUT_BOUND,ABSOLUTE_VALUE_PENDING,,,HIGH,5,0.02 ratio,3,MEDIUM,노랑,#FFD60A,FALSE,TRUE,TRUE,NONE,FALSE,TRUE,A-L,UNLINKED_CANDIDATE,EXCLUDED_MISSING_INPUT,EXCLUDED_UNTIL_INPUT_BOUND,,모델 입력 미연동으로 활성 실행·검증에서 제외. 입력·단위·절대 설정값 확보 후 복원 가능.,DCS1,Steam Turbine,vibration > PRE_EVENT_BASELINE * 1.2,PRE_EVENT_BASELINE_RATIO,1.2,ratio_to_baseline,,,,,UNLINKED_OPTIONAL_SIGNAL,No bound model input; excluded from active and validation scope
AL-0804,DCS1,ST,dcs1.csv,SIEMENS_GT_ST,ST,ST Bearings,ST Bearing 5,A-L_UNLINKED_OPTIONAL,DCS1.ST.BRG5.METAL_TEMP,,metal_temperature,H,ST Bearing 5 메탈온도 H 알람,EXCLUDED_UNTIL_INPUT_BOUND,ABSOLUTE_VALUE_PENDING,,,HIGH,5,0.02 ratio,3,MEDIUM,노랑,#FFD60A,FALSE,TRUE,TRUE,NONE,FALSE,TRUE,A-L,UNLINKED_CANDIDATE,EXCLUDED_MISSING_INPUT,EXCLUDED_UNTIL_INPUT_BOUND,,모델 입력 미연동으로 활성 실행·검증에서 제외. 입력·단위·절대 설정값 확보 후 복원 가능.,DCS1,Steam Turbine,metal_temperature > PRE_EVENT_BASELINE * 1.05,PRE_EVENT_BASELINE_RATIO,1.05,ratio_to_baseline,,,,,UNLINKED_OPTIONAL_SIGNAL,No bound model input; excluded from active and validation scope
AL-0806,DCS1,ST,dcs1.csv,SIEMENS_GT_ST,ST,ST Bearings,ST Bearing 6,A-L_UNLINKED_OPTIONAL,DCS1.ST.BRG6.VIB,,vibration,H,ST Bearing 6 진동 H 알람,EXCLUDED_UNTIL_INPUT_BOUND,ABSOLUTE_VALUE_PENDING,,,HIGH,5,0.02 ratio,3,MEDIUM,노랑,#FFD60A,FALSE,TRUE,TRUE,NONE,FALSE,TRUE,A-L,UNLINKED_CANDIDATE,EXCLUDED_MISSING_INPUT,EXCLUDED_UNTIL_INPUT_BOUND,,모델 입력 미연동으로 활성 실행·검증에서 제외. 입력·단위·절대 설정값 확보 후 복원 가능.,DCS1,Steam Turbine,vibration > PRE_EVENT_BASELINE * 1.2,PRE_EVENT_BASELINE_RATIO,1.2,ratio_to_baseline,,,,,UNLINKED_OPTIONAL_SIGNAL,No bound model input; excluded from active and validation scope
AL-0808,DCS1,ST,dcs1.csv,SIEMENS_GT_ST,ST,ST Bearings,ST Bearing 6,A-L_UNLINKED_OPTIONAL,DCS1.ST.BRG6.METAL_TEMP,,metal_temperature,H,ST Bearing 6 메탈온도 H 알람,EXCLUDED_UNTIL_INPUT_BOUND,ABSOLUTE_VALUE_PENDING,,,HIGH,5,0.02 ratio,3,MEDIUM,노랑,#FFD60A,FALSE,TRUE,TRUE,NONE,FALSE,TRUE,A-L,UNLINKED_CANDIDATE,EXCLUDED_MISSING_INPUT,EXCLUDED_UNTIL_INPUT_BOUND,,모델 입력 미연동으로 활성 실행·검증에서 제외. 입력·단위·절대 설정값 확보 후 복원 가능.,DCS1,Steam Turbine,metal_temperature > PRE_EVENT_BASELINE * 1.05,PRE_EVENT_BASELINE_RATIO,1.05,ratio_to_baseline,,,,,UNLINKED_OPTIONAL_SIGNAL,No bound model input; excluded from active and validation scope
AL-0838,DCS1,ST,dcs1.csv,SIEMENS_GT_ST,ST,ST Valve Control,ST Control Valve,A-L_UNLINKED_OPTIONAL,DCS1.ST.CV.POS_DEV,,position_deviation,H,ST Control Valve 위치편차 H 알람,EXCLUDED_UNTIL_INPUT_BOUND,ABSOLUTE_VALUE_PENDING,,,HIGH,5,0.02 ratio,3,MEDIUM,노랑,#FFD60A,FALSE,TRUE,TRUE,NONE,FALSE,TRUE,A-L,UNLINKED_CANDIDATE,EXCLUDED_MISSING_INPUT,EXCLUDED_UNTIL_INPUT_BOUND,,모델 입력 미연동으로 활성 실행·검증에서 제외. 입력·단위·절대 설정값 확보 후 복원 가능.,DCS1,Steam Turbine,position_deviation > PRE_EVENT_BASELINE * 1.2,PRE_EVENT_BASELINE_RATIO,1.2,ratio_to_baseline,,,,,UNLINKED_OPTIONAL_SIGNAL,No bound model input; excluded from active and validation scope
AL-0834,DCS1,ST,dcs1.csv,SIEMENS_GT_ST,ST,ST Gland Steam,ST Gland Steam,A-L_UNLINKED_OPTIONAL,DCS1.ST.GLAND.PRESS,,pressure,H,ST Gland Steam 압력 H 알람,EXCLUDED_UNTIL_INPUT_BOUND,ABSOLUTE_VALUE_PENDING,,,HIGH,5,0.02 ratio,3,MEDIUM,노랑,#FFD60A,FALSE,TRUE,TRUE,NONE,FALSE,TRUE,A-L,UNLINKED_CANDIDATE,EXCLUDED_MISSING_INPUT,EXCLUDED_UNTIL_INPUT_BOUND,,모델 입력 미연동으로 활성 실행·검증에서 제외. 입력·단위·절대 설정값 확보 후 복원 가능.,DCS1,Steam Turbine,pressure > PRE_EVENT_BASELINE * 1.1,PRE_EVENT_BASELINE_RATIO,1.1,ratio_to_baseline,,,,,UNLINKED_OPTIONAL_SIGNAL,No bound model input; excluded from active and validation scope
AL-0836,DCS1,ST,dcs1.csv,SIEMENS_GT_ST,ST,ST Gland Steam,ST Gland Steam,A-L_UNLINKED_OPTIONAL,DCS1.ST.GLAND.PRESS,,pressure,L,ST Gland Steam 압력 L 알람,EXCLUDED_UNTIL_INPUT_BOUND,ABSOLUTE_VALUE_PENDING,,,LOW,5,0.02 ratio,3,MEDIUM,노랑,#FFD60A,FALSE,TRUE,TRUE,NONE,FALSE,TRUE,A-L,UNLINKED_CANDIDATE,EXCLUDED_MISSING_INPUT,EXCLUDED_UNTIL_INPUT_BOUND,,모델 입력 미연동으로 활성 실행·검증에서 제외. 입력·단위·절대 설정값 확보 후 복원 가능.,DCS1,Steam Turbine,pressure < PRE_EVENT_BASELINE * 0.9,PRE_EVENT_BASELINE_RATIO,0.9,ratio_to_baseline,,,,,UNLINKED_OPTIONAL_SIGNAL,No bound model input; excluded from active and validation scope
AL-0816,DCS1,ST,dcs1.csv,SIEMENS_GT_ST,ST,ST Lube Oil,ST Lube Oil,A-L_UNLINKED_OPTIONAL,DCS1.ST.LUBE_OIL.PRESS,,pressure,L,ST Lube Oil 압력 L 알람,EXCLUDED_UNTIL_INPUT_BOUND,ABSOLUTE_VALUE_PENDING,,,LOW,5,0.02 ratio,3,MEDIUM,노랑,#FFD60A,FALSE,TRUE,TRUE,NONE,FALSE,TRUE,A-L,UNLINKED_CANDIDATE,EXCLUDED_MISSING_INPUT,EXCLUDED_UNTIL_INPUT_BOUND,,모델 입력 미연동으로 활성 실행·검증에서 제외. 입력·단위·절대 설정값 확보 후 복원 가능.,DCS1,Steam Turbine,pressure < PRE_EVENT_BASELINE * 0.9,PRE_EVENT_BASELINE_RATIO,0.9,ratio_to_baseline,,,,,UNLINKED_OPTIONAL_SIGNAL,No bound model input; excluded from active and validation scope
AL-0822,DCS1,ST,dcs1.csv,SIEMENS_GT_ST,ST,ST Main Steam,ST Main Steam,A-L_UNLINKED_OPTIONAL,DCS1.ST.MAIN_STEAM.PRESS,,pressure,H,ST Main Steam 압력 H 알람,EXCLUDED_UNTIL_INPUT_BOUND,ABSOLUTE_VALUE_PENDING,,,HIGH,5,0.02 ratio,3,MEDIUM,노랑,#FFD60A,FALSE,TRUE,TRUE,NONE,FALSE,TRUE,A-L,UNLINKED_CANDIDATE,EXCLUDED_MISSING_INPUT,EXCLUDED_UNTIL_INPUT_BOUND,,모델 입력 미연동으로 활성 실행·검증에서 제외. 입력·단위·절대 설정값 확보 후 복원 가능.,DCS1,Steam Turbine,pressure > PRE_EVENT_BASELINE * 1.08,PRE_EVENT_BASELINE_RATIO,1.08,ratio_to_baseline,,,,,UNLINKED_OPTIONAL_SIGNAL,No bound model input; excluded from active and validation scope
AL-0824,DCS1,ST,dcs1.csv,SIEMENS_GT_ST,ST,ST Main Steam,ST Main Steam,A-L_UNLINKED_OPTIONAL,DCS1.ST.MAIN_STEAM.PRESS,,pressure,L,ST Main Steam 압력 L 알람,EXCLUDED_UNTIL_INPUT_BOUND,ABSOLUTE_VALUE_PENDING,,,LOW,5,0.02 ratio,3,MEDIUM,노랑,#FFD60A,FALSE,TRUE,TRUE,NONE,FALSE,TRUE,A-L,UNLINKED_CANDIDATE,EXCLUDED_MISSING_INPUT,EXCLUDED_UNTIL_INPUT_BOUND,,모델 입력 미연동으로 활성 실행·검증에서 제외. 입력·단위·절대 설정값 확보 후 복원 가능.,DCS1,Steam Turbine,pressure < PRE_EVENT_BASELINE * 0.92,PRE_EVENT_BASELINE_RATIO,0.92,ratio_to_baseline,,,,,UNLINKED_OPTIONAL_SIGNAL,No bound model input; excluded from active and validation scope
AL-0826,DCS1,ST,dcs1.csv,SIEMENS_GT_ST,ST,ST Main Steam,ST Main Steam,A-L_UNLINKED_OPTIONAL,DCS1.ST.MAIN_STEAM.TEMP,,temperature,H,ST Main Steam 온도 H 알람,EXCLUDED_UNTIL_INPUT_BOUND,ABSOLUTE_VALUE_PENDING,,,HIGH,5,0.02 ratio,3,MEDIUM,노랑,#FFD60A,FALSE,TRUE,TRUE,NONE,FALSE,TRUE,A-L,UNLINKED_CANDIDATE,EXCLUDED_MISSING_INPUT,EXCLUDED_UNTIL_INPUT_BOUND,,모델 입력 미연동으로 활성 실행·검증에서 제외. 입력·단위·절대 설정값 확보 후 복원 가능.,DCS1,Steam Turbine,temperature > PRE_EVENT_BASELINE * 1.05,PRE_EVENT_BASELINE_RATIO,1.05,ratio_to_baseline,,,,,UNLINKED_OPTIONAL_SIGNAL,No bound model input; excluded from active and validation scope
AL-0828,DCS1,ST,dcs1.csv,SIEMENS_GT_ST,ST,ST Main Steam,ST Main Steam,A-L_UNLINKED_OPTIONAL,DCS1.ST.MAIN_STEAM.TEMP,,temperature,L,ST Main Steam 온도 L 알람,EXCLUDED_UNTIL_INPUT_BOUND,ABSOLUTE_VALUE_PENDING,,,LOW,5,0.02 ratio,3,MEDIUM,노랑,#FFD60A,FALSE,TRUE,TRUE,NONE,FALSE,TRUE,A-L,UNLINKED_CANDIDATE,EXCLUDED_MISSING_INPUT,EXCLUDED_UNTIL_INPUT_BOUND,,모델 입력 미연동으로 활성 실행·검증에서 제외. 입력·단위·절대 설정값 확보 후 복원 가능.,DCS1,Steam Turbine,temperature < PRE_EVENT_BASELINE * 0.95,PRE_EVENT_BASELINE_RATIO,0.95,ratio_to_baseline,,,,,UNLINKED_OPTIONAL_SIGNAL,No bound model input; excluded from active and validation scope
AL-0830,DCS1,ST,dcs1.csv,SIEMENS_GT_ST,ST,ST Reheat Steam,ST Reheat Steam,A-L_UNLINKED_OPTIONAL,DCS1.ST.REHEAT.TEMP,,temperature,H,ST Reheat Steam 온도 H 알람,EXCLUDED_UNTIL_INPUT_BOUND,ABSOLUTE_VALUE_PENDING,,,HIGH,5,0.02 ratio,3,MEDIUM,노랑,#FFD60A,FALSE,TRUE,TRUE,NONE,FALSE,TRUE,A-L,UNLINKED_CANDIDATE,EXCLUDED_MISSING_INPUT,EXCLUDED_UNTIL_INPUT_BOUND,,모델 입력 미연동으로 활성 실행·검증에서 제외. 입력·단위·절대 설정값 확보 후 복원 가능.,DCS1,Steam Turbine,temperature > PRE_EVENT_BASELINE * 1.05,PRE_EVENT_BASELINE_RATIO,1.05,ratio_to_baseline,,,,,UNLINKED_OPTIONAL_SIGNAL,No bound model input; excluded from active and validation scope
AL-0832,DCS1,ST,dcs1.csv,SIEMENS_GT_ST,ST,ST Reheat Steam,ST Reheat Steam,A-L_UNLINKED_OPTIONAL,DCS1.ST.REHEAT.TEMP,,temperature,L,ST Reheat Steam 온도 L 알람,EXCLUDED_UNTIL_INPUT_BOUND,ABSOLUTE_VALUE_PENDING,,,LOW,5,0.02 ratio,3,MEDIUM,노랑,#FFD60A,FALSE,TRUE,TRUE,NONE,FALSE,TRUE,A-L,UNLINKED_CANDIDATE,EXCLUDED_MISSING_INPUT,EXCLUDED_UNTIL_INPUT_BOUND,,모델 입력 미연동으로 활성 실행·검증에서 제외. 입력·단위·절대 설정값 확보 후 복원 가능.,DCS1,Steam Turbine,temperature < PRE_EVENT_BASELINE * 0.95,PRE_EVENT_BASELINE_RATIO,0.95,ratio_to_baseline,,,,,UNLINKED_OPTIONAL_SIGNAL,No bound model input; excluded from active and validation scope
AL-0810,DCS1,ST,dcs1.csv,SIEMENS_GT_ST,ST,ST Shaft,ST Shaft,A-L_UNLINKED_OPTIONAL,DCS1.ST.SHAFT.AXIAL_POS,,axial_position,H,ST Shaft 축위치 H 알람,EXCLUDED_UNTIL_INPUT_BOUND,ABSOLUTE_VALUE_PENDING,,,HIGH,5,0.02 ratio,3,MEDIUM,노랑,#FFD60A,FALSE,TRUE,TRUE,NONE,FALSE,TRUE,A-L,UNLINKED_CANDIDATE,EXCLUDED_MISSING_INPUT,EXCLUDED_UNTIL_INPUT_BOUND,,모델 입력 미연동으로 활성 실행·검증에서 제외. 입력·단위·절대 설정값 확보 후 복원 가능.,DCS1,Steam Turbine,axial_position > PRE_EVENT_BASELINE * 1.2,PRE_EVENT_BASELINE_RATIO,1.2,ratio_to_baseline,,,,,UNLINKED_OPTIONAL_SIGNAL,No bound model input; excluded from active and validation scope
AL-0812,DCS1,ST,dcs1.csv,SIEMENS_GT_ST,ST,ST Shaft,ST Shaft,A-L_UNLINKED_OPTIONAL,DCS1.ST.SHAFT.DIFF_EXP,,differential_expansion,H,ST Shaft 차팽창 H 알람,EXCLUDED_UNTIL_INPUT_BOUND,ABSOLUTE_VALUE_PENDING,,,HIGH,5,0.02 ratio,3,MEDIUM,노랑,#FFD60A,FALSE,TRUE,TRUE,NONE,FALSE,TRUE,A-L,UNLINKED_CANDIDATE,EXCLUDED_MISSING_INPUT,EXCLUDED_UNTIL_INPUT_BOUND,,모델 입력 미연동으로 활성 실행·검증에서 제외. 입력·단위·절대 설정값 확보 후 복원 가능.,DCS1,Steam Turbine,differential_expansion > PRE_EVENT_BASELINE * 1.2,PRE_EVENT_BASELINE_RATIO,1.2,ratio_to_baseline,,,,,UNLINKED_OPTIONAL_SIGNAL,No bound model input; excluded from active and validation scope
AL-0814,DCS1,ST,dcs1.csv,SIEMENS_GT_ST,ST,ST Shaft,ST Shaft,A-L_UNLINKED_OPTIONAL,DCS1.ST.SHAFT.ECCENTRICITY,,eccentricity,H,ST Shaft 편심 H 알람,EXCLUDED_UNTIL_INPUT_BOUND,ABSOLUTE_VALUE_PENDING,,,HIGH,5,0.02 ratio,3,MEDIUM,노랑,#FFD60A,FALSE,TRUE,TRUE,NONE,FALSE,TRUE,A-L,UNLINKED_CANDIDATE,EXCLUDED_MISSING_INPUT,EXCLUDED_UNTIL_INPUT_BOUND,,모델 입력 미연동으로 활성 실행·검증에서 제외. 입력·단위·절대 설정값 확보 후 복원 가능.,DCS1,Steam Turbine,eccentricity > PRE_EVENT_BASELINE * 1.2,PRE_EVENT_BASELINE_RATIO,1.2,ratio_to_baseline,,,,,UNLINKED_OPTIONAL_SIGNAL,No bound model input; excluded from active and validation scope
AL-0820,DCS1,ST,dcs1.csv,SIEMENS_GT_ST,ST,ST Shaft,ST Shaft,A-L_UNLINKED_OPTIONAL,DCS1.ST.SHAFT.SPEED,,speed,H,ST Shaft 회전속도 H 알람,EXCLUDED_UNTIL_INPUT_BOUND,ABSOLUTE_VALUE_PENDING,,,HIGH,5,0.02 ratio,3,MEDIUM,노랑,#FFD60A,FALSE,TRUE,TRUE,NONE,FALSE,TRUE,A-L,UNLINKED_CANDIDATE,EXCLUDED_MISSING_INPUT,EXCLUDED_UNTIL_INPUT_BOUND,,모델 입력 미연동으로 활성 실행·검증에서 제외. 입력·단위·절대 설정값 확보 후 복원 가능.,DCS1,Steam Turbine,speed > PRE_EVENT_BASELINE * 1.03,PRE_EVENT_BASELINE_RATIO,1.03,ratio_to_baseline,,,,,UNLINKED_OPTIONAL_SIGNAL,No bound model input; excluded from active and validation scope
AL-0818,DCS1,ST,dcs1.csv,SIEMENS_GT_ST,ST,ST Trip Oil,ST Trip Oil,A-L_UNLINKED_OPTIONAL,DCS1.ST.TRIP_OIL.PRESS,,pressure,L,ST Trip Oil 압력 L 알람,EXCLUDED_UNTIL_INPUT_BOUND,ABSOLUTE_VALUE_PENDING,,,LOW,5,0.02 ratio,3,MEDIUM,노랑,#FFD60A,FALSE,TRUE,TRUE,NONE,FALSE,TRUE,A-L,UNLINKED_CANDIDATE,EXCLUDED_MISSING_INPUT,EXCLUDED_UNTIL_INPUT_BOUND,,모델 입력 미연동으로 활성 실행·검증에서 제외. 입력·단위·절대 설정값 확보 후 복원 가능.,DCS1,Steam Turbine,pressure < PRE_EVENT_BASELINE * 0.9,PRE_EVENT_BASELINE_RATIO,0.9,ratio_to_baseline,,,,,UNLINKED_OPTIONAL_SIGNAL,No bound model input; excluded from active and validation scope
AL-0655,DCS2,BOP,dcs2.csv,ABB_HRSG_BOP,BOP,Steam Cycle / Condenser,Condenser,M-V_DIRECT,TSP.MV.CONDENSER.P,Condenser.P,P,H,Condenser 압력 고(H),Condenser.P > 105 Pa,ABSOLUTE_MODEL_VALUE,105,Pa,HIGH,5,1 Pa,3,MEDIUM,노랑,#FFD60A,FALSE,TRUE,TRUE,NONE,TRUE,TRUE,A-L,VIRTUAL_MODEL_PRETRIP_CALIBRATION,MODEL_SIGNAL_VERIFIED_ABSOLUTE_THRESHOLD_CALIBRATED,READY_ABSOLUTE_MODEL_VALUE,https://build.openmodelica.org/Documentation/ThermoSysPro.WaterSteam.HeatExchangers.SimpleDynamicCondenser.html,원시 변수명은 공개 빌드 로그로 확인. 임계값·지연·히스테리시스는 시연용 A-L 가정이며 현장 기준으로 교체 필요.,DCS2,Steam Cycle,P > PRE_EVENT_BASELINE * 1.05,PRE_EVENT_BASELINE_RATIO,1.05,ratio_to_baseline,Condenser.P,100,GT_TRIP_RAW_DATA_0.1s_0-40s.csv,0-10,CALIBRATED_MODEL_DIRECT,Direct model quantity and physical unit available
AL-0656,DCS2,BOP,dcs2.csv,ABB_HRSG_BOP,BOP,Steam Cycle / Condenser,Condenser Hotwell,M-V_DIRECT,TSP.MV.CONDENSER.VL,Condenser.Vl,normalized_level(Vl),H,Condenser Hotwell 레벨 고(H),DISABLED_UNTIL_ABSOLUTE_PHYSICAL_SIGNAL_AVAILABLE,ABSOLUTE_VALUE_PENDING,,,HIGH,5,0.03 span,3,MEDIUM,노랑,#FFD60A,FALSE,TRUE,TRUE,NONE,FALSE,TRUE,A-L,THERMOSYSPRO_MODEL+ASSUMED_LOGIC,ABSOLUTE_PHYSICAL_VALUE_NOT_AVAILABLE,DISABLED_PENDING_PHYSICAL_OUTPUT,https://build.openmodelica.org/Documentation/ThermoSysPro.WaterSteam.HeatExchangers.SimpleDynamicCondenser.html,원시 변수명은 공개 빌드 로그로 확인. 임계값·지연·히스테리시스는 시연용 A-L 가정이며 현장 기준으로 교체 필요.,DCS2,Steam Cycle,normalized_level(Vl) > 0.7,NORMALIZED_SPAN,0.7,fraction_of_span,,,,,DEFERRED_LEVEL_OR_MODEL_OUTPUT,Physical level geometry/output is unavailable
AL-0657,DCS2,BOP,dcs2.csv,ABB_HRSG_BOP,BOP,Steam Cycle / Condenser,Condenser Hotwell,M-V_DIRECT,TSP.MV.CONDENSER.VL,Condenser.Vl,normalized_level(Vl),L,Condenser Hotwell 레벨 저(L),DISABLED_UNTIL_ABSOLUTE_PHYSICAL_SIGNAL_AVAILABLE,ABSOLUTE_VALUE_PENDING,,,LOW,5,0.03 span,3,MEDIUM,노랑,#FFD60A,FALSE,TRUE,TRUE,NONE,FALSE,TRUE,A-L,THERMOSYSPRO_MODEL+ASSUMED_LOGIC,ABSOLUTE_PHYSICAL_VALUE_NOT_AVAILABLE,DISABLED_PENDING_PHYSICAL_OUTPUT,https://build.openmodelica.org/Documentation/ThermoSysPro.WaterSteam.HeatExchangers.SimpleDynamicCondenser.html,원시 변수명은 공개 빌드 로그로 확인. 임계값·지연·히스테리시스는 시연용 A-L 가정이며 현장 기준으로 교체 필요.,DCS2,Steam Cycle,normalized_level(Vl) < 0.3,NORMALIZED_SPAN,0.3,fraction_of_span,,,,,DEFERRED_LEVEL_OR_MODEL_OUTPUT,Physical level geometry/output is unavailable
AL-0658,DCS2,BOP,dcs2.csv,ABB_HRSG_BOP,BOP,Steam Cycle / Intermediate Volumes,VolumeECO HP1 2,M-V_DIRECT,TSP.MV.VOLUMEECO_HP1_2.P,VolumeECO_HP1_2.P,P,H,VolumeECO HP1 2 압력 고(H),VolumeECO_HP1_2.P > 105 Pa,ABSOLUTE_MODEL_VALUE,105,Pa,HIGH,5,1 Pa,3,MEDIUM,노랑,#FFD60A,FALSE,TRUE,TRUE,NONE,TRUE,TRUE,A-L,VIRTUAL_MODEL_PRETRIP_CALIBRATION,MODEL_SIGNAL_VERIFIED_ABSOLUTE_THRESHOLD_CALIBRATED,READY_ABSOLUTE_MODEL_VALUE,https://libraries.openmodelica.org/branches/master/ThermoSysPro/files/ThermoSysPro_ThermoSysPro.Examples.Book.PowerPlants.CombinedCyclePowerPlant.GasTurbineTrip.err,원시 변수명은 공개 빌드 로그로 확인. 임계값·지연·히스테리시스는 시연용 A-L 가정이며 현장 기준으로 교체 필요.,DCS2,Steam Cycle,P > PRE_EVENT_BASELINE * 1.05,PRE_EVENT_BASELINE_RATIO,1.05,ratio_to_baseline,VolumeECO_HP1_2.P,100,GT_TRIP_RAW_DATA_0.1s_0-40s.csv,0-10,CALIBRATED_MODEL_DIRECT,Direct model quantity and physical unit available
AL-0659,DCS2,BOP,dcs2.csv,ABB_HRSG_BOP,BOP,Steam Cycle / Intermediate Volumes,VolumeECO HP1 2,M-V_DIRECT,TSP.MV.VOLUMEECO_HP1_2.P,VolumeECO_HP1_2.P,P,L,VolumeECO HP1 2 압력 저(L),VolumeECO_HP1_2.P < 95 Pa,ABSOLUTE_MODEL_VALUE,95,Pa,LOW,5,1 Pa,3,MEDIUM,노랑,#FFD60A,FALSE,TRUE,TRUE,NONE,TRUE,TRUE,A-L,VIRTUAL_MODEL_PRETRIP_CALIBRATION,MODEL_SIGNAL_VERIFIED_ABSOLUTE_THRESHOLD_CALIBRATED,READY_ABSOLUTE_MODEL_VALUE,https://libraries.openmodelica.org/branches/master/ThermoSysPro/files/ThermoSysPro_ThermoSysPro.Examples.Book.PowerPlants.CombinedCyclePowerPlant.GasTurbineTrip.err,원시 변수명은 공개 빌드 로그로 확인. 임계값·지연·히스테리시스는 시연용 A-L 가정이며 현장 기준으로 교체 필요.,DCS2,Steam Cycle,P < PRE_EVENT_BASELINE * 0.95,PRE_EVENT_BASELINE_RATIO,0.95,ratio_to_baseline,VolumeECO_HP1_2.P,100,GT_TRIP_RAW_DATA_0.1s_0-40s.csv,0-10,CALIBRATED_MODEL_DIRECT,Direct model quantity and physical unit available
AL-0660,DCS2,BOP,dcs2.csv,ABB_HRSG_BOP,BOP,Steam Cycle / Intermediate Volumes,VolumeECO HP2 3,M-V_DIRECT,TSP.MV.VOLUMEECO_HP2_3.P,VolumeECO_HP2_3.P,P,H,VolumeECO HP2 3 압력 고(H),VolumeECO_HP2_3.P > 105 Pa,ABSOLUTE_MODEL_VALUE,105,Pa,HIGH,5,1 Pa,3,MEDIUM,노랑,#FFD60A,FALSE,TRUE,TRUE,NONE,TRUE,TRUE,A-L,VIRTUAL_MODEL_PRETRIP_CALIBRATION,MODEL_SIGNAL_VERIFIED_ABSOLUTE_THRESHOLD_CALIBRATED,READY_ABSOLUTE_MODEL_VALUE,https://libraries.openmodelica.org/branches/master/ThermoSysPro/files/ThermoSysPro_ThermoSysPro.Examples.Book.PowerPlants.CombinedCyclePowerPlant.GasTurbineTrip.err,원시 변수명은 공개 빌드 로그로 확인. 임계값·지연·히스테리시스는 시연용 A-L 가정이며 현장 기준으로 교체 필요.,DCS2,Steam Cycle,P > PRE_EVENT_BASELINE * 1.05,PRE_EVENT_BASELINE_RATIO,1.05,ratio_to_baseline,VolumeECO_HP2_3.P,100,GT_TRIP_RAW_DATA_0.1s_0-40s.csv,0-10,CALIBRATED_MODEL_DIRECT,Direct model quantity and physical unit available
AL-0661,DCS2,BOP,dcs2.csv,ABB_HRSG_BOP,BOP,Steam Cycle / Intermediate Volumes,VolumeECO HP2 3,M-V_DIRECT,TSP.MV.VOLUMEECO_HP2_3.P,VolumeECO_HP2_3.P,P,L,VolumeECO HP2 3 압력 저(L),VolumeECO_HP2_3.P < 95 Pa,ABSOLUTE_MODEL_VALUE,95,Pa,LOW,5,1 Pa,3,MEDIUM,노랑,#FFD60A,FALSE,TRUE,TRUE,NONE,TRUE,TRUE,A-L,VIRTUAL_MODEL_PRETRIP_CALIBRATION,MODEL_SIGNAL_VERIFIED_ABSOLUTE_THRESHOLD_CALIBRATED,READY_ABSOLUTE_MODEL_VALUE,https://libraries.openmodelica.org/branches/master/ThermoSysPro/files/ThermoSysPro_ThermoSysPro.Examples.Book.PowerPlants.CombinedCyclePowerPlant.GasTurbineTrip.err,원시 변수명은 공개 빌드 로그로 확인. 임계값·지연·히스테리시스는 시연용 A-L 가정이며 현장 기준으로 교체 필요.,DCS2,Steam Cycle,P < PRE_EVENT_BASELINE * 0.95,PRE_EVENT_BASELINE_RATIO,0.95,ratio_to_baseline,VolumeECO_HP2_3.P,100,GT_TRIP_RAW_DATA_0.1s_0-40s.csv,0-10,CALIBRATED_MODEL_DIRECT,Direct model quantity and physical unit available
AL-0662,DCS2,BOP,dcs2.csv,ABB_HRSG_BOP,BOP,Steam Cycle / Intermediate Volumes,VolumeIP,M-V_DIRECT,TSP.MV.VOLUMEIP.P,VolumeIP.P,P,H,VolumeIP 압력 고(H),VolumeIP.P > 105 Pa,ABSOLUTE_MODEL_VALUE,105,Pa,HIGH,5,1 Pa,3,MEDIUM,노랑,#FFD60A,FALSE,TRUE,TRUE,NONE,TRUE,TRUE,A-L,VIRTUAL_MODEL_PRETRIP_CALIBRATION,MODEL_SIGNAL_VERIFIED_ABSOLUTE_THRESHOLD_CALIBRATED,READY_ABSOLUTE_MODEL_VALUE,https://libraries.openmodelica.org/branches/master/ThermoSysPro/files/ThermoSysPro_ThermoSysPro.Examples.Book.PowerPlants.CombinedCyclePowerPlant.GasTurbineTrip.err,원시 변수명은 공개 빌드 로그로 확인. 임계값·지연·히스테리시스는 시연용 A-L 가정이며 현장 기준으로 교체 필요.,DCS2,Steam Cycle,P > PRE_EVENT_BASELINE * 1.05,PRE_EVENT_BASELINE_RATIO,1.05,ratio_to_baseline,VolumeIP.P,100,GT_TRIP_RAW_DATA_0.1s_0-40s.csv,0-10,CALIBRATED_MODEL_DIRECT,Direct model quantity and physical unit available
AL-0663,DCS2,BOP,dcs2.csv,ABB_HRSG_BOP,BOP,Steam Cycle / Intermediate Volumes,VolumeIP,M-V_DIRECT,TSP.MV.VOLUMEIP.P,VolumeIP.P,P,L,VolumeIP 압력 저(L),VolumeIP.P < 95 Pa,ABSOLUTE_MODEL_VALUE,95,Pa,LOW,5,1 Pa,3,MEDIUM,노랑,#FFD60A,FALSE,TRUE,TRUE,NONE,TRUE,TRUE,A-L,VIRTUAL_MODEL_PRETRIP_CALIBRATION,MODEL_SIGNAL_VERIFIED_ABSOLUTE_THRESHOLD_CALIBRATED,READY_ABSOLUTE_MODEL_VALUE,https://libraries.openmodelica.org/branches/master/ThermoSysPro/files/ThermoSysPro_ThermoSysPro.Examples.Book.PowerPlants.CombinedCyclePowerPlant.GasTurbineTrip.err,원시 변수명은 공개 빌드 로그로 확인. 임계값·지연·히스테리시스는 시연용 A-L 가정이며 현장 기준으로 교체 필요.,DCS2,Steam Cycle,P < PRE_EVENT_BASELINE * 0.95,PRE_EVENT_BASELINE_RATIO,0.95,ratio_to_baseline,VolumeIP.P,100,GT_TRIP_RAW_DATA_0.1s_0-40s.csv,0-10,CALIBRATED_MODEL_DIRECT,Direct model quantity and physical unit available
AL-0664,DCS2,BOP,dcs2.csv,ABB_HRSG_BOP,BOP,Steam Cycle / Intermediate Volumes,VolumePreTHP,M-V_DIRECT,TSP.MV.VOLUMEPRETHP.P,VolumePreTHP.P,P,H,VolumePreTHP 압력 고(H),VolumePreTHP.P > 105 Pa,ABSOLUTE_MODEL_VALUE,105,Pa,HIGH,5,1 Pa,3,MEDIUM,노랑,#FFD60A,FALSE,TRUE,TRUE,NONE,TRUE,TRUE,A-L,VIRTUAL_MODEL_PRETRIP_CALIBRATION,MODEL_SIGNAL_VERIFIED_ABSOLUTE_THRESHOLD_CALIBRATED,READY_ABSOLUTE_MODEL_VALUE,https://libraries.openmodelica.org/branches/master/ThermoSysPro/files/ThermoSysPro_ThermoSysPro.Examples.Book.PowerPlants.CombinedCyclePowerPlant.GasTurbineTrip.err,원시 변수명은 공개 빌드 로그로 확인. 임계값·지연·히스테리시스는 시연용 A-L 가정이며 현장 기준으로 교체 필요.,DCS2,Steam Cycle,P > PRE_EVENT_BASELINE * 1.05,PRE_EVENT_BASELINE_RATIO,1.05,ratio_to_baseline,VolumePreTHP.P,100,GT_TRIP_RAW_DATA_0.1s_0-40s.csv,0-10,CALIBRATED_MODEL_DIRECT,Direct model quantity and physical unit available
AL-0665,DCS2,BOP,dcs2.csv,ABB_HRSG_BOP,BOP,Steam Cycle / Intermediate Volumes,VolumePreTHP,M-V_DIRECT,TSP.MV.VOLUMEPRETHP.P,VolumePreTHP.P,P,L,VolumePreTHP 압력 저(L),VolumePreTHP.P < 95 Pa,ABSOLUTE_MODEL_VALUE,95,Pa,LOW,5,1 Pa,3,MEDIUM,노랑,#FFD60A,FALSE,TRUE,TRUE,NONE,TRUE,TRUE,A-L,VIRTUAL_MODEL_PRETRIP_CALIBRATION,MODEL_SIGNAL_VERIFIED_ABSOLUTE_THRESHOLD_CALIBRATED,READY_ABSOLUTE_MODEL_VALUE,https://libraries.openmodelica.org/branches/master/ThermoSysPro/files/ThermoSysPro_ThermoSysPro.Examples.Book.PowerPlants.CombinedCyclePowerPlant.GasTurbineTrip.err,원시 변수명은 공개 빌드 로그로 확인. 임계값·지연·히스테리시스는 시연용 A-L 가정이며 현장 기준으로 교체 필요.,DCS2,Steam Cycle,P < PRE_EVENT_BASELINE * 0.95,PRE_EVENT_BASELINE_RATIO,0.95,ratio_to_baseline,VolumePreTHP.P,100,GT_TRIP_RAW_DATA_0.1s_0-40s.csv,0-10,CALIBRATED_MODEL_DIRECT,Direct model quantity and physical unit available
AL-0348,DCS2,HRSG,dcs2.csv,ABB_HRSG_BOP,HRSG,HP HRSG,HP Drum,M-V_DIRECT,TSP.DRUM.HP.LEVEL,BallonHP.zl,hp_drum_level_mm,H,HP Drum 레벨 고(H),hp_drum_level_mm > 1150.000079 mm,ABSOLUTE_MODEL_LEVEL,1150.000079,mm,HIGH,5,20 mm,3,MEDIUM,노랑,#FFD60A,FALSE,TRUE,TRUE,NONE,TRUE,TRUE,A-L,THERMOSYSPRO_DIRECT_LEVEL_CALIBRATION,MODEL_LEVEL_VERIFIED_ABSOLUTE_THRESHOLD_CALIBRATED,READY_AFTER_M_TO_MM_ADAPTER,https://build.openmodelica.org/Documentation/ThermoSysPro.WaterSteam.Volumes.DynamicDrum.html,원시 변수명은 공개 빌드 로그로 확인. 임계값·지연·히스테리시스는 시연용 A-L 가정이며 현장 기준으로 교체 필요.,DCS2,HRSG,normalized_level(Vl) > 0.7,NORMALIZED_SPAN,0.7,fraction_of_span,BallonHP.zl,1050.000079,LOCAL_thermosyspro-raw.csv,0-50,CALIBRATED_MODEL_LEVEL_MM,Direct ThermoSysPro drum level converted from m to mm
AL-0349,DCS2,HRSG,dcs2.csv,ABB_HRSG_BOP,HRSG,HP HRSG,HP Drum,M-V_DIRECT,TSP.DRUM.HP.LEVEL,BallonHP.zl,hp_drum_level_mm,L,HP Drum 레벨 저(L),hp_drum_level_mm < 950.000079 mm,ABSOLUTE_MODEL_LEVEL,950.000079,mm,LOW,5,20 mm,3,MEDIUM,노랑,#FFD60A,FALSE,TRUE,TRUE,NONE,TRUE,TRUE,A-L,THERMOSYSPRO_DIRECT_LEVEL_CALIBRATION,MODEL_LEVEL_VERIFIED_ABSOLUTE_THRESHOLD_CALIBRATED,READY_AFTER_M_TO_MM_ADAPTER,https://build.openmodelica.org/Documentation/ThermoSysPro.WaterSteam.Volumes.DynamicDrum.html,원시 변수명은 공개 빌드 로그로 확인. 임계값·지연·히스테리시스는 시연용 A-L 가정이며 현장 기준으로 교체 필요.,DCS2,HRSG,normalized_level(Vl) < 0.3,NORMALIZED_SPAN,0.3,fraction_of_span,BallonHP.zl,1050.000079,LOCAL_thermosyspro-raw.csv,0-50,CALIBRATED_MODEL_LEVEL_MM,Direct ThermoSysPro drum level converted from m to mm
AL-0350,DCS2,HRSG,dcs2.csv,ABB_HRSG_BOP,HRSG,HP HRSG,HP Drum,M-V_DIRECT,TSP.MV.HP_DRUM.TP,HP_Drum.Tp,Tp,H,HP Drum 벽온도 고(H),HP_Drum.Tp > 669.5 K,ABSOLUTE_MODEL_VALUE,669.5,K,HIGH,10,6.5 K,3,MEDIUM,노랑,#FFD60A,FALSE,TRUE,TRUE,NONE,TRUE,TRUE,A-L,VIRTUAL_MODEL_PRETRIP_CALIBRATION,MODEL_SIGNAL_VERIFIED_ABSOLUTE_THRESHOLD_CALIBRATED,READY_ABSOLUTE_MODEL_VALUE,https://build.openmodelica.org/Documentation/ThermoSysPro.WaterSteam.Volumes.DynamicDrum.html,원시 변수명은 공개 빌드 로그로 확인. 임계값·지연·히스테리시스는 시연용 A-L 가정이며 현장 기준으로 교체 필요.,DCS2,HRSG,Tp > PRE_EVENT_BASELINE * 1.03,PRE_EVENT_BASELINE_RATIO,1.03,ratio_to_baseline,HP_Drum.Tp,650,GT_TRIP_RAW_DATA_0.1s_0-40s.csv,0-10,CALIBRATED_MODEL_DIRECT,Direct model quantity and physical unit available
AL-0351,DCS2,HRSG,dcs2.csv,ABB_HRSG_BOP,HRSG,HP HRSG,HP Drum,M-V_DIRECT,TSP.MV.HP_DRUM.P,HP_Drum.P,P,H,HP Drum 압력 고(H),HP_Drum.P > 12600000 Pa,ABSOLUTE_MODEL_VALUE,12600000,Pa,HIGH,5,120000 Pa,3,MEDIUM,노랑,#FFD60A,FALSE,TRUE,TRUE,NONE,TRUE,TRUE,A-L,VIRTUAL_MODEL_PRETRIP_CALIBRATION,MODEL_SIGNAL_VERIFIED_ABSOLUTE_THRESHOLD_CALIBRATED,READY_ABSOLUTE_MODEL_VALUE,https://build.openmodelica.org/Documentation/ThermoSysPro.WaterSteam.Volumes.DynamicDrum.html,원시 변수명은 공개 빌드 로그로 확인. 임계값·지연·히스테리시스는 시연용 A-L 가정이며 현장 기준으로 교체 필요.,DCS2,HRSG,P > PRE_EVENT_BASELINE * 1.05,PRE_EVENT_BASELINE_RATIO,1.05,ratio_to_baseline,HP_Drum.P,12000000,GT_TRIP_RAW_DATA_0.1s_0-40s.csv,0-10,CALIBRATED_MODEL_DIRECT,Direct model quantity and physical unit available
AL-0352,DCS2,HRSG,dcs2.csv,ABB_HRSG_BOP,HRSG,HP HRSG,HP Drum,M-V_DIRECT,TSP.MV.HP_DRUM.P,HP_Drum.P,P,L,HP Drum 압력 저(L),HP_Drum.P < 11400000 Pa,ABSOLUTE_MODEL_VALUE,11400000,Pa,LOW,5,120000 Pa,3,MEDIUM,노랑,#FFD60A,FALSE,TRUE,TRUE,NONE,TRUE,TRUE,A-L,VIRTUAL_MODEL_PRETRIP_CALIBRATION,MODEL_SIGNAL_VERIFIED_ABSOLUTE_THRESHOLD_CALIBRATED,READY_ABSOLUTE_MODEL_VALUE,https://build.openmodelica.org/Documentation/ThermoSysPro.WaterSteam.Volumes.DynamicDrum.html,원시 변수명은 공개 빌드 로그로 확인. 임계값·지연·히스테리시스는 시연용 A-L 가정이며 현장 기준으로 교체 필요.,DCS2,HRSG,P < PRE_EVENT_BASELINE * 0.95,PRE_EVENT_BASELINE_RATIO,0.95,ratio_to_baseline,HP_Drum.P,12000000,GT_TRIP_RAW_DATA_0.1s_0-40s.csv,0-10,CALIBRATED_MODEL_DIRECT,Direct model quantity and physical unit available
AL-0353,DCS2,HRSG,dcs2.csv,ABB_HRSG_BOP,HRSG,HP HRSG,HP Economizer 1 Cell 1,M-V_DIRECT,TSP.MV.HP_ECONOMIZER_1.WS.Q_1,HP_Economizer_1.TwoPhaseFlowPipe.Q[1],Q,L,HP Economizer 1 Cell 1 유량 저(L),HP_Economizer_1.TwoPhaseFlowPipe.Q[1] < 75 kg/s,ABSOLUTE_MODEL_VALUE,75,kg/s,LOW,5,5 kg/s,3,MEDIUM,노랑,#FFD60A,FALSE,TRUE,TRUE,NONE,TRUE,TRUE,A-L,VIRTUAL_MODEL_PRETRIP_CALIBRATION,MODEL_SIGNAL_VERIFIED_ABSOLUTE_THRESHOLD_CALIBRATED,READY_ABSOLUTE_MODEL_VALUE,https://build.openmodelica.org/Documentation/ThermoSysPro.WaterSteam.HeatExchangers.DynamicTwoPhaseFlowPipe.html,원시 변수명은 공개 빌드 로그로 확인. 임계값·지연·히스테리시스는 시연용 A-L 가정이며 현장 기준으로 교체 필요.,DCS2,HRSG,Q < PRE_EVENT_BASELINE * 0.75,PRE_EVENT_BASELINE_RATIO,0.75,ratio_to_baseline,HP_Economizer_1.TwoPhaseFlowPipe.Q[1],100,GT_TRIP_RAW_DATA_0.1s_0-40s.csv,0-10,CALIBRATED_MODEL_DIRECT,Direct model quantity and physical unit available
AL-0354,DCS2,HRSG,dcs2.csv,ABB_HRSG_BOP,HRSG,HP HRSG,HP Economizer 1 Cell 2,M-V_DIRECT,TSP.MV.HP_ECONOMIZER_1.WS.P_2,HP_Economizer_1.TwoPhaseFlowPipe.P[2],P,H,HP Economizer 1 Cell 2 압력 고(H),HP_Economizer_1.TwoPhaseFlowPipe.P[2] > 12600000 Pa,ABSOLUTE_MODEL_VALUE,12600000,Pa,HIGH,5,120000 Pa,3,MEDIUM,노랑,#FFD60A,FALSE,TRUE,TRUE,NONE,TRUE,TRUE,A-L,VIRTUAL_MODEL_PRETRIP_CALIBRATION,MODEL_SIGNAL_VERIFIED_ABSOLUTE_THRESHOLD_CALIBRATED,READY_ABSOLUTE_MODEL_VALUE,https://build.openmodelica.org/Documentation/ThermoSysPro.WaterSteam.HeatExchangers.DynamicTwoPhaseFlowPipe.html,원시 변수명은 공개 빌드 로그로 확인. 임계값·지연·히스테리시스는 시연용 A-L 가정이며 현장 기준으로 교체 필요.,DCS2,HRSG,P > PRE_EVENT_BASELINE * 1.05,PRE_EVENT_BASELINE_RATIO,1.05,ratio_to_baseline,HP_Economizer_1.TwoPhaseFlowPipe.P[2],12000000,GT_TRIP_RAW_DATA_0.1s_0-40s.csv,0-10,CALIBRATED_MODEL_DIRECT,Direct model quantity and physical unit available
AL-0355,DCS2,HRSG,dcs2.csv,ABB_HRSG_BOP,HRSG,HP HRSG,HP Economizer 1 Cell 2,M-V_DIRECT,TSP.MV.HP_ECONOMIZER_1.WS.P_2,HP_Economizer_1.TwoPhaseFlowPipe.P[2],P,L,HP Economizer 1 Cell 2 압력 저(L),HP_Economizer_1.TwoPhaseFlowPipe.P[2] < 11400000 Pa,ABSOLUTE_MODEL_VALUE,11400000,Pa,LOW,5,120000 Pa,3,MEDIUM,노랑,#FFD60A,FALSE,TRUE,TRUE,NONE,TRUE,TRUE,A-L,VIRTUAL_MODEL_PRETRIP_CALIBRATION,MODEL_SIGNAL_VERIFIED_ABSOLUTE_THRESHOLD_CALIBRATED,READY_ABSOLUTE_MODEL_VALUE,https://build.openmodelica.org/Documentation/ThermoSysPro.WaterSteam.HeatExchangers.DynamicTwoPhaseFlowPipe.html,원시 변수명은 공개 빌드 로그로 확인. 임계값·지연·히스테리시스는 시연용 A-L 가정이며 현장 기준으로 교체 필요.,DCS2,HRSG,P < PRE_EVENT_BASELINE * 0.95,PRE_EVENT_BASELINE_RATIO,0.95,ratio_to_baseline,HP_Economizer_1.TwoPhaseFlowPipe.P[2],12000000,GT_TRIP_RAW_DATA_0.1s_0-40s.csv,0-10,CALIBRATED_MODEL_DIRECT,Direct model quantity and physical unit available
AL-0356,DCS2,HRSG,dcs2.csv,ABB_HRSG_BOP,HRSG,HP HRSG,HP Economizer 1 Cell 2,M-V_DIRECT,TSP.MV.HP_ECONOMIZER_1.WS.Q_2,HP_Economizer_1.TwoPhaseFlowPipe.Q[2],Q,L,HP Economizer 1 Cell 2 유량 저(L),HP_Economizer_1.TwoPhaseFlowPipe.Q[2] < 75 kg/s,ABSOLUTE_MODEL_VALUE,75,kg/s,LOW,5,5 kg/s,3,MEDIUM,노랑,#FFD60A,FALSE,TRUE,TRUE,NONE,TRUE,TRUE,A-L,VIRTUAL_MODEL_PRETRIP_CALIBRATION,MODEL_SIGNAL_VERIFIED_ABSOLUTE_THRESHOLD_CALIBRATED,READY_ABSOLUTE_MODEL_VALUE,https://build.openmodelica.org/Documentation/ThermoSysPro.WaterSteam.HeatExchangers.DynamicTwoPhaseFlowPipe.html,원시 변수명은 공개 빌드 로그로 확인. 임계값·지연·히스테리시스는 시연용 A-L 가정이며 현장 기준으로 교체 필요.,DCS2,HRSG,Q < PRE_EVENT_BASELINE * 0.75,PRE_EVENT_BASELINE_RATIO,0.75,ratio_to_baseline,HP_Economizer_1.TwoPhaseFlowPipe.Q[2],100,GT_TRIP_RAW_DATA_0.1s_0-40s.csv,0-10,CALIBRATED_MODEL_DIRECT,Direct model quantity and physical unit available
AL-0357,DCS2,HRSG,dcs2.csv,ABB_HRSG_BOP,HRSG,HP HRSG,HP Economizer 1 Cell 2,M-V_CALCULATED,TSP.MV.HP_ECONOMIZER_1.WS.P_2;TSP.MV.HP_ECONOMIZER_1.WS.H_2,HP_Economizer_1.TwoPhaseFlowPipe.P[2];HP_Economizer_1.TwoPhaseFlowPipe.h[2],"T_ph(P,h)",H,HP Economizer 1 Cell 2 유체온도 고(H),DISABLED_UNTIL_ABSOLUTE_PHYSICAL_SIGNAL_AVAILABLE,ABSOLUTE_VALUE_PENDING,,,HIGH,5,0.01 ratio,3,MEDIUM,노랑,#FFD60A,FALSE,TRUE,TRUE,NONE,FALSE,TRUE,A-L,THERMOSYSPRO_MODEL+ASSUMED_LOGIC,ABSOLUTE_PHYSICAL_VALUE_NOT_AVAILABLE,DISABLED_PENDING_PHYSICAL_OUTPUT,https://build.openmodelica.org/Documentation/ThermoSysPro.WaterSteam.HeatExchangers.DynamicTwoPhaseFlowPipe.html,원시 변수명은 공개 빌드 로그로 확인. 임계값·지연·히스테리시스는 시연용 A-L 가정이며 현장 기준으로 교체 필요.,DCS2,HRSG,"T_ph(P,h) > PRE_EVENT_BASELINE * 1.03",PRE_EVENT_BASELINE_RATIO,1.03,ratio_to_baseline,,,,,DEFERRED_PROPERTY_CALCULATION,P/h property output must be exported and calculated in physical units
AL-0358,DCS2,HRSG,dcs2.csv,ABB_HRSG_BOP,HRSG,HP HRSG,HP Economizer 1 Cell 2,M-V_CALCULATED,TSP.MV.HP_ECONOMIZER_1.WS.P_2;TSP.MV.HP_ECONOMIZER_1.WS.H_2,HP_Economizer_1.TwoPhaseFlowPipe.P[2];HP_Economizer_1.TwoPhaseFlowPipe.h[2],"T_ph(P,h)",L,HP Economizer 1 Cell 2 유체온도 저(L),DISABLED_UNTIL_ABSOLUTE_PHYSICAL_SIGNAL_AVAILABLE,ABSOLUTE_VALUE_PENDING,,,LOW,5,0.01 ratio,3,MEDIUM,노랑,#FFD60A,FALSE,TRUE,TRUE,NONE,FALSE,TRUE,A-L,THERMOSYSPRO_MODEL+ASSUMED_LOGIC,ABSOLUTE_PHYSICAL_VALUE_NOT_AVAILABLE,DISABLED_PENDING_PHYSICAL_OUTPUT,https://build.openmodelica.org/Documentation/ThermoSysPro.WaterSteam.HeatExchangers.DynamicTwoPhaseFlowPipe.html,원시 변수명은 공개 빌드 로그로 확인. 임계값·지연·히스테리시스는 시연용 A-L 가정이며 현장 기준으로 교체 필요.,DCS2,HRSG,"T_ph(P,h) < PRE_EVENT_BASELINE * 0.97",PRE_EVENT_BASELINE_RATIO,0.97,ratio_to_baseline,,,,,DEFERRED_PROPERTY_CALCULATION,P/h property output must be exported and calculated in physical units
AL-0359,DCS2,HRSG,dcs2.csv,ABB_HRSG_BOP,HRSG,HP HRSG,HP Economizer 1 Cell 3,M-V_DIRECT,TSP.MV.HP_ECONOMIZER_1.WS.P_3,HP_Economizer_1.TwoPhaseFlowPipe.P[3],P,H,HP Economizer 1 Cell 3 압력 고(H),HP_Economizer_1.TwoPhaseFlowPipe.P[3] > 12600000 Pa,ABSOLUTE_MODEL_VALUE,12600000,Pa,HIGH,5,120000 Pa,3,MEDIUM,노랑,#FFD60A,FALSE,TRUE,TRUE,NONE,TRUE,TRUE,A-L,VIRTUAL_MODEL_PRETRIP_CALIBRATION,MODEL_SIGNAL_VERIFIED_ABSOLUTE_THRESHOLD_CALIBRATED,READY_ABSOLUTE_MODEL_VALUE,https://build.openmodelica.org/Documentation/ThermoSysPro.WaterSteam.HeatExchangers.DynamicTwoPhaseFlowPipe.html,원시 변수명은 공개 빌드 로그로 확인. 임계값·지연·히스테리시스는 시연용 A-L 가정이며 현장 기준으로 교체 필요.,DCS2,HRSG,P > PRE_EVENT_BASELINE * 1.05,PRE_EVENT_BASELINE_RATIO,1.05,ratio_to_baseline,HP_Economizer_1.TwoPhaseFlowPipe.P[3],12000000,GT_TRIP_RAW_DATA_0.1s_0-40s.csv,0-10,CALIBRATED_MODEL_DIRECT,Direct model quantity and physical unit available
AL-0360,DCS2,HRSG,dcs2.csv,ABB_HRSG_BOP,HRSG,HP HRSG,HP Economizer 1 Cell 3,M-V_DIRECT,TSP.MV.HP_ECONOMIZER_1.WS.P_3,HP_Economizer_1.TwoPhaseFlowPipe.P[3],P,L,HP Economizer 1 Cell 3 압력 저(L),HP_Economizer_1.TwoPhaseFlowPipe.P[3] < 11400000 Pa,ABSOLUTE_MODEL_VALUE,11400000,Pa,LOW,5,120000 Pa,3,MEDIUM,노랑,#FFD60A,FALSE,TRUE,TRUE,NONE,TRUE,TRUE,A-L,VIRTUAL_MODEL_PRETRIP_CALIBRATION,MODEL_SIGNAL_VERIFIED_ABSOLUTE_THRESHOLD_CALIBRATED,READY_ABSOLUTE_MODEL_VALUE,https://build.openmodelica.org/Documentation/ThermoSysPro.WaterSteam.HeatExchangers.DynamicTwoPhaseFlowPipe.html,원시 변수명은 공개 빌드 로그로 확인. 임계값·지연·히스테리시스는 시연용 A-L 가정이며 현장 기준으로 교체 필요.,DCS2,HRSG,P < PRE_EVENT_BASELINE * 0.95,PRE_EVENT_BASELINE_RATIO,0.95,ratio_to_baseline,HP_Economizer_1.TwoPhaseFlowPipe.P[3],12000000,GT_TRIP_RAW_DATA_0.1s_0-40s.csv,0-10,CALIBRATED_MODEL_DIRECT,Direct model quantity and physical unit available
AL-0361,DCS2,HRSG,dcs2.csv,ABB_HRSG_BOP,HRSG,HP HRSG,HP Economizer 1 Cell 3,M-V_DIRECT,TSP.MV.HP_ECONOMIZER_1.WS.Q_3,HP_Economizer_1.TwoPhaseFlowPipe.Q[3],Q,L,HP Economizer 1 Cell 3 유량 저(L),HP_Economizer_1.TwoPhaseFlowPipe.Q[3] < 75 kg/s,ABSOLUTE_MODEL_VALUE,75,kg/s,LOW,5,5 kg/s,3,MEDIUM,노랑,#FFD60A,FALSE,TRUE,TRUE,NONE,TRUE,TRUE,A-L,VIRTUAL_MODEL_PRETRIP_CALIBRATION,MODEL_SIGNAL_VERIFIED_ABSOLUTE_THRESHOLD_CALIBRATED,READY_ABSOLUTE_MODEL_VALUE,https://build.openmodelica.org/Documentation/ThermoSysPro.WaterSteam.HeatExchangers.DynamicTwoPhaseFlowPipe.html,원시 변수명은 공개 빌드 로그로 확인. 임계값·지연·히스테리시스는 시연용 A-L 가정이며 현장 기준으로 교체 필요.,DCS2,HRSG,Q < PRE_EVENT_BASELINE * 0.75,PRE_EVENT_BASELINE_RATIO,0.75,ratio_to_baseline,HP_Economizer_1.TwoPhaseFlowPipe.Q[3],100,GT_TRIP_RAW_DATA_0.1s_0-40s.csv,0-10,CALIBRATED_MODEL_DIRECT,Direct model quantity and physical unit available
AL-0362,DCS2,HRSG,dcs2.csv,ABB_HRSG_BOP,HRSG,HP HRSG,HP Economizer 1 Cell 3,M-V_CALCULATED,TSP.MV.HP_ECONOMIZER_1.WS.P_3;TSP.MV.HP_ECONOMIZER_1.WS.H_3,HP_Economizer_1.TwoPhaseFlowPipe.P[3];HP_Economizer_1.TwoPhaseFlowPipe.h[3],"T_ph(P,h)",H,HP Economizer 1 Cell 3 유체온도 고(H),DISABLED_UNTIL_ABSOLUTE_PHYSICAL_SIGNAL_AVAILABLE,ABSOLUTE_VALUE_PENDING,,,HIGH,5,0.01 ratio,3,MEDIUM,노랑,#FFD60A,FALSE,TRUE,TRUE,NONE,FALSE,TRUE,A-L,THERMOSYSPRO_MODEL+ASSUMED_LOGIC,ABSOLUTE_PHYSICAL_VALUE_NOT_AVAILABLE,DISABLED_PENDING_PHYSICAL_OUTPUT,https://build.openmodelica.org/Documentation/ThermoSysPro.WaterSteam.HeatExchangers.DynamicTwoPhaseFlowPipe.html,원시 변수명은 공개 빌드 로그로 확인. 임계값·지연·히스테리시스는 시연용 A-L 가정이며 현장 기준으로 교체 필요.,DCS2,HRSG,"T_ph(P,h) > PRE_EVENT_BASELINE * 1.03",PRE_EVENT_BASELINE_RATIO,1.03,ratio_to_baseline,,,,,DEFERRED_PROPERTY_CALCULATION,P/h property output must be exported and calculated in physical units
AL-0363,DCS2,HRSG,dcs2.csv,ABB_HRSG_BOP,HRSG,HP HRSG,HP Economizer 1 Cell 3,M-V_CALCULATED,TSP.MV.HP_ECONOMIZER_1.WS.P_3;TSP.MV.HP_ECONOMIZER_1.WS.H_3,HP_Economizer_1.TwoPhaseFlowPipe.P[3];HP_Economizer_1.TwoPhaseFlowPipe.h[3],"T_ph(P,h)",L,HP Economizer 1 Cell 3 유체온도 저(L),DISABLED_UNTIL_ABSOLUTE_PHYSICAL_SIGNAL_AVAILABLE,ABSOLUTE_VALUE_PENDING,,,LOW,5,0.01 ratio,3,MEDIUM,노랑,#FFD60A,FALSE,TRUE,TRUE,NONE,FALSE,TRUE,A-L,THERMOSYSPRO_MODEL+ASSUMED_LOGIC,ABSOLUTE_PHYSICAL_VALUE_NOT_AVAILABLE,DISABLED_PENDING_PHYSICAL_OUTPUT,https://build.openmodelica.org/Documentation/ThermoSysPro.WaterSteam.HeatExchangers.DynamicTwoPhaseFlowPipe.html,원시 변수명은 공개 빌드 로그로 확인. 임계값·지연·히스테리시스는 시연용 A-L 가정이며 현장 기준으로 교체 필요.,DCS2,HRSG,"T_ph(P,h) < PRE_EVENT_BASELINE * 0.97",PRE_EVENT_BASELINE_RATIO,0.97,ratio_to_baseline,,,,,DEFERRED_PROPERTY_CALCULATION,P/h property output must be exported and calculated in physical units
AL-0364,DCS2,HRSG,dcs2.csv,ABB_HRSG_BOP,HRSG,HP HRSG,HP Economizer 1 Cell 4,M-V_DIRECT,TSP.MV.HP_ECONOMIZER_1.WS.P_4,HP_Economizer_1.TwoPhaseFlowPipe.P[4],P,H,HP Economizer 1 Cell 4 압력 고(H),HP_Economizer_1.TwoPhaseFlowPipe.P[4] > 12600000 Pa,ABSOLUTE_MODEL_VALUE,12600000,Pa,HIGH,5,120000 Pa,3,MEDIUM,노랑,#FFD60A,FALSE,TRUE,TRUE,NONE,TRUE,TRUE,A-L,VIRTUAL_MODEL_PRETRIP_CALIBRATION,MODEL_SIGNAL_VERIFIED_ABSOLUTE_THRESHOLD_CALIBRATED,READY_ABSOLUTE_MODEL_VALUE,https://build.openmodelica.org/Documentation/ThermoSysPro.WaterSteam.HeatExchangers.DynamicTwoPhaseFlowPipe.html,원시 변수명은 공개 빌드 로그로 확인. 임계값·지연·히스테리시스는 시연용 A-L 가정이며 현장 기준으로 교체 필요.,DCS2,HRSG,P > PRE_EVENT_BASELINE * 1.05,PRE_EVENT_BASELINE_RATIO,1.05,ratio_to_baseline,HP_Economizer_1.TwoPhaseFlowPipe.P[4],12000000,GT_TRIP_RAW_DATA_0.1s_0-40s.csv,0-10,CALIBRATED_MODEL_DIRECT,Direct model quantity and physical unit available
AL-0365,DCS2,HRSG,dcs2.csv,ABB_HRSG_BOP,HRSG,HP HRSG,HP Economizer 1 Cell 4,M-V_DIRECT,TSP.MV.HP_ECONOMIZER_1.WS.P_4,HP_Economizer_1.TwoPhaseFlowPipe.P[4],P,L,HP Economizer 1 Cell 4 압력 저(L),HP_Economizer_1.TwoPhaseFlowPipe.P[4] < 11400000 Pa,ABSOLUTE_MODEL_VALUE,11400000,Pa,LOW,5,120000 Pa,3,MEDIUM,노랑,#FFD60A,FALSE,TRUE,TRUE,NONE,TRUE,TRUE,A-L,VIRTUAL_MODEL_PRETRIP_CALIBRATION,MODEL_SIGNAL_VERIFIED_ABSOLUTE_THRESHOLD_CALIBRATED,READY_ABSOLUTE_MODEL_VALUE,https://build.openmodelica.org/Documentation/ThermoSysPro.WaterSteam.HeatExchangers.DynamicTwoPhaseFlowPipe.html,원시 변수명은 공개 빌드 로그로 확인. 임계값·지연·히스테리시스는 시연용 A-L 가정이며 현장 기준으로 교체 필요.,DCS2,HRSG,P < PRE_EVENT_BASELINE * 0.95,PRE_EVENT_BASELINE_RATIO,0.95,ratio_to_baseline,HP_Economizer_1.TwoPhaseFlowPipe.P[4],12000000,GT_TRIP_RAW_DATA_0.1s_0-40s.csv,0-10,CALIBRATED_MODEL_DIRECT,Direct model quantity and physical unit available
AL-0366,DCS2,HRSG,dcs2.csv,ABB_HRSG_BOP,HRSG,HP HRSG,HP Economizer 1 Cell 4,M-V_DIRECT,TSP.MV.HP_ECONOMIZER_1.WS.Q_4,HP_Economizer_1.TwoPhaseFlowPipe.Q[4],Q,L,HP Economizer 1 Cell 4 유량 저(L),HP_Economizer_1.TwoPhaseFlowPipe.Q[4] < 75 kg/s,ABSOLUTE_MODEL_VALUE,75,kg/s,LOW,5,5 kg/s,3,MEDIUM,노랑,#FFD60A,FALSE,TRUE,TRUE,NONE,TRUE,TRUE,A-L,VIRTUAL_MODEL_PRETRIP_CALIBRATION,MODEL_SIGNAL_VERIFIED_ABSOLUTE_THRESHOLD_CALIBRATED,READY_ABSOLUTE_MODEL_VALUE,https://build.openmodelica.org/Documentation/ThermoSysPro.WaterSteam.HeatExchangers.DynamicTwoPhaseFlowPipe.html,원시 변수명은 공개 빌드 로그로 확인. 임계값·지연·히스테리시스는 시연용 A-L 가정이며 현장 기준으로 교체 필요.,DCS2,HRSG,Q < PRE_EVENT_BASELINE * 0.75,PRE_EVENT_BASELINE_RATIO,0.75,ratio_to_baseline,HP_Economizer_1.TwoPhaseFlowPipe.Q[4],100,GT_TRIP_RAW_DATA_0.1s_0-40s.csv,0-10,CALIBRATED_MODEL_DIRECT,Direct model quantity and physical unit available
AL-0367,DCS2,HRSG,dcs2.csv,ABB_HRSG_BOP,HRSG,HP HRSG,HP Economizer 1 Cell 4,M-V_CALCULATED,TSP.MV.HP_ECONOMIZER_1.WS.P_4;TSP.MV.HP_ECONOMIZER_1.WS.H_4,HP_Economizer_1.TwoPhaseFlowPipe.P[4];HP_Economizer_1.TwoPhaseFlowPipe.h[4],"T_ph(P,h)",H,HP Economizer 1 Cell 4 유체온도 고(H),DISABLED_UNTIL_ABSOLUTE_PHYSICAL_SIGNAL_AVAILABLE,ABSOLUTE_VALUE_PENDING,,,HIGH,5,0.01 ratio,3,MEDIUM,노랑,#FFD60A,FALSE,TRUE,TRUE,NONE,FALSE,TRUE,A-L,THERMOSYSPRO_MODEL+ASSUMED_LOGIC,ABSOLUTE_PHYSICAL_VALUE_NOT_AVAILABLE,DISABLED_PENDING_PHYSICAL_OUTPUT,https://build.openmodelica.org/Documentation/ThermoSysPro.WaterSteam.HeatExchangers.DynamicTwoPhaseFlowPipe.html,원시 변수명은 공개 빌드 로그로 확인. 임계값·지연·히스테리시스는 시연용 A-L 가정이며 현장 기준으로 교체 필요.,DCS2,HRSG,"T_ph(P,h) > PRE_EVENT_BASELINE * 1.03",PRE_EVENT_BASELINE_RATIO,1.03,ratio_to_baseline,,,,,DEFERRED_PROPERTY_CALCULATION,P/h property output must be exported and calculated in physical units
AL-0368,DCS2,HRSG,dcs2.csv,ABB_HRSG_BOP,HRSG,HP HRSG,HP Economizer 1 Cell 4,M-V_CALCULATED,TSP.MV.HP_ECONOMIZER_1.WS.P_4;TSP.MV.HP_ECONOMIZER_1.WS.H_4,HP_Economizer_1.TwoPhaseFlowPipe.P[4];HP_Economizer_1.TwoPhaseFlowPipe.h[4],"T_ph(P,h)",L,HP Economizer 1 Cell 4 유체온도 저(L),DISABLED_UNTIL_ABSOLUTE_PHYSICAL_SIGNAL_AVAILABLE,ABSOLUTE_VALUE_PENDING,,,LOW,5,0.01 ratio,3,MEDIUM,노랑,#FFD60A,FALSE,TRUE,TRUE,NONE,FALSE,TRUE,A-L,THERMOSYSPRO_MODEL+ASSUMED_LOGIC,ABSOLUTE_PHYSICAL_VALUE_NOT_AVAILABLE,DISABLED_PENDING_PHYSICAL_OUTPUT,https://build.openmodelica.org/Documentation/ThermoSysPro.WaterSteam.HeatExchangers.DynamicTwoPhaseFlowPipe.html,원시 변수명은 공개 빌드 로그로 확인. 임계값·지연·히스테리시스는 시연용 A-L 가정이며 현장 기준으로 교체 필요.,DCS2,HRSG,"T_ph(P,h) < PRE_EVENT_BASELINE * 0.97",PRE_EVENT_BASELINE_RATIO,0.97,ratio_to_baseline,,,,,DEFERRED_PROPERTY_CALCULATION,P/h property output must be exported and calculated in physical units
AL-0369,DCS2,HRSG,dcs2.csv,ABB_HRSG_BOP,HRSG,HP HRSG,HP Economizer 1 Wall 1,M-V_DIRECT,TSP.MV.HP_ECONOMIZER_1.WALL.TP_1,HP_Economizer_1.ExchangerWall.Tp[1],Tp,H,HP Economizer 1 Wall 1 벽온도 고(H),HP_Economizer_1.ExchangerWall.Tp[1] > 669.5 K,ABSOLUTE_MODEL_VALUE,669.5,K,HIGH,10,6.5 K,3,MEDIUM,노랑,#FFD60A,FALSE,TRUE,TRUE,NONE,TRUE,TRUE,A-L,VIRTUAL_MODEL_PRETRIP_CALIBRATION,MODEL_SIGNAL_VERIFIED_ABSOLUTE_THRESHOLD_CALIBRATED,READY_ABSOLUTE_MODEL_VALUE,https://build.openmodelica.org/Documentation/ThermoSysPro.WaterSteam.HeatExchangers.DynamicTwoPhaseFlowPipe.html,원시 변수명은 공개 빌드 로그로 확인. 임계값·지연·히스테리시스는 시연용 A-L 가정이며 현장 기준으로 교체 필요.,DCS2,HRSG,Tp > PRE_EVENT_BASELINE * 1.03,PRE_EVENT_BASELINE_RATIO,1.03,ratio_to_baseline,HP_Economizer_1.ExchangerWall.Tp[1],650,GT_TRIP_RAW_DATA_0.1s_0-40s.csv,0-10,CALIBRATED_MODEL_DIRECT,Direct model quantity and physical unit available
AL-0370,DCS2,HRSG,dcs2.csv,ABB_HRSG_BOP,HRSG,HP HRSG,HP Economizer 1 Wall 2,M-V_DIRECT,TSP.MV.HP_ECONOMIZER_1.WALL.TP_2,HP_Economizer_1.ExchangerWall.Tp[2],Tp,H,HP Economizer 1 Wall 2 벽온도 고(H),HP_Economizer_1.ExchangerWall.Tp[2] > 669.5 K,ABSOLUTE_MODEL_VALUE,669.5,K,HIGH,10,6.5 K,3,MEDIUM,노랑,#FFD60A,FALSE,TRUE,TRUE,NONE,TRUE,TRUE,A-L,VIRTUAL_MODEL_PRETRIP_CALIBRATION,MODEL_SIGNAL_VERIFIED_ABSOLUTE_THRESHOLD_CALIBRATED,READY_ABSOLUTE_MODEL_VALUE,https://build.openmodelica.org/Documentation/ThermoSysPro.WaterSteam.HeatExchangers.DynamicTwoPhaseFlowPipe.html,원시 변수명은 공개 빌드 로그로 확인. 임계값·지연·히스테리시스는 시연용 A-L 가정이며 현장 기준으로 교체 필요.,DCS2,HRSG,Tp > PRE_EVENT_BASELINE * 1.03,PRE_EVENT_BASELINE_RATIO,1.03,ratio_to_baseline,HP_Economizer_1.ExchangerWall.Tp[2],650,GT_TRIP_RAW_DATA_0.1s_0-40s.csv,0-10,CALIBRATED_MODEL_DIRECT,Direct model quantity and physical unit available
AL-0371,DCS2,HRSG,dcs2.csv,ABB_HRSG_BOP,HRSG,HP HRSG,HP Economizer 1 Wall 3,M-V_DIRECT,TSP.MV.HP_ECONOMIZER_1.WALL.TP_3,HP_Economizer_1.ExchangerWall.Tp[3],Tp,H,HP Economizer 1 Wall 3 벽온도 고(H),HP_Economizer_1.ExchangerWall.Tp[3] > 669.5 K,ABSOLUTE_MODEL_VALUE,669.5,K,HIGH,10,6.5 K,3,MEDIUM,노랑,#FFD60A,FALSE,TRUE,TRUE,NONE,TRUE,TRUE,A-L,VIRTUAL_MODEL_PRETRIP_CALIBRATION,MODEL_SIGNAL_VERIFIED_ABSOLUTE_THRESHOLD_CALIBRATED,READY_ABSOLUTE_MODEL_VALUE,https://build.openmodelica.org/Documentation/ThermoSysPro.WaterSteam.HeatExchangers.DynamicTwoPhaseFlowPipe.html,원시 변수명은 공개 빌드 로그로 확인. 임계값·지연·히스테리시스는 시연용 A-L 가정이며 현장 기준으로 교체 필요.,DCS2,HRSG,Tp > PRE_EVENT_BASELINE * 1.03,PRE_EVENT_BASELINE_RATIO,1.03,ratio_to_baseline,HP_Economizer_1.ExchangerWall.Tp[3],650,GT_TRIP_RAW_DATA_0.1s_0-40s.csv,0-10,CALIBRATED_MODEL_DIRECT,Direct model quantity and physical unit available
AL-0372,DCS2,HRSG,dcs2.csv,ABB_HRSG_BOP,HRSG,HP HRSG,HP Economizer 2 Cell 1,M-V_DIRECT,TSP.MV.HP_ECONOMIZER_2.WS.Q_1,HP_Economizer_2.TwoPhaseFlowPipe.Q[1],Q,L,HP Economizer 2 Cell 1 유량 저(L),HP_Economizer_2.TwoPhaseFlowPipe.Q[1] < 75 kg/s,ABSOLUTE_MODEL_VALUE,75,kg/s,LOW,5,5 kg/s,3,MEDIUM,노랑,#FFD60A,FALSE,TRUE,TRUE,NONE,TRUE,TRUE,A-L,VIRTUAL_MODEL_PRETRIP_CALIBRATION,MODEL_SIGNAL_VERIFIED_ABSOLUTE_THRESHOLD_CALIBRATED,READY_ABSOLUTE_MODEL_VALUE,https://build.openmodelica.org/Documentation/ThermoSysPro.WaterSteam.HeatExchangers.DynamicTwoPhaseFlowPipe.html,원시 변수명은 공개 빌드 로그로 확인. 임계값·지연·히스테리시스는 시연용 A-L 가정이며 현장 기준으로 교체 필요.,DCS2,HRSG,Q < PRE_EVENT_BASELINE * 0.75,PRE_EVENT_BASELINE_RATIO,0.75,ratio_to_baseline,HP_Economizer_2.TwoPhaseFlowPipe.Q[1],100,GT_TRIP_RAW_DATA_0.1s_0-40s.csv,0-10,CALIBRATED_MODEL_DIRECT,Direct model quantity and physical unit available
AL-0373,DCS2,HRSG,dcs2.csv,ABB_HRSG_BOP,HRSG,HP HRSG,HP Economizer 2 Cell 2,M-V_DIRECT,TSP.MV.HP_ECONOMIZER_2.WS.P_2,HP_Economizer_2.TwoPhaseFlowPipe.P[2],P,H,HP Economizer 2 Cell 2 압력 고(H),HP_Economizer_2.TwoPhaseFlowPipe.P[2] > 105 Pa,ABSOLUTE_MODEL_VALUE,105,Pa,HIGH,5,1 Pa,3,MEDIUM,노랑,#FFD60A,FALSE,TRUE,TRUE,NONE,TRUE,TRUE,A-L,VIRTUAL_MODEL_PRETRIP_CALIBRATION,MODEL_SIGNAL_VERIFIED_ABSOLUTE_THRESHOLD_CALIBRATED,READY_ABSOLUTE_MODEL_VALUE,https://build.openmodelica.org/Documentation/ThermoSysPro.WaterSteam.HeatExchangers.DynamicTwoPhaseFlowPipe.html,원시 변수명은 공개 빌드 로그로 확인. 임계값·지연·히스테리시스는 시연용 A-L 가정이며 현장 기준으로 교체 필요.,DCS2,HRSG,P > PRE_EVENT_BASELINE * 1.05,PRE_EVENT_BASELINE_RATIO,1.05,ratio_to_baseline,HP_Economizer_2.TwoPhaseFlowPipe.P[2],100,GT_TRIP_RAW_DATA_0.1s_0-40s.csv,0-10,CALIBRATED_MODEL_DIRECT,Direct model quantity and physical unit available
AL-0374,DCS2,HRSG,dcs2.csv,ABB_HRSG_BOP,HRSG,HP HRSG,HP Economizer 2 Cell 2,M-V_DIRECT,TSP.MV.HP_ECONOMIZER_2.WS.P_2,HP_Economizer_2.TwoPhaseFlowPipe.P[2],P,L,HP Economizer 2 Cell 2 압력 저(L),HP_Economizer_2.TwoPhaseFlowPipe.P[2] < 95 Pa,ABSOLUTE_MODEL_VALUE,95,Pa,LOW,5,1 Pa,3,MEDIUM,노랑,#FFD60A,FALSE,TRUE,TRUE,NONE,TRUE,TRUE,A-L,VIRTUAL_MODEL_PRETRIP_CALIBRATION,MODEL_SIGNAL_VERIFIED_ABSOLUTE_THRESHOLD_CALIBRATED,READY_ABSOLUTE_MODEL_VALUE,https://build.openmodelica.org/Documentation/ThermoSysPro.WaterSteam.HeatExchangers.DynamicTwoPhaseFlowPipe.html,원시 변수명은 공개 빌드 로그로 확인. 임계값·지연·히스테리시스는 시연용 A-L 가정이며 현장 기준으로 교체 필요.,DCS2,HRSG,P < PRE_EVENT_BASELINE * 0.95,PRE_EVENT_BASELINE_RATIO,0.95,ratio_to_baseline,HP_Economizer_2.TwoPhaseFlowPipe.P[2],100,GT_TRIP_RAW_DATA_0.1s_0-40s.csv,0-10,CALIBRATED_MODEL_DIRECT,Direct model quantity and physical unit available
AL-0375,DCS2,HRSG,dcs2.csv,ABB_HRSG_BOP,HRSG,HP HRSG,HP Economizer 2 Cell 2,M-V_DIRECT,TSP.MV.HP_ECONOMIZER_2.WS.Q_2,HP_Economizer_2.TwoPhaseFlowPipe.Q[2],Q,L,HP Economizer 2 Cell 2 유량 저(L),HP_Economizer_2.TwoPhaseFlowPipe.Q[2] < 75 kg/s,ABSOLUTE_MODEL_VALUE,75,kg/s,LOW,5,5 kg/s,3,MEDIUM,노랑,#FFD60A,FALSE,TRUE,TRUE,NONE,TRUE,TRUE,A-L,VIRTUAL_MODEL_PRETRIP_CALIBRATION,MODEL_SIGNAL_VERIFIED_ABSOLUTE_THRESHOLD_CALIBRATED,READY_ABSOLUTE_MODEL_VALUE,https://build.openmodelica.org/Documentation/ThermoSysPro.WaterSteam.HeatExchangers.DynamicTwoPhaseFlowPipe.html,원시 변수명은 공개 빌드 로그로 확인. 임계값·지연·히스테리시스는 시연용 A-L 가정이며 현장 기준으로 교체 필요.,DCS2,HRSG,Q < PRE_EVENT_BASELINE * 0.75,PRE_EVENT_BASELINE_RATIO,0.75,ratio_to_baseline,HP_Economizer_2.TwoPhaseFlowPipe.Q[2],100,GT_TRIP_RAW_DATA_0.1s_0-40s.csv,0-10,CALIBRATED_MODEL_DIRECT,Direct model quantity and physical unit available
AL-0376,DCS2,HRSG,dcs2.csv,ABB_HRSG_BOP,HRSG,HP HRSG,HP Economizer 2 Cell 2,M-V_CALCULATED,TSP.MV.HP_ECONOMIZER_2.WS.P_2;TSP.MV.HP_ECONOMIZER_2.WS.H_2,HP_Economizer_2.TwoPhaseFlowPipe.P[2];HP_Economizer_2.TwoPhaseFlowPipe.h[2],"T_ph(P,h)",H,HP Economizer 2 Cell 2 유체온도 고(H),DISABLED_UNTIL_ABSOLUTE_PHYSICAL_SIGNAL_AVAILABLE,ABSOLUTE_VALUE_PENDING,,,HIGH,5,0.01 ratio,3,MEDIUM,노랑,#FFD60A,FALSE,TRUE,TRUE,NONE,FALSE,TRUE,A-L,THERMOSYSPRO_MODEL+ASSUMED_LOGIC,ABSOLUTE_PHYSICAL_VALUE_NOT_AVAILABLE,DISABLED_PENDING_PHYSICAL_OUTPUT,https://build.openmodelica.org/Documentation/ThermoSysPro.WaterSteam.HeatExchangers.DynamicTwoPhaseFlowPipe.html,원시 변수명은 공개 빌드 로그로 확인. 임계값·지연·히스테리시스는 시연용 A-L 가정이며 현장 기준으로 교체 필요.,DCS2,HRSG,"T_ph(P,h) > PRE_EVENT_BASELINE * 1.03",PRE_EVENT_BASELINE_RATIO,1.03,ratio_to_baseline,,,,,DEFERRED_PROPERTY_CALCULATION,P/h property output must be exported and calculated in physical units
AL-0377,DCS2,HRSG,dcs2.csv,ABB_HRSG_BOP,HRSG,HP HRSG,HP Economizer 2 Cell 2,M-V_CALCULATED,TSP.MV.HP_ECONOMIZER_2.WS.P_2;TSP.MV.HP_ECONOMIZER_2.WS.H_2,HP_Economizer_2.TwoPhaseFlowPipe.P[2];HP_Economizer_2.TwoPhaseFlowPipe.h[2],"T_ph(P,h)",L,HP Economizer 2 Cell 2 유체온도 저(L),DISABLED_UNTIL_ABSOLUTE_PHYSICAL_SIGNAL_AVAILABLE,ABSOLUTE_VALUE_PENDING,,,LOW,5,0.01 ratio,3,MEDIUM,노랑,#FFD60A,FALSE,TRUE,TRUE,NONE,FALSE,TRUE,A-L,THERMOSYSPRO_MODEL+ASSUMED_LOGIC,ABSOLUTE_PHYSICAL_VALUE_NOT_AVAILABLE,DISABLED_PENDING_PHYSICAL_OUTPUT,https://build.openmodelica.org/Documentation/ThermoSysPro.WaterSteam.HeatExchangers.DynamicTwoPhaseFlowPipe.html,원시 변수명은 공개 빌드 로그로 확인. 임계값·지연·히스테리시스는 시연용 A-L 가정이며 현장 기준으로 교체 필요.,DCS2,HRSG,"T_ph(P,h) < PRE_EVENT_BASELINE * 0.97",PRE_EVENT_BASELINE_RATIO,0.97,ratio_to_baseline,,,,,DEFERRED_PROPERTY_CALCULATION,P/h property output must be exported and calculated in physical units
AL-0378,DCS2,HRSG,dcs2.csv,ABB_HRSG_BOP,HRSG,HP HRSG,HP Economizer 2 Cell 3,M-V_DIRECT,TSP.MV.HP_ECONOMIZER_2.WS.P_3,HP_Economizer_2.TwoPhaseFlowPipe.P[3],P,H,HP Economizer 2 Cell 3 압력 고(H),HP_Economizer_2.TwoPhaseFlowPipe.P[3] > 105 Pa,ABSOLUTE_MODEL_VALUE,105,Pa,HIGH,5,1 Pa,3,MEDIUM,노랑,#FFD60A,FALSE,TRUE,TRUE,NONE,TRUE,TRUE,A-L,VIRTUAL_MODEL_PRETRIP_CALIBRATION,MODEL_SIGNAL_VERIFIED_ABSOLUTE_THRESHOLD_CALIBRATED,READY_ABSOLUTE_MODEL_VALUE,https://build.openmodelica.org/Documentation/ThermoSysPro.WaterSteam.HeatExchangers.DynamicTwoPhaseFlowPipe.html,원시 변수명은 공개 빌드 로그로 확인. 임계값·지연·히스테리시스는 시연용 A-L 가정이며 현장 기준으로 교체 필요.,DCS2,HRSG,P > PRE_EVENT_BASELINE * 1.05,PRE_EVENT_BASELINE_RATIO,1.05,ratio_to_baseline,HP_Economizer_2.TwoPhaseFlowPipe.P[3],100,GT_TRIP_RAW_DATA_0.1s_0-40s.csv,0-10,CALIBRATED_MODEL_DIRECT,Direct model quantity and physical unit available
AL-0379,DCS2,HRSG,dcs2.csv,ABB_HRSG_BOP,HRSG,HP HRSG,HP Economizer 2 Cell 3,M-V_DIRECT,TSP.MV.HP_ECONOMIZER_2.WS.P_3,HP_Economizer_2.TwoPhaseFlowPipe.P[3],P,L,HP Economizer 2 Cell 3 압력 저(L),HP_Economizer_2.TwoPhaseFlowPipe.P[3] < 95 Pa,ABSOLUTE_MODEL_VALUE,95,Pa,LOW,5,1 Pa,3,MEDIUM,노랑,#FFD60A,FALSE,TRUE,TRUE,NONE,TRUE,TRUE,A-L,VIRTUAL_MODEL_PRETRIP_CALIBRATION,MODEL_SIGNAL_VERIFIED_ABSOLUTE_THRESHOLD_CALIBRATED,READY_ABSOLUTE_MODEL_VALUE,https://build.openmodelica.org/Documentation/ThermoSysPro.WaterSteam.HeatExchangers.DynamicTwoPhaseFlowPipe.html,원시 변수명은 공개 빌드 로그로 확인. 임계값·지연·히스테리시스는 시연용 A-L 가정이며 현장 기준으로 교체 필요.,DCS2,HRSG,P < PRE_EVENT_BASELINE * 0.95,PRE_EVENT_BASELINE_RATIO,0.95,ratio_to_baseline,HP_Economizer_2.TwoPhaseFlowPipe.P[3],100,GT_TRIP_RAW_DATA_0.1s_0-40s.csv,0-10,CALIBRATED_MODEL_DIRECT,Direct model quantity and physical unit available
AL-0380,DCS2,HRSG,dcs2.csv,ABB_HRSG_BOP,HRSG,HP HRSG,HP Economizer 2 Cell 3,M-V_DIRECT,TSP.MV.HP_ECONOMIZER_2.WS.Q_3,HP_Economizer_2.TwoPhaseFlowPipe.Q[3],Q,L,HP Economizer 2 Cell 3 유량 저(L),HP_Economizer_2.TwoPhaseFlowPipe.Q[3] < 75 kg/s,ABSOLUTE_MODEL_VALUE,75,kg/s,LOW,5,5 kg/s,3,MEDIUM,노랑,#FFD60A,FALSE,TRUE,TRUE,NONE,TRUE,TRUE,A-L,VIRTUAL_MODEL_PRETRIP_CALIBRATION,MODEL_SIGNAL_VERIFIED_ABSOLUTE_THRESHOLD_CALIBRATED,READY_ABSOLUTE_MODEL_VALUE,https://build.openmodelica.org/Documentation/ThermoSysPro.WaterSteam.HeatExchangers.DynamicTwoPhaseFlowPipe.html,원시 변수명은 공개 빌드 로그로 확인. 임계값·지연·히스테리시스는 시연용 A-L 가정이며 현장 기준으로 교체 필요.,DCS2,HRSG,Q < PRE_EVENT_BASELINE * 0.75,PRE_EVENT_BASELINE_RATIO,0.75,ratio_to_baseline,HP_Economizer_2.TwoPhaseFlowPipe.Q[3],100,GT_TRIP_RAW_DATA_0.1s_0-40s.csv,0-10,CALIBRATED_MODEL_DIRECT,Direct model quantity and physical unit available
AL-0381,DCS2,HRSG,dcs2.csv,ABB_HRSG_BOP,HRSG,HP HRSG,HP Economizer 2 Cell 3,M-V_CALCULATED,TSP.MV.HP_ECONOMIZER_2.WS.P_3;TSP.MV.HP_ECONOMIZER_2.WS.H_3,HP_Economizer_2.TwoPhaseFlowPipe.P[3];HP_Economizer_2.TwoPhaseFlowPipe.h[3],"T_ph(P,h)",H,HP Economizer 2 Cell 3 유체온도 고(H),DISABLED_UNTIL_ABSOLUTE_PHYSICAL_SIGNAL_AVAILABLE,ABSOLUTE_VALUE_PENDING,,,HIGH,5,0.01 ratio,3,MEDIUM,노랑,#FFD60A,FALSE,TRUE,TRUE,NONE,FALSE,TRUE,A-L,THERMOSYSPRO_MODEL+ASSUMED_LOGIC,ABSOLUTE_PHYSICAL_VALUE_NOT_AVAILABLE,DISABLED_PENDING_PHYSICAL_OUTPUT,https://build.openmodelica.org/Documentation/ThermoSysPro.WaterSteam.HeatExchangers.DynamicTwoPhaseFlowPipe.html,원시 변수명은 공개 빌드 로그로 확인. 임계값·지연·히스테리시스는 시연용 A-L 가정이며 현장 기준으로 교체 필요.,DCS2,HRSG,"T_ph(P,h) > PRE_EVENT_BASELINE * 1.03",PRE_EVENT_BASELINE_RATIO,1.03,ratio_to_baseline,,,,,DEFERRED_PROPERTY_CALCULATION,P/h property output must be exported and calculated in physical units
AL-0382,DCS2,HRSG,dcs2.csv,ABB_HRSG_BOP,HRSG,HP HRSG,HP Economizer 2 Cell 3,M-V_CALCULATED,TSP.MV.HP_ECONOMIZER_2.WS.P_3;TSP.MV.HP_ECONOMIZER_2.WS.H_3,HP_Economizer_2.TwoPhaseFlowPipe.P[3];HP_Economizer_2.TwoPhaseFlowPipe.h[3],"T_ph(P,h)",L,HP Economizer 2 Cell 3 유체온도 저(L),DISABLED_UNTIL_ABSOLUTE_PHYSICAL_SIGNAL_AVAILABLE,ABSOLUTE_VALUE_PENDING,,,LOW,5,0.01 ratio,3,MEDIUM,노랑,#FFD60A,FALSE,TRUE,TRUE,NONE,FALSE,TRUE,A-L,THERMOSYSPRO_MODEL+ASSUMED_LOGIC,ABSOLUTE_PHYSICAL_VALUE_NOT_AVAILABLE,DISABLED_PENDING_PHYSICAL_OUTPUT,https://build.openmodelica.org/Documentation/ThermoSysPro.WaterSteam.HeatExchangers.DynamicTwoPhaseFlowPipe.html,원시 변수명은 공개 빌드 로그로 확인. 임계값·지연·히스테리시스는 시연용 A-L 가정이며 현장 기준으로 교체 필요.,DCS2,HRSG,"T_ph(P,h) < PRE_EVENT_BASELINE * 0.97",PRE_EVENT_BASELINE_RATIO,0.97,ratio_to_baseline,,,,,DEFERRED_PROPERTY_CALCULATION,P/h property output must be exported and calculated in physical units
AL-0383,DCS2,HRSG,dcs2.csv,ABB_HRSG_BOP,HRSG,HP HRSG,HP Economizer 2 Cell 4,M-V_DIRECT,TSP.MV.HP_ECONOMIZER_2.WS.P_4,HP_Economizer_2.TwoPhaseFlowPipe.P[4],P,H,HP Economizer 2 Cell 4 압력 고(H),HP_Economizer_2.TwoPhaseFlowPipe.P[4] > 105 Pa,ABSOLUTE_MODEL_VALUE,105,Pa,HIGH,5,1 Pa,3,MEDIUM,노랑,#FFD60A,FALSE,TRUE,TRUE,NONE,TRUE,TRUE,A-L,VIRTUAL_MODEL_PRETRIP_CALIBRATION,MODEL_SIGNAL_VERIFIED_ABSOLUTE_THRESHOLD_CALIBRATED,READY_ABSOLUTE_MODEL_VALUE,https://build.openmodelica.org/Documentation/ThermoSysPro.WaterSteam.HeatExchangers.DynamicTwoPhaseFlowPipe.html,원시 변수명은 공개 빌드 로그로 확인. 임계값·지연·히스테리시스는 시연용 A-L 가정이며 현장 기준으로 교체 필요.,DCS2,HRSG,P > PRE_EVENT_BASELINE * 1.05,PRE_EVENT_BASELINE_RATIO,1.05,ratio_to_baseline,HP_Economizer_2.TwoPhaseFlowPipe.P[4],100,GT_TRIP_RAW_DATA_0.1s_0-40s.csv,0-10,CALIBRATED_MODEL_DIRECT,Direct model quantity and physical unit available
AL-0384,DCS2,HRSG,dcs2.csv,ABB_HRSG_BOP,HRSG,HP HRSG,HP Economizer 2 Cell 4,M-V_DIRECT,TSP.MV.HP_ECONOMIZER_2.WS.P_4,HP_Economizer_2.TwoPhaseFlowPipe.P[4],P,L,HP Economizer 2 Cell 4 압력 저(L),HP_Economizer_2.TwoPhaseFlowPipe.P[4] < 95 Pa,ABSOLUTE_MODEL_VALUE,95,Pa,LOW,5,1 Pa,3,MEDIUM,노랑,#FFD60A,FALSE,TRUE,TRUE,NONE,TRUE,TRUE,A-L,VIRTUAL_MODEL_PRETRIP_CALIBRATION,MODEL_SIGNAL_VERIFIED_ABSOLUTE_THRESHOLD_CALIBRATED,READY_ABSOLUTE_MODEL_VALUE,https://build.openmodelica.org/Documentation/ThermoSysPro.WaterSteam.HeatExchangers.DynamicTwoPhaseFlowPipe.html,원시 변수명은 공개 빌드 로그로 확인. 임계값·지연·히스테리시스는 시연용 A-L 가정이며 현장 기준으로 교체 필요.,DCS2,HRSG,P < PRE_EVENT_BASELINE * 0.95,PRE_EVENT_BASELINE_RATIO,0.95,ratio_to_baseline,HP_Economizer_2.TwoPhaseFlowPipe.P[4],100,GT_TRIP_RAW_DATA_0.1s_0-40s.csv,0-10,CALIBRATED_MODEL_DIRECT,Direct model quantity and physical unit available
AL-0385,DCS2,HRSG,dcs2.csv,ABB_HRSG_BOP,HRSG,HP HRSG,HP Economizer 2 Cell 4,M-V_DIRECT,TSP.MV.HP_ECONOMIZER_2.WS.Q_4,HP_Economizer_2.TwoPhaseFlowPipe.Q[4],Q,L,HP Economizer 2 Cell 4 유량 저(L),HP_Economizer_2.TwoPhaseFlowPipe.Q[4] < 75 kg/s,ABSOLUTE_MODEL_VALUE,75,kg/s,LOW,5,5 kg/s,3,MEDIUM,노랑,#FFD60A,FALSE,TRUE,TRUE,NONE,TRUE,TRUE,A-L,VIRTUAL_MODEL_PRETRIP_CALIBRATION,MODEL_SIGNAL_VERIFIED_ABSOLUTE_THRESHOLD_CALIBRATED,READY_ABSOLUTE_MODEL_VALUE,https://build.openmodelica.org/Documentation/ThermoSysPro.WaterSteam.HeatExchangers.DynamicTwoPhaseFlowPipe.html,원시 변수명은 공개 빌드 로그로 확인. 임계값·지연·히스테리시스는 시연용 A-L 가정이며 현장 기준으로 교체 필요.,DCS2,HRSG,Q < PRE_EVENT_BASELINE * 0.75,PRE_EVENT_BASELINE_RATIO,0.75,ratio_to_baseline,HP_Economizer_2.TwoPhaseFlowPipe.Q[4],100,GT_TRIP_RAW_DATA_0.1s_0-40s.csv,0-10,CALIBRATED_MODEL_DIRECT,Direct model quantity and physical unit available
AL-0386,DCS2,HRSG,dcs2.csv,ABB_HRSG_BOP,HRSG,HP HRSG,HP Economizer 2 Cell 4,M-V_CALCULATED,TSP.MV.HP_ECONOMIZER_2.WS.P_4;TSP.MV.HP_ECONOMIZER_2.WS.H_4,HP_Economizer_2.TwoPhaseFlowPipe.P[4];HP_Economizer_2.TwoPhaseFlowPipe.h[4],"T_ph(P,h)",H,HP Economizer 2 Cell 4 유체온도 고(H),DISABLED_UNTIL_ABSOLUTE_PHYSICAL_SIGNAL_AVAILABLE,ABSOLUTE_VALUE_PENDING,,,HIGH,5,0.01 ratio,3,MEDIUM,노랑,#FFD60A,FALSE,TRUE,TRUE,NONE,FALSE,TRUE,A-L,THERMOSYSPRO_MODEL+ASSUMED_LOGIC,ABSOLUTE_PHYSICAL_VALUE_NOT_AVAILABLE,DISABLED_PENDING_PHYSICAL_OUTPUT,https://build.openmodelica.org/Documentation/ThermoSysPro.WaterSteam.HeatExchangers.DynamicTwoPhaseFlowPipe.html,원시 변수명은 공개 빌드 로그로 확인. 임계값·지연·히스테리시스는 시연용 A-L 가정이며 현장 기준으로 교체 필요.,DCS2,HRSG,"T_ph(P,h) > PRE_EVENT_BASELINE * 1.03",PRE_EVENT_BASELINE_RATIO,1.03,ratio_to_baseline,,,,,DEFERRED_PROPERTY_CALCULATION,P/h property output must be exported and calculated in physical units
AL-0387,DCS2,HRSG,dcs2.csv,ABB_HRSG_BOP,HRSG,HP HRSG,HP Economizer 2 Cell 4,M-V_CALCULATED,TSP.MV.HP_ECONOMIZER_2.WS.P_4;TSP.MV.HP_ECONOMIZER_2.WS.H_4,HP_Economizer_2.TwoPhaseFlowPipe.P[4];HP_Economizer_2.TwoPhaseFlowPipe.h[4],"T_ph(P,h)",L,HP Economizer 2 Cell 4 유체온도 저(L),DISABLED_UNTIL_ABSOLUTE_PHYSICAL_SIGNAL_AVAILABLE,ABSOLUTE_VALUE_PENDING,,,LOW,5,0.01 ratio,3,MEDIUM,노랑,#FFD60A,FALSE,TRUE,TRUE,NONE,FALSE,TRUE,A-L,THERMOSYSPRO_MODEL+ASSUMED_LOGIC,ABSOLUTE_PHYSICAL_VALUE_NOT_AVAILABLE,DISABLED_PENDING_PHYSICAL_OUTPUT,https://build.openmodelica.org/Documentation/ThermoSysPro.WaterSteam.HeatExchangers.DynamicTwoPhaseFlowPipe.html,원시 변수명은 공개 빌드 로그로 확인. 임계값·지연·히스테리시스는 시연용 A-L 가정이며 현장 기준으로 교체 필요.,DCS2,HRSG,"T_ph(P,h) < PRE_EVENT_BASELINE * 0.97",PRE_EVENT_BASELINE_RATIO,0.97,ratio_to_baseline,,,,,DEFERRED_PROPERTY_CALCULATION,P/h property output must be exported and calculated in physical units
AL-0388,DCS2,HRSG,dcs2.csv,ABB_HRSG_BOP,HRSG,HP HRSG,HP Economizer 2 Wall 1,M-V_DIRECT,TSP.MV.HP_ECONOMIZER_2.WALL.TP_1,HP_Economizer_2.ExchangerWall.Tp[1],Tp,H,HP Economizer 2 Wall 1 벽온도 고(H),HP_Economizer_2.ExchangerWall.Tp[1] > 103 K,ABSOLUTE_MODEL_VALUE,103,K,HIGH,10,1 K,3,MEDIUM,노랑,#FFD60A,FALSE,TRUE,TRUE,NONE,TRUE,TRUE,A-L,VIRTUAL_MODEL_PRETRIP_CALIBRATION,MODEL_SIGNAL_VERIFIED_ABSOLUTE_THRESHOLD_CALIBRATED,READY_ABSOLUTE_MODEL_VALUE,https://build.openmodelica.org/Documentation/ThermoSysPro.WaterSteam.HeatExchangers.DynamicTwoPhaseFlowPipe.html,원시 변수명은 공개 빌드 로그로 확인. 임계값·지연·히스테리시스는 시연용 A-L 가정이며 현장 기준으로 교체 필요.,DCS2,HRSG,Tp > PRE_EVENT_BASELINE * 1.03,PRE_EVENT_BASELINE_RATIO,1.03,ratio_to_baseline,HP_Economizer_2.ExchangerWall.Tp[1],100,GT_TRIP_RAW_DATA_0.1s_0-40s.csv,0-10,CALIBRATED_MODEL_DIRECT,Direct model quantity and physical unit available
AL-0389,DCS2,HRSG,dcs2.csv,ABB_HRSG_BOP,HRSG,HP HRSG,HP Economizer 2 Wall 2,M-V_DIRECT,TSP.MV.HP_ECONOMIZER_2.WALL.TP_2,HP_Economizer_2.ExchangerWall.Tp[2],Tp,H,HP Economizer 2 Wall 2 벽온도 고(H),HP_Economizer_2.ExchangerWall.Tp[2] > 103 K,ABSOLUTE_MODEL_VALUE,103,K,HIGH,10,1 K,3,MEDIUM,노랑,#FFD60A,FALSE,TRUE,TRUE,NONE,TRUE,TRUE,A-L,VIRTUAL_MODEL_PRETRIP_CALIBRATION,MODEL_SIGNAL_VERIFIED_ABSOLUTE_THRESHOLD_CALIBRATED,READY_ABSOLUTE_MODEL_VALUE,https://build.openmodelica.org/Documentation/ThermoSysPro.WaterSteam.HeatExchangers.DynamicTwoPhaseFlowPipe.html,원시 변수명은 공개 빌드 로그로 확인. 임계값·지연·히스테리시스는 시연용 A-L 가정이며 현장 기준으로 교체 필요.,DCS2,HRSG,Tp > PRE_EVENT_BASELINE * 1.03,PRE_EVENT_BASELINE_RATIO,1.03,ratio_to_baseline,HP_Economizer_2.ExchangerWall.Tp[2],100,GT_TRIP_RAW_DATA_0.1s_0-40s.csv,0-10,CALIBRATED_MODEL_DIRECT,Direct model quantity and physical unit available
AL-0390,DCS2,HRSG,dcs2.csv,ABB_HRSG_BOP,HRSG,HP HRSG,HP Economizer 2 Wall 3,M-V_DIRECT,TSP.MV.HP_ECONOMIZER_2.WALL.TP_3,HP_Economizer_2.ExchangerWall.Tp[3],Tp,H,HP Economizer 2 Wall 3 벽온도 고(H),HP_Economizer_2.ExchangerWall.Tp[3] > 103 K,ABSOLUTE_MODEL_VALUE,103,K,HIGH,10,1 K,3,MEDIUM,노랑,#FFD60A,FALSE,TRUE,TRUE,NONE,TRUE,TRUE,A-L,VIRTUAL_MODEL_PRETRIP_CALIBRATION,MODEL_SIGNAL_VERIFIED_ABSOLUTE_THRESHOLD_CALIBRATED,READY_ABSOLUTE_MODEL_VALUE,https://build.openmodelica.org/Documentation/ThermoSysPro.WaterSteam.HeatExchangers.DynamicTwoPhaseFlowPipe.html,원시 변수명은 공개 빌드 로그로 확인. 임계값·지연·히스테리시스는 시연용 A-L 가정이며 현장 기준으로 교체 필요.,DCS2,HRSG,Tp > PRE_EVENT_BASELINE * 1.03,PRE_EVENT_BASELINE_RATIO,1.03,ratio_to_baseline,HP_Economizer_2.ExchangerWall.Tp[3],100,GT_TRIP_RAW_DATA_0.1s_0-40s.csv,0-10,CALIBRATED_MODEL_DIRECT,Direct model quantity and physical unit available
AL-0391,DCS2,HRSG,dcs2.csv,ABB_HRSG_BOP,HRSG,HP HRSG,HP Economizer 3 Cell 1,M-V_DIRECT,TSP.MV.HP_ECONOMIZER_3.WS.Q_1,HP_Economizer_3.TwoPhaseFlowPipe.Q[1],Q,L,HP Economizer 3 Cell 1 유량 저(L),HP_Economizer_3.TwoPhaseFlowPipe.Q[1] < 75 kg/s,ABSOLUTE_MODEL_VALUE,75,kg/s,LOW,5,5 kg/s,3,MEDIUM,노랑,#FFD60A,FALSE,TRUE,TRUE,NONE,TRUE,TRUE,A-L,VIRTUAL_MODEL_PRETRIP_CALIBRATION,MODEL_SIGNAL_VERIFIED_ABSOLUTE_THRESHOLD_CALIBRATED,READY_ABSOLUTE_MODEL_VALUE,https://build.openmodelica.org/Documentation/ThermoSysPro.WaterSteam.HeatExchangers.DynamicTwoPhaseFlowPipe.html,원시 변수명은 공개 빌드 로그로 확인. 임계값·지연·히스테리시스는 시연용 A-L 가정이며 현장 기준으로 교체 필요.,DCS2,HRSG,Q < PRE_EVENT_BASELINE * 0.75,PRE_EVENT_BASELINE_RATIO,0.75,ratio_to_baseline,HP_Economizer_3.TwoPhaseFlowPipe.Q[1],100,GT_TRIP_RAW_DATA_0.1s_0-40s.csv,0-10,CALIBRATED_MODEL_DIRECT,Direct model quantity and physical unit available
AL-0392,DCS2,HRSG,dcs2.csv,ABB_HRSG_BOP,HRSG,HP HRSG,HP Economizer 3 Cell 2,M-V_DIRECT,TSP.MV.HP_ECONOMIZER_3.WS.P_2,HP_Economizer_3.TwoPhaseFlowPipe.P[2],P,H,HP Economizer 3 Cell 2 압력 고(H),HP_Economizer_3.TwoPhaseFlowPipe.P[2] > 105 Pa,ABSOLUTE_MODEL_VALUE,105,Pa,HIGH,5,1 Pa,3,MEDIUM,노랑,#FFD60A,FALSE,TRUE,TRUE,NONE,TRUE,TRUE,A-L,VIRTUAL_MODEL_PRETRIP_CALIBRATION,MODEL_SIGNAL_VERIFIED_ABSOLUTE_THRESHOLD_CALIBRATED,READY_ABSOLUTE_MODEL_VALUE,https://build.openmodelica.org/Documentation/ThermoSysPro.WaterSteam.HeatExchangers.DynamicTwoPhaseFlowPipe.html,원시 변수명은 공개 빌드 로그로 확인. 임계값·지연·히스테리시스는 시연용 A-L 가정이며 현장 기준으로 교체 필요.,DCS2,HRSG,P > PRE_EVENT_BASELINE * 1.05,PRE_EVENT_BASELINE_RATIO,1.05,ratio_to_baseline,HP_Economizer_3.TwoPhaseFlowPipe.P[2],100,GT_TRIP_RAW_DATA_0.1s_0-40s.csv,0-10,CALIBRATED_MODEL_DIRECT,Direct model quantity and physical unit available
AL-0393,DCS2,HRSG,dcs2.csv,ABB_HRSG_BOP,HRSG,HP HRSG,HP Economizer 3 Cell 2,M-V_DIRECT,TSP.MV.HP_ECONOMIZER_3.WS.P_2,HP_Economizer_3.TwoPhaseFlowPipe.P[2],P,L,HP Economizer 3 Cell 2 압력 저(L),HP_Economizer_3.TwoPhaseFlowPipe.P[2] < 95 Pa,ABSOLUTE_MODEL_VALUE,95,Pa,LOW,5,1 Pa,3,MEDIUM,노랑,#FFD60A,FALSE,TRUE,TRUE,NONE,TRUE,TRUE,A-L,VIRTUAL_MODEL_PRETRIP_CALIBRATION,MODEL_SIGNAL_VERIFIED_ABSOLUTE_THRESHOLD_CALIBRATED,READY_ABSOLUTE_MODEL_VALUE,https://build.openmodelica.org/Documentation/ThermoSysPro.WaterSteam.HeatExchangers.DynamicTwoPhaseFlowPipe.html,원시 변수명은 공개 빌드 로그로 확인. 임계값·지연·히스테리시스는 시연용 A-L 가정이며 현장 기준으로 교체 필요.,DCS2,HRSG,P < PRE_EVENT_BASELINE * 0.95,PRE_EVENT_BASELINE_RATIO,0.95,ratio_to_baseline,HP_Economizer_3.TwoPhaseFlowPipe.P[2],100,GT_TRIP_RAW_DATA_0.1s_0-40s.csv,0-10,CALIBRATED_MODEL_DIRECT,Direct model quantity and physical unit available
AL-0394,DCS2,HRSG,dcs2.csv,ABB_HRSG_BOP,HRSG,HP HRSG,HP Economizer 3 Cell 2,M-V_DIRECT,TSP.MV.HP_ECONOMIZER_3.WS.Q_2,HP_Economizer_3.TwoPhaseFlowPipe.Q[2],Q,L,HP Economizer 3 Cell 2 유량 저(L),HP_Economizer_3.TwoPhaseFlowPipe.Q[2] < 75 kg/s,ABSOLUTE_MODEL_VALUE,75,kg/s,LOW,5,5 kg/s,3,MEDIUM,노랑,#FFD60A,FALSE,TRUE,TRUE,NONE,TRUE,TRUE,A-L,VIRTUAL_MODEL_PRETRIP_CALIBRATION,MODEL_SIGNAL_VERIFIED_ABSOLUTE_THRESHOLD_CALIBRATED,READY_ABSOLUTE_MODEL_VALUE,https://build.openmodelica.org/Documentation/ThermoSysPro.WaterSteam.HeatExchangers.DynamicTwoPhaseFlowPipe.html,원시 변수명은 공개 빌드 로그로 확인. 임계값·지연·히스테리시스는 시연용 A-L 가정이며 현장 기준으로 교체 필요.,DCS2,HRSG,Q < PRE_EVENT_BASELINE * 0.75,PRE_EVENT_BASELINE_RATIO,0.75,ratio_to_baseline,HP_Economizer_3.TwoPhaseFlowPipe.Q[2],100,GT_TRIP_RAW_DATA_0.1s_0-40s.csv,0-10,CALIBRATED_MODEL_DIRECT,Direct model quantity and physical unit available
AL-0395,DCS2,HRSG,dcs2.csv,ABB_HRSG_BOP,HRSG,HP HRSG,HP Economizer 3 Cell 2,M-V_CALCULATED,TSP.MV.HP_ECONOMIZER_3.WS.P_2;TSP.MV.HP_ECONOMIZER_3.WS.H_2,HP_Economizer_3.TwoPhaseFlowPipe.P[2];HP_Economizer_3.TwoPhaseFlowPipe.h[2],"T_ph(P,h)",H,HP Economizer 3 Cell 2 유체온도 고(H),DISABLED_UNTIL_ABSOLUTE_PHYSICAL_SIGNAL_AVAILABLE,ABSOLUTE_VALUE_PENDING,,,HIGH,5,0.01 ratio,3,MEDIUM,노랑,#FFD60A,FALSE,TRUE,TRUE,NONE,FALSE,TRUE,A-L,THERMOSYSPRO_MODEL+ASSUMED_LOGIC,ABSOLUTE_PHYSICAL_VALUE_NOT_AVAILABLE,DISABLED_PENDING_PHYSICAL_OUTPUT,https://build.openmodelica.org/Documentation/ThermoSysPro.WaterSteam.HeatExchangers.DynamicTwoPhaseFlowPipe.html,원시 변수명은 공개 빌드 로그로 확인. 임계값·지연·히스테리시스는 시연용 A-L 가정이며 현장 기준으로 교체 필요.,DCS2,HRSG,"T_ph(P,h) > PRE_EVENT_BASELINE * 1.03",PRE_EVENT_BASELINE_RATIO,1.03,ratio_to_baseline,,,,,DEFERRED_PROPERTY_CALCULATION,P/h property output must be exported and calculated in physical units
AL-0396,DCS2,HRSG,dcs2.csv,ABB_HRSG_BOP,HRSG,HP HRSG,HP Economizer 3 Cell 2,M-V_CALCULATED,TSP.MV.HP_ECONOMIZER_3.WS.P_2;TSP.MV.HP_ECONOMIZER_3.WS.H_2,HP_Economizer_3.TwoPhaseFlowPipe.P[2];HP_Economizer_3.TwoPhaseFlowPipe.h[2],"T_ph(P,h)",L,HP Economizer 3 Cell 2 유체온도 저(L),DISABLED_UNTIL_ABSOLUTE_PHYSICAL_SIGNAL_AVAILABLE,ABSOLUTE_VALUE_PENDING,,,LOW,5,0.01 ratio,3,MEDIUM,노랑,#FFD60A,FALSE,TRUE,TRUE,NONE,FALSE,TRUE,A-L,THERMOSYSPRO_MODEL+ASSUMED_LOGIC,ABSOLUTE_PHYSICAL_VALUE_NOT_AVAILABLE,DISABLED_PENDING_PHYSICAL_OUTPUT,https://build.openmodelica.org/Documentation/ThermoSysPro.WaterSteam.HeatExchangers.DynamicTwoPhaseFlowPipe.html,원시 변수명은 공개 빌드 로그로 확인. 임계값·지연·히스테리시스는 시연용 A-L 가정이며 현장 기준으로 교체 필요.,DCS2,HRSG,"T_ph(P,h) < PRE_EVENT_BASELINE * 0.97",PRE_EVENT_BASELINE_RATIO,0.97,ratio_to_baseline,,,,,DEFERRED_PROPERTY_CALCULATION,P/h property output must be exported and calculated in physical units
AL-0397,DCS2,HRSG,dcs2.csv,ABB_HRSG_BOP,HRSG,HP HRSG,HP Economizer 3 Cell 3,M-V_DIRECT,TSP.MV.HP_ECONOMIZER_3.WS.P_3,HP_Economizer_3.TwoPhaseFlowPipe.P[3],P,H,HP Economizer 3 Cell 3 압력 고(H),HP_Economizer_3.TwoPhaseFlowPipe.P[3] > 105 Pa,ABSOLUTE_MODEL_VALUE,105,Pa,HIGH,5,1 Pa,3,MEDIUM,노랑,#FFD60A,FALSE,TRUE,TRUE,NONE,TRUE,TRUE,A-L,VIRTUAL_MODEL_PRETRIP_CALIBRATION,MODEL_SIGNAL_VERIFIED_ABSOLUTE_THRESHOLD_CALIBRATED,READY_ABSOLUTE_MODEL_VALUE,https://build.openmodelica.org/Documentation/ThermoSysPro.WaterSteam.HeatExchangers.DynamicTwoPhaseFlowPipe.html,원시 변수명은 공개 빌드 로그로 확인. 임계값·지연·히스테리시스는 시연용 A-L 가정이며 현장 기준으로 교체 필요.,DCS2,HRSG,P > PRE_EVENT_BASELINE * 1.05,PRE_EVENT_BASELINE_RATIO,1.05,ratio_to_baseline,HP_Economizer_3.TwoPhaseFlowPipe.P[3],100,GT_TRIP_RAW_DATA_0.1s_0-40s.csv,0-10,CALIBRATED_MODEL_DIRECT,Direct model quantity and physical unit available
AL-0398,DCS2,HRSG,dcs2.csv,ABB_HRSG_BOP,HRSG,HP HRSG,HP Economizer 3 Cell 3,M-V_DIRECT,TSP.MV.HP_ECONOMIZER_3.WS.P_3,HP_Economizer_3.TwoPhaseFlowPipe.P[3],P,L,HP Economizer 3 Cell 3 압력 저(L),HP_Economizer_3.TwoPhaseFlowPipe.P[3] < 95 Pa,ABSOLUTE_MODEL_VALUE,95,Pa,LOW,5,1 Pa,3,MEDIUM,노랑,#FFD60A,FALSE,TRUE,TRUE,NONE,TRUE,TRUE,A-L,VIRTUAL_MODEL_PRETRIP_CALIBRATION,MODEL_SIGNAL_VERIFIED_ABSOLUTE_THRESHOLD_CALIBRATED,READY_ABSOLUTE_MODEL_VALUE,https://build.openmodelica.org/Documentation/ThermoSysPro.WaterSteam.HeatExchangers.DynamicTwoPhaseFlowPipe.html,원시 변수명은 공개 빌드 로그로 확인. 임계값·지연·히스테리시스는 시연용 A-L 가정이며 현장 기준으로 교체 필요.,DCS2,HRSG,P < PRE_EVENT_BASELINE * 0.95,PRE_EVENT_BASELINE_RATIO,0.95,ratio_to_baseline,HP_Economizer_3.TwoPhaseFlowPipe.P[3],100,GT_TRIP_RAW_DATA_0.1s_0-40s.csv,0-10,CALIBRATED_MODEL_DIRECT,Direct model quantity and physical unit available
AL-0399,DCS2,HRSG,dcs2.csv,ABB_HRSG_BOP,HRSG,HP HRSG,HP Economizer 3 Cell 3,M-V_DIRECT,TSP.MV.HP_ECONOMIZER_3.WS.Q_3,HP_Economizer_3.TwoPhaseFlowPipe.Q[3],Q,L,HP Economizer 3 Cell 3 유량 저(L),HP_Economizer_3.TwoPhaseFlowPipe.Q[3] < 75 kg/s,ABSOLUTE_MODEL_VALUE,75,kg/s,LOW,5,5 kg/s,3,MEDIUM,노랑,#FFD60A,FALSE,TRUE,TRUE,NONE,TRUE,TRUE,A-L,VIRTUAL_MODEL_PRETRIP_CALIBRATION,MODEL_SIGNAL_VERIFIED_ABSOLUTE_THRESHOLD_CALIBRATED,READY_ABSOLUTE_MODEL_VALUE,https://build.openmodelica.org/Documentation/ThermoSysPro.WaterSteam.HeatExchangers.DynamicTwoPhaseFlowPipe.html,원시 변수명은 공개 빌드 로그로 확인. 임계값·지연·히스테리시스는 시연용 A-L 가정이며 현장 기준으로 교체 필요.,DCS2,HRSG,Q < PRE_EVENT_BASELINE * 0.75,PRE_EVENT_BASELINE_RATIO,0.75,ratio_to_baseline,HP_Economizer_3.TwoPhaseFlowPipe.Q[3],100,GT_TRIP_RAW_DATA_0.1s_0-40s.csv,0-10,CALIBRATED_MODEL_DIRECT,Direct model quantity and physical unit available
AL-0400,DCS2,HRSG,dcs2.csv,ABB_HRSG_BOP,HRSG,HP HRSG,HP Economizer 3 Cell 3,M-V_CALCULATED,TSP.MV.HP_ECONOMIZER_3.WS.P_3;TSP.MV.HP_ECONOMIZER_3.WS.H_3,HP_Economizer_3.TwoPhaseFlowPipe.P[3];HP_Economizer_3.TwoPhaseFlowPipe.h[3],"T_ph(P,h)",H,HP Economizer 3 Cell 3 유체온도 고(H),DISABLED_UNTIL_ABSOLUTE_PHYSICAL_SIGNAL_AVAILABLE,ABSOLUTE_VALUE_PENDING,,,HIGH,5,0.01 ratio,3,MEDIUM,노랑,#FFD60A,FALSE,TRUE,TRUE,NONE,FALSE,TRUE,A-L,THERMOSYSPRO_MODEL+ASSUMED_LOGIC,ABSOLUTE_PHYSICAL_VALUE_NOT_AVAILABLE,DISABLED_PENDING_PHYSICAL_OUTPUT,https://build.openmodelica.org/Documentation/ThermoSysPro.WaterSteam.HeatExchangers.DynamicTwoPhaseFlowPipe.html,원시 변수명은 공개 빌드 로그로 확인. 임계값·지연·히스테리시스는 시연용 A-L 가정이며 현장 기준으로 교체 필요.,DCS2,HRSG,"T_ph(P,h) > PRE_EVENT_BASELINE * 1.03",PRE_EVENT_BASELINE_RATIO,1.03,ratio_to_baseline,,,,,DEFERRED_PROPERTY_CALCULATION,P/h property output must be exported and calculated in physical units
AL-0401,DCS2,HRSG,dcs2.csv,ABB_HRSG_BOP,HRSG,HP HRSG,HP Economizer 3 Cell 3,M-V_CALCULATED,TSP.MV.HP_ECONOMIZER_3.WS.P_3;TSP.MV.HP_ECONOMIZER_3.WS.H_3,HP_Economizer_3.TwoPhaseFlowPipe.P[3];HP_Economizer_3.TwoPhaseFlowPipe.h[3],"T_ph(P,h)",L,HP Economizer 3 Cell 3 유체온도 저(L),DISABLED_UNTIL_ABSOLUTE_PHYSICAL_SIGNAL_AVAILABLE,ABSOLUTE_VALUE_PENDING,,,LOW,5,0.01 ratio,3,MEDIUM,노랑,#FFD60A,FALSE,TRUE,TRUE,NONE,FALSE,TRUE,A-L,THERMOSYSPRO_MODEL+ASSUMED_LOGIC,ABSOLUTE_PHYSICAL_VALUE_NOT_AVAILABLE,DISABLED_PENDING_PHYSICAL_OUTPUT,https://build.openmodelica.org/Documentation/ThermoSysPro.WaterSteam.HeatExchangers.DynamicTwoPhaseFlowPipe.html,원시 변수명은 공개 빌드 로그로 확인. 임계값·지연·히스테리시스는 시연용 A-L 가정이며 현장 기준으로 교체 필요.,DCS2,HRSG,"T_ph(P,h) < PRE_EVENT_BASELINE * 0.97",PRE_EVENT_BASELINE_RATIO,0.97,ratio_to_baseline,,,,,DEFERRED_PROPERTY_CALCULATION,P/h property output must be exported and calculated in physical units
AL-0402,DCS2,HRSG,dcs2.csv,ABB_HRSG_BOP,HRSG,HP HRSG,HP Economizer 3 Cell 4,M-V_DIRECT,TSP.MV.HP_ECONOMIZER_3.WS.P_4,HP_Economizer_3.TwoPhaseFlowPipe.P[4],P,H,HP Economizer 3 Cell 4 압력 고(H),HP_Economizer_3.TwoPhaseFlowPipe.P[4] > 105 Pa,ABSOLUTE_MODEL_VALUE,105,Pa,HIGH,5,1 Pa,3,MEDIUM,노랑,#FFD60A,FALSE,TRUE,TRUE,NONE,TRUE,TRUE,A-L,VIRTUAL_MODEL_PRETRIP_CALIBRATION,MODEL_SIGNAL_VERIFIED_ABSOLUTE_THRESHOLD_CALIBRATED,READY_ABSOLUTE_MODEL_VALUE,https://build.openmodelica.org/Documentation/ThermoSysPro.WaterSteam.HeatExchangers.DynamicTwoPhaseFlowPipe.html,원시 변수명은 공개 빌드 로그로 확인. 임계값·지연·히스테리시스는 시연용 A-L 가정이며 현장 기준으로 교체 필요.,DCS2,HRSG,P > PRE_EVENT_BASELINE * 1.05,PRE_EVENT_BASELINE_RATIO,1.05,ratio_to_baseline,HP_Economizer_3.TwoPhaseFlowPipe.P[4],100,GT_TRIP_RAW_DATA_0.1s_0-40s.csv,0-10,CALIBRATED_MODEL_DIRECT,Direct model quantity and physical unit available
AL-0403,DCS2,HRSG,dcs2.csv,ABB_HRSG_BOP,HRSG,HP HRSG,HP Economizer 3 Cell 4,M-V_DIRECT,TSP.MV.HP_ECONOMIZER_3.WS.P_4,HP_Economizer_3.TwoPhaseFlowPipe.P[4],P,L,HP Economizer 3 Cell 4 압력 저(L),HP_Economizer_3.TwoPhaseFlowPipe.P[4] < 95 Pa,ABSOLUTE_MODEL_VALUE,95,Pa,LOW,5,1 Pa,3,MEDIUM,노랑,#FFD60A,FALSE,TRUE,TRUE,NONE,TRUE,TRUE,A-L,VIRTUAL_MODEL_PRETRIP_CALIBRATION,MODEL_SIGNAL_VERIFIED_ABSOLUTE_THRESHOLD_CALIBRATED,READY_ABSOLUTE_MODEL_VALUE,https://build.openmodelica.org/Documentation/ThermoSysPro.WaterSteam.HeatExchangers.DynamicTwoPhaseFlowPipe.html,원시 변수명은 공개 빌드 로그로 확인. 임계값·지연·히스테리시스는 시연용 A-L 가정이며 현장 기준으로 교체 필요.,DCS2,HRSG,P < PRE_EVENT_BASELINE * 0.95,PRE_EVENT_BASELINE_RATIO,0.95,ratio_to_baseline,HP_Economizer_3.TwoPhaseFlowPipe.P[4],100,GT_TRIP_RAW_DATA_0.1s_0-40s.csv,0-10,CALIBRATED_MODEL_DIRECT,Direct model quantity and physical unit available
AL-0404,DCS2,HRSG,dcs2.csv,ABB_HRSG_BOP,HRSG,HP HRSG,HP Economizer 3 Cell 4,M-V_CALCULATED,TSP.MV.HP_ECONOMIZER_3.WS.P_4;TSP.MV.HP_ECONOMIZER_3.WS.H_4,HP_Economizer_3.TwoPhaseFlowPipe.P[4];HP_Economizer_3.TwoPhaseFlowPipe.h[4],"T_ph(P,h)",H,HP Economizer 3 Cell 4 유체온도 고(H),DISABLED_UNTIL_ABSOLUTE_PHYSICAL_SIGNAL_AVAILABLE,ABSOLUTE_VALUE_PENDING,,,HIGH,5,0.01 ratio,3,MEDIUM,노랑,#FFD60A,FALSE,TRUE,TRUE,NONE,FALSE,TRUE,A-L,THERMOSYSPRO_MODEL+ASSUMED_LOGIC,ABSOLUTE_PHYSICAL_VALUE_NOT_AVAILABLE,DISABLED_PENDING_PHYSICAL_OUTPUT,https://build.openmodelica.org/Documentation/ThermoSysPro.WaterSteam.HeatExchangers.DynamicTwoPhaseFlowPipe.html,원시 변수명은 공개 빌드 로그로 확인. 임계값·지연·히스테리시스는 시연용 A-L 가정이며 현장 기준으로 교체 필요.,DCS2,HRSG,"T_ph(P,h) > PRE_EVENT_BASELINE * 1.03",PRE_EVENT_BASELINE_RATIO,1.03,ratio_to_baseline,,,,,DEFERRED_PROPERTY_CALCULATION,P/h property output must be exported and calculated in physical units
AL-0405,DCS2,HRSG,dcs2.csv,ABB_HRSG_BOP,HRSG,HP HRSG,HP Economizer 3 Cell 4,M-V_CALCULATED,TSP.MV.HP_ECONOMIZER_3.WS.P_4;TSP.MV.HP_ECONOMIZER_3.WS.H_4,HP_Economizer_3.TwoPhaseFlowPipe.P[4];HP_Economizer_3.TwoPhaseFlowPipe.h[4],"T_ph(P,h)",L,HP Economizer 3 Cell 4 유체온도 저(L),DISABLED_UNTIL_ABSOLUTE_PHYSICAL_SIGNAL_AVAILABLE,ABSOLUTE_VALUE_PENDING,,,LOW,5,0.01 ratio,3,MEDIUM,노랑,#FFD60A,FALSE,TRUE,TRUE,NONE,FALSE,TRUE,A-L,THERMOSYSPRO_MODEL+ASSUMED_LOGIC,ABSOLUTE_PHYSICAL_VALUE_NOT_AVAILABLE,DISABLED_PENDING_PHYSICAL_OUTPUT,https://build.openmodelica.org/Documentation/ThermoSysPro.WaterSteam.HeatExchangers.DynamicTwoPhaseFlowPipe.html,원시 변수명은 공개 빌드 로그로 확인. 임계값·지연·히스테리시스는 시연용 A-L 가정이며 현장 기준으로 교체 필요.,DCS2,HRSG,"T_ph(P,h) < PRE_EVENT_BASELINE * 0.97",PRE_EVENT_BASELINE_RATIO,0.97,ratio_to_baseline,,,,,DEFERRED_PROPERTY_CALCULATION,P/h property output must be exported and calculated in physical units
AL-0406,DCS2,HRSG,dcs2.csv,ABB_HRSG_BOP,HRSG,HP HRSG,HP Economizer 3 Wall 1,M-V_DIRECT,TSP.MV.HP_ECONOMIZER_3.WALL.TP_1,HP_Economizer_3.ExchangerWall.Tp[1],Tp,H,HP Economizer 3 Wall 1 벽온도 고(H),HP_Economizer_3.ExchangerWall.Tp[1] > 103 K,ABSOLUTE_MODEL_VALUE,103,K,HIGH,10,1 K,3,MEDIUM,노랑,#FFD60A,FALSE,TRUE,TRUE,NONE,TRUE,TRUE,A-L,VIRTUAL_MODEL_PRETRIP_CALIBRATION,MODEL_SIGNAL_VERIFIED_ABSOLUTE_THRESHOLD_CALIBRATED,READY_ABSOLUTE_MODEL_VALUE,https://build.openmodelica.org/Documentation/ThermoSysPro.WaterSteam.HeatExchangers.DynamicTwoPhaseFlowPipe.html,원시 변수명은 공개 빌드 로그로 확인. 임계값·지연·히스테리시스는 시연용 A-L 가정이며 현장 기준으로 교체 필요.,DCS2,HRSG,Tp > PRE_EVENT_BASELINE * 1.03,PRE_EVENT_BASELINE_RATIO,1.03,ratio_to_baseline,HP_Economizer_3.ExchangerWall.Tp[1],100,GT_TRIP_RAW_DATA_0.1s_0-40s.csv,0-10,CALIBRATED_MODEL_DIRECT,Direct model quantity and physical unit available
AL-0407,DCS2,HRSG,dcs2.csv,ABB_HRSG_BOP,HRSG,HP HRSG,HP Economizer 3 Wall 2,M-V_DIRECT,TSP.MV.HP_ECONOMIZER_3.WALL.TP_2,HP_Economizer_3.ExchangerWall.Tp[2],Tp,H,HP Economizer 3 Wall 2 벽온도 고(H),HP_Economizer_3.ExchangerWall.Tp[2] > 103 K,ABSOLUTE_MODEL_VALUE,103,K,HIGH,10,1 K,3,MEDIUM,노랑,#FFD60A,FALSE,TRUE,TRUE,NONE,TRUE,TRUE,A-L,VIRTUAL_MODEL_PRETRIP_CALIBRATION,MODEL_SIGNAL_VERIFIED_ABSOLUTE_THRESHOLD_CALIBRATED,READY_ABSOLUTE_MODEL_VALUE,https://build.openmodelica.org/Documentation/ThermoSysPro.WaterSteam.HeatExchangers.DynamicTwoPhaseFlowPipe.html,원시 변수명은 공개 빌드 로그로 확인. 임계값·지연·히스테리시스는 시연용 A-L 가정이며 현장 기준으로 교체 필요.,DCS2,HRSG,Tp > PRE_EVENT_BASELINE * 1.03,PRE_EVENT_BASELINE_RATIO,1.03,ratio_to_baseline,HP_Economizer_3.ExchangerWall.Tp[2],100,GT_TRIP_RAW_DATA_0.1s_0-40s.csv,0-10,CALIBRATED_MODEL_DIRECT,Direct model quantity and physical unit available
AL-0408,DCS2,HRSG,dcs2.csv,ABB_HRSG_BOP,HRSG,HP HRSG,HP Economizer 3 Wall 3,M-V_DIRECT,TSP.MV.HP_ECONOMIZER_3.WALL.TP_3,HP_Economizer_3.ExchangerWall.Tp[3],Tp,H,HP Economizer 3 Wall 3 벽온도 고(H),HP_Economizer_3.ExchangerWall.Tp[3] > 103 K,ABSOLUTE_MODEL_VALUE,103,K,HIGH,10,1 K,3,MEDIUM,노랑,#FFD60A,FALSE,TRUE,TRUE,NONE,TRUE,TRUE,A-L,VIRTUAL_MODEL_PRETRIP_CALIBRATION,MODEL_SIGNAL_VERIFIED_ABSOLUTE_THRESHOLD_CALIBRATED,READY_ABSOLUTE_MODEL_VALUE,https://build.openmodelica.org/Documentation/ThermoSysPro.WaterSteam.HeatExchangers.DynamicTwoPhaseFlowPipe.html,원시 변수명은 공개 빌드 로그로 확인. 임계값·지연·히스테리시스는 시연용 A-L 가정이며 현장 기준으로 교체 필요.,DCS2,HRSG,Tp > PRE_EVENT_BASELINE * 1.03,PRE_EVENT_BASELINE_RATIO,1.03,ratio_to_baseline,HP_Economizer_3.ExchangerWall.Tp[3],100,GT_TRIP_RAW_DATA_0.1s_0-40s.csv,0-10,CALIBRATED_MODEL_DIRECT,Direct model quantity and physical unit available
AL-0409,DCS2,HRSG,dcs2.csv,ABB_HRSG_BOP,HRSG,HP HRSG,HP Economizer 4 Cell 1,M-V_DIRECT,TSP.MV.HP_ECONOMIZER_4.WS.Q_1,HP_Economizer_4.TwoPhaseFlowPipe.Q[1],Q,L,HP Economizer 4 Cell 1 유량 저(L),HP_Economizer_4.TwoPhaseFlowPipe.Q[1] < 75 kg/s,ABSOLUTE_MODEL_VALUE,75,kg/s,LOW,5,5 kg/s,3,MEDIUM,노랑,#FFD60A,FALSE,TRUE,TRUE,NONE,TRUE,TRUE,A-L,VIRTUAL_MODEL_PRETRIP_CALIBRATION,MODEL_SIGNAL_VERIFIED_ABSOLUTE_THRESHOLD_CALIBRATED,READY_ABSOLUTE_MODEL_VALUE,https://build.openmodelica.org/Documentation/ThermoSysPro.WaterSteam.HeatExchangers.DynamicTwoPhaseFlowPipe.html,원시 변수명은 공개 빌드 로그로 확인. 임계값·지연·히스테리시스는 시연용 A-L 가정이며 현장 기준으로 교체 필요.,DCS2,HRSG,Q < PRE_EVENT_BASELINE * 0.75,PRE_EVENT_BASELINE_RATIO,0.75,ratio_to_baseline,HP_Economizer_4.TwoPhaseFlowPipe.Q[1],100,GT_TRIP_RAW_DATA_0.1s_0-40s.csv,0-10,CALIBRATED_MODEL_DIRECT,Direct model quantity and physical unit available
AL-0410,DCS2,HRSG,dcs2.csv,ABB_HRSG_BOP,HRSG,HP HRSG,HP Economizer 4 Cell 2,M-V_DIRECT,TSP.MV.HP_ECONOMIZER_4.WS.P_2,HP_Economizer_4.TwoPhaseFlowPipe.P[2],P,H,HP Economizer 4 Cell 2 압력 고(H),HP_Economizer_4.TwoPhaseFlowPipe.P[2] > 105 Pa,ABSOLUTE_MODEL_VALUE,105,Pa,HIGH,5,1 Pa,3,MEDIUM,노랑,#FFD60A,FALSE,TRUE,TRUE,NONE,TRUE,TRUE,A-L,VIRTUAL_MODEL_PRETRIP_CALIBRATION,MODEL_SIGNAL_VERIFIED_ABSOLUTE_THRESHOLD_CALIBRATED,READY_ABSOLUTE_MODEL_VALUE,https://build.openmodelica.org/Documentation/ThermoSysPro.WaterSteam.HeatExchangers.DynamicTwoPhaseFlowPipe.html,원시 변수명은 공개 빌드 로그로 확인. 임계값·지연·히스테리시스는 시연용 A-L 가정이며 현장 기준으로 교체 필요.,DCS2,HRSG,P > PRE_EVENT_BASELINE * 1.05,PRE_EVENT_BASELINE_RATIO,1.05,ratio_to_baseline,HP_Economizer_4.TwoPhaseFlowPipe.P[2],100,GT_TRIP_RAW_DATA_0.1s_0-40s.csv,0-10,CALIBRATED_MODEL_DIRECT,Direct model quantity and physical unit available
AL-0411,DCS2,HRSG,dcs2.csv,ABB_HRSG_BOP,HRSG,HP HRSG,HP Economizer 4 Cell 2,M-V_DIRECT,TSP.MV.HP_ECONOMIZER_4.WS.P_2,HP_Economizer_4.TwoPhaseFlowPipe.P[2],P,L,HP Economizer 4 Cell 2 압력 저(L),HP_Economizer_4.TwoPhaseFlowPipe.P[2] < 95 Pa,ABSOLUTE_MODEL_VALUE,95,Pa,LOW,5,1 Pa,3,MEDIUM,노랑,#FFD60A,FALSE,TRUE,TRUE,NONE,TRUE,TRUE,A-L,VIRTUAL_MODEL_PRETRIP_CALIBRATION,MODEL_SIGNAL_VERIFIED_ABSOLUTE_THRESHOLD_CALIBRATED,READY_ABSOLUTE_MODEL_VALUE,https://build.openmodelica.org/Documentation/ThermoSysPro.WaterSteam.HeatExchangers.DynamicTwoPhaseFlowPipe.html,원시 변수명은 공개 빌드 로그로 확인. 임계값·지연·히스테리시스는 시연용 A-L 가정이며 현장 기준으로 교체 필요.,DCS2,HRSG,P < PRE_EVENT_BASELINE * 0.95,PRE_EVENT_BASELINE_RATIO,0.95,ratio_to_baseline,HP_Economizer_4.TwoPhaseFlowPipe.P[2],100,GT_TRIP_RAW_DATA_0.1s_0-40s.csv,0-10,CALIBRATED_MODEL_DIRECT,Direct model quantity and physical unit available
AL-0412,DCS2,HRSG,dcs2.csv,ABB_HRSG_BOP,HRSG,HP HRSG,HP Economizer 4 Cell 2,M-V_DIRECT,TSP.MV.HP_ECONOMIZER_4.WS.Q_2,HP_Economizer_4.TwoPhaseFlowPipe.Q[2],Q,L,HP Economizer 4 Cell 2 유량 저(L),HP_Economizer_4.TwoPhaseFlowPipe.Q[2] < 75 kg/s,ABSOLUTE_MODEL_VALUE,75,kg/s,LOW,5,5 kg/s,3,MEDIUM,노랑,#FFD60A,FALSE,TRUE,TRUE,NONE,TRUE,TRUE,A-L,VIRTUAL_MODEL_PRETRIP_CALIBRATION,MODEL_SIGNAL_VERIFIED_ABSOLUTE_THRESHOLD_CALIBRATED,READY_ABSOLUTE_MODEL_VALUE,https://build.openmodelica.org/Documentation/ThermoSysPro.WaterSteam.HeatExchangers.DynamicTwoPhaseFlowPipe.html,원시 변수명은 공개 빌드 로그로 확인. 임계값·지연·히스테리시스는 시연용 A-L 가정이며 현장 기준으로 교체 필요.,DCS2,HRSG,Q < PRE_EVENT_BASELINE * 0.75,PRE_EVENT_BASELINE_RATIO,0.75,ratio_to_baseline,HP_Economizer_4.TwoPhaseFlowPipe.Q[2],100,GT_TRIP_RAW_DATA_0.1s_0-40s.csv,0-10,CALIBRATED_MODEL_DIRECT,Direct model quantity and physical unit available
AL-0413,DCS2,HRSG,dcs2.csv,ABB_HRSG_BOP,HRSG,HP HRSG,HP Economizer 4 Cell 2,M-V_CALCULATED,TSP.MV.HP_ECONOMIZER_4.WS.P_2;TSP.MV.HP_ECONOMIZER_4.WS.H_2,HP_Economizer_4.TwoPhaseFlowPipe.P[2];HP_Economizer_4.TwoPhaseFlowPipe.h[2],"T_ph(P,h)",H,HP Economizer 4 Cell 2 유체온도 고(H),DISABLED_UNTIL_ABSOLUTE_PHYSICAL_SIGNAL_AVAILABLE,ABSOLUTE_VALUE_PENDING,,,HIGH,5,0.01 ratio,3,MEDIUM,노랑,#FFD60A,FALSE,TRUE,TRUE,NONE,FALSE,TRUE,A-L,THERMOSYSPRO_MODEL+ASSUMED_LOGIC,ABSOLUTE_PHYSICAL_VALUE_NOT_AVAILABLE,DISABLED_PENDING_PHYSICAL_OUTPUT,https://build.openmodelica.org/Documentation/ThermoSysPro.WaterSteam.HeatExchangers.DynamicTwoPhaseFlowPipe.html,원시 변수명은 공개 빌드 로그로 확인. 임계값·지연·히스테리시스는 시연용 A-L 가정이며 현장 기준으로 교체 필요.,DCS2,HRSG,"T_ph(P,h) > PRE_EVENT_BASELINE * 1.03",PRE_EVENT_BASELINE_RATIO,1.03,ratio_to_baseline,,,,,DEFERRED_PROPERTY_CALCULATION,P/h property output must be exported and calculated in physical units
AL-0414,DCS2,HRSG,dcs2.csv,ABB_HRSG_BOP,HRSG,HP HRSG,HP Economizer 4 Cell 2,M-V_CALCULATED,TSP.MV.HP_ECONOMIZER_4.WS.P_2;TSP.MV.HP_ECONOMIZER_4.WS.H_2,HP_Economizer_4.TwoPhaseFlowPipe.P[2];HP_Economizer_4.TwoPhaseFlowPipe.h[2],"T_ph(P,h)",L,HP Economizer 4 Cell 2 유체온도 저(L),DISABLED_UNTIL_ABSOLUTE_PHYSICAL_SIGNAL_AVAILABLE,ABSOLUTE_VALUE_PENDING,,,LOW,5,0.01 ratio,3,MEDIUM,노랑,#FFD60A,FALSE,TRUE,TRUE,NONE,FALSE,TRUE,A-L,THERMOSYSPRO_MODEL+ASSUMED_LOGIC,ABSOLUTE_PHYSICAL_VALUE_NOT_AVAILABLE,DISABLED_PENDING_PHYSICAL_OUTPUT,https://build.openmodelica.org/Documentation/ThermoSysPro.WaterSteam.HeatExchangers.DynamicTwoPhaseFlowPipe.html,원시 변수명은 공개 빌드 로그로 확인. 임계값·지연·히스테리시스는 시연용 A-L 가정이며 현장 기준으로 교체 필요.,DCS2,HRSG,"T_ph(P,h) < PRE_EVENT_BASELINE * 0.97",PRE_EVENT_BASELINE_RATIO,0.97,ratio_to_baseline,,,,,DEFERRED_PROPERTY_CALCULATION,P/h property output must be exported and calculated in physical units
AL-0415,DCS2,HRSG,dcs2.csv,ABB_HRSG_BOP,HRSG,HP HRSG,HP Economizer 4 Cell 3,M-V_DIRECT,TSP.MV.HP_ECONOMIZER_4.WS.P_3,HP_Economizer_4.TwoPhaseFlowPipe.P[3],P,H,HP Economizer 4 Cell 3 압력 고(H),HP_Economizer_4.TwoPhaseFlowPipe.P[3] > 105 Pa,ABSOLUTE_MODEL_VALUE,105,Pa,HIGH,5,1 Pa,3,MEDIUM,노랑,#FFD60A,FALSE,TRUE,TRUE,NONE,TRUE,TRUE,A-L,VIRTUAL_MODEL_PRETRIP_CALIBRATION,MODEL_SIGNAL_VERIFIED_ABSOLUTE_THRESHOLD_CALIBRATED,READY_ABSOLUTE_MODEL_VALUE,https://build.openmodelica.org/Documentation/ThermoSysPro.WaterSteam.HeatExchangers.DynamicTwoPhaseFlowPipe.html,원시 변수명은 공개 빌드 로그로 확인. 임계값·지연·히스테리시스는 시연용 A-L 가정이며 현장 기준으로 교체 필요.,DCS2,HRSG,P > PRE_EVENT_BASELINE * 1.05,PRE_EVENT_BASELINE_RATIO,1.05,ratio_to_baseline,HP_Economizer_4.TwoPhaseFlowPipe.P[3],100,GT_TRIP_RAW_DATA_0.1s_0-40s.csv,0-10,CALIBRATED_MODEL_DIRECT,Direct model quantity and physical unit available
AL-0416,DCS2,HRSG,dcs2.csv,ABB_HRSG_BOP,HRSG,HP HRSG,HP Economizer 4 Cell 3,M-V_DIRECT,TSP.MV.HP_ECONOMIZER_4.WS.P_3,HP_Economizer_4.TwoPhaseFlowPipe.P[3],P,L,HP Economizer 4 Cell 3 압력 저(L),HP_Economizer_4.TwoPhaseFlowPipe.P[3] < 95 Pa,ABSOLUTE_MODEL_VALUE,95,Pa,LOW,5,1 Pa,3,MEDIUM,노랑,#FFD60A,FALSE,TRUE,TRUE,NONE,TRUE,TRUE,A-L,VIRTUAL_MODEL_PRETRIP_CALIBRATION,MODEL_SIGNAL_VERIFIED_ABSOLUTE_THRESHOLD_CALIBRATED,READY_ABSOLUTE_MODEL_VALUE,https://build.openmodelica.org/Documentation/ThermoSysPro.WaterSteam.HeatExchangers.DynamicTwoPhaseFlowPipe.html,원시 변수명은 공개 빌드 로그로 확인. 임계값·지연·히스테리시스는 시연용 A-L 가정이며 현장 기준으로 교체 필요.,DCS2,HRSG,P < PRE_EVENT_BASELINE * 0.95,PRE_EVENT_BASELINE_RATIO,0.95,ratio_to_baseline,HP_Economizer_4.TwoPhaseFlowPipe.P[3],100,GT_TRIP_RAW_DATA_0.1s_0-40s.csv,0-10,CALIBRATED_MODEL_DIRECT,Direct model quantity and physical unit available
AL-0417,DCS2,HRSG,dcs2.csv,ABB_HRSG_BOP,HRSG,HP HRSG,HP Economizer 4 Cell 3,M-V_DIRECT,TSP.MV.HP_ECONOMIZER_4.WS.Q_3,HP_Economizer_4.TwoPhaseFlowPipe.Q[3],Q,L,HP Economizer 4 Cell 3 유량 저(L),HP_Economizer_4.TwoPhaseFlowPipe.Q[3] < 75 kg/s,ABSOLUTE_MODEL_VALUE,75,kg/s,LOW,5,5 kg/s,3,MEDIUM,노랑,#FFD60A,FALSE,TRUE,TRUE,NONE,TRUE,TRUE,A-L,VIRTUAL_MODEL_PRETRIP_CALIBRATION,MODEL_SIGNAL_VERIFIED_ABSOLUTE_THRESHOLD_CALIBRATED,READY_ABSOLUTE_MODEL_VALUE,https://build.openmodelica.org/Documentation/ThermoSysPro.WaterSteam.HeatExchangers.DynamicTwoPhaseFlowPipe.html,원시 변수명은 공개 빌드 로그로 확인. 임계값·지연·히스테리시스는 시연용 A-L 가정이며 현장 기준으로 교체 필요.,DCS2,HRSG,Q < PRE_EVENT_BASELINE * 0.75,PRE_EVENT_BASELINE_RATIO,0.75,ratio_to_baseline,HP_Economizer_4.TwoPhaseFlowPipe.Q[3],100,GT_TRIP_RAW_DATA_0.1s_0-40s.csv,0-10,CALIBRATED_MODEL_DIRECT,Direct model quantity and physical unit available
AL-0418,DCS2,HRSG,dcs2.csv,ABB_HRSG_BOP,HRSG,HP HRSG,HP Economizer 4 Cell 3,M-V_CALCULATED,TSP.MV.HP_ECONOMIZER_4.WS.P_3;TSP.MV.HP_ECONOMIZER_4.WS.H_3,HP_Economizer_4.TwoPhaseFlowPipe.P[3];HP_Economizer_4.TwoPhaseFlowPipe.h[3],"T_ph(P,h)",H,HP Economizer 4 Cell 3 유체온도 고(H),DISABLED_UNTIL_ABSOLUTE_PHYSICAL_SIGNAL_AVAILABLE,ABSOLUTE_VALUE_PENDING,,,HIGH,5,0.01 ratio,3,MEDIUM,노랑,#FFD60A,FALSE,TRUE,TRUE,NONE,FALSE,TRUE,A-L,THERMOSYSPRO_MODEL+ASSUMED_LOGIC,ABSOLUTE_PHYSICAL_VALUE_NOT_AVAILABLE,DISABLED_PENDING_PHYSICAL_OUTPUT,https://build.openmodelica.org/Documentation/ThermoSysPro.WaterSteam.HeatExchangers.DynamicTwoPhaseFlowPipe.html,원시 변수명은 공개 빌드 로그로 확인. 임계값·지연·히스테리시스는 시연용 A-L 가정이며 현장 기준으로 교체 필요.,DCS2,HRSG,"T_ph(P,h) > PRE_EVENT_BASELINE * 1.03",PRE_EVENT_BASELINE_RATIO,1.03,ratio_to_baseline,,,,,DEFERRED_PROPERTY_CALCULATION,P/h property output must be exported and calculated in physical units
AL-0419,DCS2,HRSG,dcs2.csv,ABB_HRSG_BOP,HRSG,HP HRSG,HP Economizer 4 Cell 3,M-V_CALCULATED,TSP.MV.HP_ECONOMIZER_4.WS.P_3;TSP.MV.HP_ECONOMIZER_4.WS.H_3,HP_Economizer_4.TwoPhaseFlowPipe.P[3];HP_Economizer_4.TwoPhaseFlowPipe.h[3],"T_ph(P,h)",L,HP Economizer 4 Cell 3 유체온도 저(L),DISABLED_UNTIL_ABSOLUTE_PHYSICAL_SIGNAL_AVAILABLE,ABSOLUTE_VALUE_PENDING,,,LOW,5,0.01 ratio,3,MEDIUM,노랑,#FFD60A,FALSE,TRUE,TRUE,NONE,FALSE,TRUE,A-L,THERMOSYSPRO_MODEL+ASSUMED_LOGIC,ABSOLUTE_PHYSICAL_VALUE_NOT_AVAILABLE,DISABLED_PENDING_PHYSICAL_OUTPUT,https://build.openmodelica.org/Documentation/ThermoSysPro.WaterSteam.HeatExchangers.DynamicTwoPhaseFlowPipe.html,원시 변수명은 공개 빌드 로그로 확인. 임계값·지연·히스테리시스는 시연용 A-L 가정이며 현장 기준으로 교체 필요.,DCS2,HRSG,"T_ph(P,h) < PRE_EVENT_BASELINE * 0.97",PRE_EVENT_BASELINE_RATIO,0.97,ratio_to_baseline,,,,,DEFERRED_PROPERTY_CALCULATION,P/h property output must be exported and calculated in physical units
AL-0420,DCS2,HRSG,dcs2.csv,ABB_HRSG_BOP,HRSG,HP HRSG,HP Economizer 4 Cell 4,M-V_DIRECT,TSP.MV.HP_ECONOMIZER_4.WS.P_4,HP_Economizer_4.TwoPhaseFlowPipe.P[4],P,H,HP Economizer 4 Cell 4 압력 고(H),HP_Economizer_4.TwoPhaseFlowPipe.P[4] > 105 Pa,ABSOLUTE_MODEL_VALUE,105,Pa,HIGH,5,1 Pa,3,MEDIUM,노랑,#FFD60A,FALSE,TRUE,TRUE,NONE,TRUE,TRUE,A-L,VIRTUAL_MODEL_PRETRIP_CALIBRATION,MODEL_SIGNAL_VERIFIED_ABSOLUTE_THRESHOLD_CALIBRATED,READY_ABSOLUTE_MODEL_VALUE,https://build.openmodelica.org/Documentation/ThermoSysPro.WaterSteam.HeatExchangers.DynamicTwoPhaseFlowPipe.html,원시 변수명은 공개 빌드 로그로 확인. 임계값·지연·히스테리시스는 시연용 A-L 가정이며 현장 기준으로 교체 필요.,DCS2,HRSG,P > PRE_EVENT_BASELINE * 1.05,PRE_EVENT_BASELINE_RATIO,1.05,ratio_to_baseline,HP_Economizer_4.TwoPhaseFlowPipe.P[4],100,GT_TRIP_RAW_DATA_0.1s_0-40s.csv,0-10,CALIBRATED_MODEL_DIRECT,Direct model quantity and physical unit available
AL-0421,DCS2,HRSG,dcs2.csv,ABB_HRSG_BOP,HRSG,HP HRSG,HP Economizer 4 Cell 4,M-V_DIRECT,TSP.MV.HP_ECONOMIZER_4.WS.P_4,HP_Economizer_4.TwoPhaseFlowPipe.P[4],P,L,HP Economizer 4 Cell 4 압력 저(L),HP_Economizer_4.TwoPhaseFlowPipe.P[4] < 95 Pa,ABSOLUTE_MODEL_VALUE,95,Pa,LOW,5,1 Pa,3,MEDIUM,노랑,#FFD60A,FALSE,TRUE,TRUE,NONE,TRUE,TRUE,A-L,VIRTUAL_MODEL_PRETRIP_CALIBRATION,MODEL_SIGNAL_VERIFIED_ABSOLUTE_THRESHOLD_CALIBRATED,READY_ABSOLUTE_MODEL_VALUE,https://build.openmodelica.org/Documentation/ThermoSysPro.WaterSteam.HeatExchangers.DynamicTwoPhaseFlowPipe.html,원시 변수명은 공개 빌드 로그로 확인. 임계값·지연·히스테리시스는 시연용 A-L 가정이며 현장 기준으로 교체 필요.,DCS2,HRSG,P < PRE_EVENT_BASELINE * 0.95,PRE_EVENT_BASELINE_RATIO,0.95,ratio_to_baseline,HP_Economizer_4.TwoPhaseFlowPipe.P[4],100,GT_TRIP_RAW_DATA_0.1s_0-40s.csv,0-10,CALIBRATED_MODEL_DIRECT,Direct model quantity and physical unit available
AL-0422,DCS2,HRSG,dcs2.csv,ABB_HRSG_BOP,HRSG,HP HRSG,HP Economizer 4 Cell 4,M-V_DIRECT,TSP.MV.HP_ECONOMIZER_4.WS.Q_4,HP_Economizer_4.TwoPhaseFlowPipe.Q[4],Q,L,HP Economizer 4 Cell 4 유량 저(L),HP_Economizer_4.TwoPhaseFlowPipe.Q[4] < 75 kg/s,ABSOLUTE_MODEL_VALUE,75,kg/s,LOW,5,5 kg/s,3,MEDIUM,노랑,#FFD60A,FALSE,TRUE,TRUE,NONE,TRUE,TRUE,A-L,VIRTUAL_MODEL_PRETRIP_CALIBRATION,MODEL_SIGNAL_VERIFIED_ABSOLUTE_THRESHOLD_CALIBRATED,READY_ABSOLUTE_MODEL_VALUE,https://build.openmodelica.org/Documentation/ThermoSysPro.WaterSteam.HeatExchangers.DynamicTwoPhaseFlowPipe.html,원시 변수명은 공개 빌드 로그로 확인. 임계값·지연·히스테리시스는 시연용 A-L 가정이며 현장 기준으로 교체 필요.,DCS2,HRSG,Q < PRE_EVENT_BASELINE * 0.75,PRE_EVENT_BASELINE_RATIO,0.75,ratio_to_baseline,HP_Economizer_4.TwoPhaseFlowPipe.Q[4],100,GT_TRIP_RAW_DATA_0.1s_0-40s.csv,0-10,CALIBRATED_MODEL_DIRECT,Direct model quantity and physical unit available
AL-0423,DCS2,HRSG,dcs2.csv,ABB_HRSG_BOP,HRSG,HP HRSG,HP Economizer 4 Cell 4,M-V_CALCULATED,TSP.MV.HP_ECONOMIZER_4.WS.P_4;TSP.MV.HP_ECONOMIZER_4.WS.H_4,HP_Economizer_4.TwoPhaseFlowPipe.P[4];HP_Economizer_4.TwoPhaseFlowPipe.h[4],"T_ph(P,h)",H,HP Economizer 4 Cell 4 유체온도 고(H),DISABLED_UNTIL_ABSOLUTE_PHYSICAL_SIGNAL_AVAILABLE,ABSOLUTE_VALUE_PENDING,,,HIGH,5,0.01 ratio,3,MEDIUM,노랑,#FFD60A,FALSE,TRUE,TRUE,NONE,FALSE,TRUE,A-L,THERMOSYSPRO_MODEL+ASSUMED_LOGIC,ABSOLUTE_PHYSICAL_VALUE_NOT_AVAILABLE,DISABLED_PENDING_PHYSICAL_OUTPUT,https://build.openmodelica.org/Documentation/ThermoSysPro.WaterSteam.HeatExchangers.DynamicTwoPhaseFlowPipe.html,원시 변수명은 공개 빌드 로그로 확인. 임계값·지연·히스테리시스는 시연용 A-L 가정이며 현장 기준으로 교체 필요.,DCS2,HRSG,"T_ph(P,h) > PRE_EVENT_BASELINE * 1.03",PRE_EVENT_BASELINE_RATIO,1.03,ratio_to_baseline,,,,,DEFERRED_PROPERTY_CALCULATION,P/h property output must be exported and calculated in physical units
AL-0424,DCS2,HRSG,dcs2.csv,ABB_HRSG_BOP,HRSG,HP HRSG,HP Economizer 4 Cell 4,M-V_CALCULATED,TSP.MV.HP_ECONOMIZER_4.WS.P_4;TSP.MV.HP_ECONOMIZER_4.WS.H_4,HP_Economizer_4.TwoPhaseFlowPipe.P[4];HP_Economizer_4.TwoPhaseFlowPipe.h[4],"T_ph(P,h)",L,HP Economizer 4 Cell 4 유체온도 저(L),DISABLED_UNTIL_ABSOLUTE_PHYSICAL_SIGNAL_AVAILABLE,ABSOLUTE_VALUE_PENDING,,,LOW,5,0.01 ratio,3,MEDIUM,노랑,#FFD60A,FALSE,TRUE,TRUE,NONE,FALSE,TRUE,A-L,THERMOSYSPRO_MODEL+ASSUMED_LOGIC,ABSOLUTE_PHYSICAL_VALUE_NOT_AVAILABLE,DISABLED_PENDING_PHYSICAL_OUTPUT,https://build.openmodelica.org/Documentation/ThermoSysPro.WaterSteam.HeatExchangers.DynamicTwoPhaseFlowPipe.html,원시 변수명은 공개 빌드 로그로 확인. 임계값·지연·히스테리시스는 시연용 A-L 가정이며 현장 기준으로 교체 필요.,DCS2,HRSG,"T_ph(P,h) < PRE_EVENT_BASELINE * 0.97",PRE_EVENT_BASELINE_RATIO,0.97,ratio_to_baseline,,,,,DEFERRED_PROPERTY_CALCULATION,P/h property output must be exported and calculated in physical units
AL-0425,DCS2,HRSG,dcs2.csv,ABB_HRSG_BOP,HRSG,HP HRSG,HP Economizer 4 Wall 1,M-V_DIRECT,TSP.MV.HP_ECONOMIZER_4.WALL.TP_1,HP_Economizer_4.ExchangerWall.Tp[1],Tp,H,HP Economizer 4 Wall 1 벽온도 고(H),HP_Economizer_4.ExchangerWall.Tp[1] > 103 K,ABSOLUTE_MODEL_VALUE,103,K,HIGH,10,1 K,3,MEDIUM,노랑,#FFD60A,FALSE,TRUE,TRUE,NONE,TRUE,TRUE,A-L,VIRTUAL_MODEL_PRETRIP_CALIBRATION,MODEL_SIGNAL_VERIFIED_ABSOLUTE_THRESHOLD_CALIBRATED,READY_ABSOLUTE_MODEL_VALUE,https://build.openmodelica.org/Documentation/ThermoSysPro.WaterSteam.HeatExchangers.DynamicTwoPhaseFlowPipe.html,원시 변수명은 공개 빌드 로그로 확인. 임계값·지연·히스테리시스는 시연용 A-L 가정이며 현장 기준으로 교체 필요.,DCS2,HRSG,Tp > PRE_EVENT_BASELINE * 1.03,PRE_EVENT_BASELINE_RATIO,1.03,ratio_to_baseline,HP_Economizer_4.ExchangerWall.Tp[1],100,GT_TRIP_RAW_DATA_0.1s_0-40s.csv,0-10,CALIBRATED_MODEL_DIRECT,Direct model quantity and physical unit available
AL-0426,DCS2,HRSG,dcs2.csv,ABB_HRSG_BOP,HRSG,HP HRSG,HP Economizer 4 Wall 2,M-V_DIRECT,TSP.MV.HP_ECONOMIZER_4.WALL.TP_2,HP_Economizer_4.ExchangerWall.Tp[2],Tp,H,HP Economizer 4 Wall 2 벽온도 고(H),HP_Economizer_4.ExchangerWall.Tp[2] > 103 K,ABSOLUTE_MODEL_VALUE,103,K,HIGH,10,1 K,3,MEDIUM,노랑,#FFD60A,FALSE,TRUE,TRUE,NONE,TRUE,TRUE,A-L,VIRTUAL_MODEL_PRETRIP_CALIBRATION,MODEL_SIGNAL_VERIFIED_ABSOLUTE_THRESHOLD_CALIBRATED,READY_ABSOLUTE_MODEL_VALUE,https://build.openmodelica.org/Documentation/ThermoSysPro.WaterSteam.HeatExchangers.DynamicTwoPhaseFlowPipe.html,원시 변수명은 공개 빌드 로그로 확인. 임계값·지연·히스테리시스는 시연용 A-L 가정이며 현장 기준으로 교체 필요.,DCS2,HRSG,Tp > PRE_EVENT_BASELINE * 1.03,PRE_EVENT_BASELINE_RATIO,1.03,ratio_to_baseline,HP_Economizer_4.ExchangerWall.Tp[2],100,GT_TRIP_RAW_DATA_0.1s_0-40s.csv,0-10,CALIBRATED_MODEL_DIRECT,Direct model quantity and physical unit available
AL-0427,DCS2,HRSG,dcs2.csv,ABB_HRSG_BOP,HRSG,HP HRSG,HP Economizer 4 Wall 3,M-V_DIRECT,TSP.MV.HP_ECONOMIZER_4.WALL.TP_3,HP_Economizer_4.ExchangerWall.Tp[3],Tp,H,HP Economizer 4 Wall 3 벽온도 고(H),HP_Economizer_4.ExchangerWall.Tp[3] > 103 K,ABSOLUTE_MODEL_VALUE,103,K,HIGH,10,1 K,3,MEDIUM,노랑,#FFD60A,FALSE,TRUE,TRUE,NONE,TRUE,TRUE,A-L,VIRTUAL_MODEL_PRETRIP_CALIBRATION,MODEL_SIGNAL_VERIFIED_ABSOLUTE_THRESHOLD_CALIBRATED,READY_ABSOLUTE_MODEL_VALUE,https://build.openmodelica.org/Documentation/ThermoSysPro.WaterSteam.HeatExchangers.DynamicTwoPhaseFlowPipe.html,원시 변수명은 공개 빌드 로그로 확인. 임계값·지연·히스테리시스는 시연용 A-L 가정이며 현장 기준으로 교체 필요.,DCS2,HRSG,Tp > PRE_EVENT_BASELINE * 1.03,PRE_EVENT_BASELINE_RATIO,1.03,ratio_to_baseline,HP_Economizer_4.ExchangerWall.Tp[3],100,GT_TRIP_RAW_DATA_0.1s_0-40s.csv,0-10,CALIBRATED_MODEL_DIRECT,Direct model quantity and physical unit available
AL-0428,DCS2,HRSG,dcs2.csv,ABB_HRSG_BOP,HRSG,HP HRSG,HP Evaporator Cell 1,M-V_DIRECT,TSP.MV.HP_EVAPORATOR.WS.Q_1,HP_Evaporator.TwoPhaseFlowPipe.Q[1],Q,L,HP Evaporator Cell 1 유량 저(L),HP_Evaporator.TwoPhaseFlowPipe.Q[1] < 75 kg/s,ABSOLUTE_MODEL_VALUE,75,kg/s,LOW,5,5 kg/s,3,MEDIUM,노랑,#FFD60A,FALSE,TRUE,TRUE,NONE,TRUE,TRUE,A-L,VIRTUAL_MODEL_PRETRIP_CALIBRATION,MODEL_SIGNAL_VERIFIED_ABSOLUTE_THRESHOLD_CALIBRATED,READY_ABSOLUTE_MODEL_VALUE,https://build.openmodelica.org/Documentation/ThermoSysPro.WaterSteam.HeatExchangers.DynamicTwoPhaseFlowPipe.html,원시 변수명은 공개 빌드 로그로 확인. 임계값·지연·히스테리시스는 시연용 A-L 가정이며 현장 기준으로 교체 필요.,DCS2,HRSG,Q < PRE_EVENT_BASELINE * 0.75,PRE_EVENT_BASELINE_RATIO,0.75,ratio_to_baseline,HP_Evaporator.TwoPhaseFlowPipe.Q[1],100,GT_TRIP_RAW_DATA_0.1s_0-40s.csv,0-10,CALIBRATED_MODEL_DIRECT,Direct model quantity and physical unit available
AL-0429,DCS2,HRSG,dcs2.csv,ABB_HRSG_BOP,HRSG,HP HRSG,HP Evaporator Cell 2,M-V_DIRECT,TSP.MV.HP_EVAPORATOR.WS.P_2,HP_Evaporator.TwoPhaseFlowPipe.P[2],P,H,HP Evaporator Cell 2 압력 고(H),HP_Evaporator.TwoPhaseFlowPipe.P[2] > 105 Pa,ABSOLUTE_MODEL_VALUE,105,Pa,HIGH,5,1 Pa,3,MEDIUM,노랑,#FFD60A,FALSE,TRUE,TRUE,NONE,TRUE,TRUE,A-L,VIRTUAL_MODEL_PRETRIP_CALIBRATION,MODEL_SIGNAL_VERIFIED_ABSOLUTE_THRESHOLD_CALIBRATED,READY_ABSOLUTE_MODEL_VALUE,https://build.openmodelica.org/Documentation/ThermoSysPro.WaterSteam.HeatExchangers.DynamicTwoPhaseFlowPipe.html,원시 변수명은 공개 빌드 로그로 확인. 임계값·지연·히스테리시스는 시연용 A-L 가정이며 현장 기준으로 교체 필요.,DCS2,HRSG,P > PRE_EVENT_BASELINE * 1.05,PRE_EVENT_BASELINE_RATIO,1.05,ratio_to_baseline,HP_Evaporator.TwoPhaseFlowPipe.P[2],100,GT_TRIP_RAW_DATA_0.1s_0-40s.csv,0-10,CALIBRATED_MODEL_DIRECT,Direct model quantity and physical unit available
AL-0430,DCS2,HRSG,dcs2.csv,ABB_HRSG_BOP,HRSG,HP HRSG,HP Evaporator Cell 2,M-V_DIRECT,TSP.MV.HP_EVAPORATOR.WS.P_2,HP_Evaporator.TwoPhaseFlowPipe.P[2],P,L,HP Evaporator Cell 2 압력 저(L),HP_Evaporator.TwoPhaseFlowPipe.P[2] < 95 Pa,ABSOLUTE_MODEL_VALUE,95,Pa,LOW,5,1 Pa,3,MEDIUM,노랑,#FFD60A,FALSE,TRUE,TRUE,NONE,TRUE,TRUE,A-L,VIRTUAL_MODEL_PRETRIP_CALIBRATION,MODEL_SIGNAL_VERIFIED_ABSOLUTE_THRESHOLD_CALIBRATED,READY_ABSOLUTE_MODEL_VALUE,https://build.openmodelica.org/Documentation/ThermoSysPro.WaterSteam.HeatExchangers.DynamicTwoPhaseFlowPipe.html,원시 변수명은 공개 빌드 로그로 확인. 임계값·지연·히스테리시스는 시연용 A-L 가정이며 현장 기준으로 교체 필요.,DCS2,HRSG,P < PRE_EVENT_BASELINE * 0.95,PRE_EVENT_BASELINE_RATIO,0.95,ratio_to_baseline,HP_Evaporator.TwoPhaseFlowPipe.P[2],100,GT_TRIP_RAW_DATA_0.1s_0-40s.csv,0-10,CALIBRATED_MODEL_DIRECT,Direct model quantity and physical unit available
AL-0431,DCS2,HRSG,dcs2.csv,ABB_HRSG_BOP,HRSG,HP HRSG,HP Evaporator Cell 2,M-V_DIRECT,TSP.MV.HP_EVAPORATOR.WS.Q_2,HP_Evaporator.TwoPhaseFlowPipe.Q[2],Q,L,HP Evaporator Cell 2 유량 저(L),HP_Evaporator.TwoPhaseFlowPipe.Q[2] < 75 kg/s,ABSOLUTE_MODEL_VALUE,75,kg/s,LOW,5,5 kg/s,3,MEDIUM,노랑,#FFD60A,FALSE,TRUE,TRUE,NONE,TRUE,TRUE,A-L,VIRTUAL_MODEL_PRETRIP_CALIBRATION,MODEL_SIGNAL_VERIFIED_ABSOLUTE_THRESHOLD_CALIBRATED,READY_ABSOLUTE_MODEL_VALUE,https://build.openmodelica.org/Documentation/ThermoSysPro.WaterSteam.HeatExchangers.DynamicTwoPhaseFlowPipe.html,원시 변수명은 공개 빌드 로그로 확인. 임계값·지연·히스테리시스는 시연용 A-L 가정이며 현장 기준으로 교체 필요.,DCS2,HRSG,Q < PRE_EVENT_BASELINE * 0.75,PRE_EVENT_BASELINE_RATIO,0.75,ratio_to_baseline,HP_Evaporator.TwoPhaseFlowPipe.Q[2],100,GT_TRIP_RAW_DATA_0.1s_0-40s.csv,0-10,CALIBRATED_MODEL_DIRECT,Direct model quantity and physical unit available
AL-0432,DCS2,HRSG,dcs2.csv,ABB_HRSG_BOP,HRSG,HP HRSG,HP Evaporator Cell 2,M-V_CALCULATED,TSP.MV.HP_EVAPORATOR.WS.P_2;TSP.MV.HP_EVAPORATOR.WS.H_2,HP_Evaporator.TwoPhaseFlowPipe.P[2];HP_Evaporator.TwoPhaseFlowPipe.h[2],"T_ph(P,h)",H,HP Evaporator Cell 2 유체온도 고(H),DISABLED_UNTIL_ABSOLUTE_PHYSICAL_SIGNAL_AVAILABLE,ABSOLUTE_VALUE_PENDING,,,HIGH,5,0.01 ratio,3,MEDIUM,노랑,#FFD60A,FALSE,TRUE,TRUE,NONE,FALSE,TRUE,A-L,THERMOSYSPRO_MODEL+ASSUMED_LOGIC,ABSOLUTE_PHYSICAL_VALUE_NOT_AVAILABLE,DISABLED_PENDING_PHYSICAL_OUTPUT,https://build.openmodelica.org/Documentation/ThermoSysPro.WaterSteam.HeatExchangers.DynamicTwoPhaseFlowPipe.html,원시 변수명은 공개 빌드 로그로 확인. 임계값·지연·히스테리시스는 시연용 A-L 가정이며 현장 기준으로 교체 필요.,DCS2,HRSG,"T_ph(P,h) > PRE_EVENT_BASELINE * 1.03",PRE_EVENT_BASELINE_RATIO,1.03,ratio_to_baseline,,,,,DEFERRED_PROPERTY_CALCULATION,P/h property output must be exported and calculated in physical units
AL-0433,DCS2,HRSG,dcs2.csv,ABB_HRSG_BOP,HRSG,HP HRSG,HP Evaporator Cell 2,M-V_CALCULATED,TSP.MV.HP_EVAPORATOR.WS.P_2;TSP.MV.HP_EVAPORATOR.WS.H_2,HP_Evaporator.TwoPhaseFlowPipe.P[2];HP_Evaporator.TwoPhaseFlowPipe.h[2],"T_ph(P,h)",L,HP Evaporator Cell 2 유체온도 저(L),DISABLED_UNTIL_ABSOLUTE_PHYSICAL_SIGNAL_AVAILABLE,ABSOLUTE_VALUE_PENDING,,,LOW,5,0.01 ratio,3,MEDIUM,노랑,#FFD60A,FALSE,TRUE,TRUE,NONE,FALSE,TRUE,A-L,THERMOSYSPRO_MODEL+ASSUMED_LOGIC,ABSOLUTE_PHYSICAL_VALUE_NOT_AVAILABLE,DISABLED_PENDING_PHYSICAL_OUTPUT,https://build.openmodelica.org/Documentation/ThermoSysPro.WaterSteam.HeatExchangers.DynamicTwoPhaseFlowPipe.html,원시 변수명은 공개 빌드 로그로 확인. 임계값·지연·히스테리시스는 시연용 A-L 가정이며 현장 기준으로 교체 필요.,DCS2,HRSG,"T_ph(P,h) < PRE_EVENT_BASELINE * 0.97",PRE_EVENT_BASELINE_RATIO,0.97,ratio_to_baseline,,,,,DEFERRED_PROPERTY_CALCULATION,P/h property output must be exported and calculated in physical units
AL-0434,DCS2,HRSG,dcs2.csv,ABB_HRSG_BOP,HRSG,HP HRSG,HP Evaporator Cell 3,M-V_DIRECT,TSP.MV.HP_EVAPORATOR.WS.P_3,HP_Evaporator.TwoPhaseFlowPipe.P[3],P,H,HP Evaporator Cell 3 압력 고(H),HP_Evaporator.TwoPhaseFlowPipe.P[3] > 105 Pa,ABSOLUTE_MODEL_VALUE,105,Pa,HIGH,5,1 Pa,3,MEDIUM,노랑,#FFD60A,FALSE,TRUE,TRUE,NONE,TRUE,TRUE,A-L,VIRTUAL_MODEL_PRETRIP_CALIBRATION,MODEL_SIGNAL_VERIFIED_ABSOLUTE_THRESHOLD_CALIBRATED,READY_ABSOLUTE_MODEL_VALUE,https://build.openmodelica.org/Documentation/ThermoSysPro.WaterSteam.HeatExchangers.DynamicTwoPhaseFlowPipe.html,원시 변수명은 공개 빌드 로그로 확인. 임계값·지연·히스테리시스는 시연용 A-L 가정이며 현장 기준으로 교체 필요.,DCS2,HRSG,P > PRE_EVENT_BASELINE * 1.05,PRE_EVENT_BASELINE_RATIO,1.05,ratio_to_baseline,HP_Evaporator.TwoPhaseFlowPipe.P[3],100,GT_TRIP_RAW_DATA_0.1s_0-40s.csv,0-10,CALIBRATED_MODEL_DIRECT,Direct model quantity and physical unit available
AL-0435,DCS2,HRSG,dcs2.csv,ABB_HRSG_BOP,HRSG,HP HRSG,HP Evaporator Cell 3,M-V_DIRECT,TSP.MV.HP_EVAPORATOR.WS.P_3,HP_Evaporator.TwoPhaseFlowPipe.P[3],P,L,HP Evaporator Cell 3 압력 저(L),HP_Evaporator.TwoPhaseFlowPipe.P[3] < 95 Pa,ABSOLUTE_MODEL_VALUE,95,Pa,LOW,5,1 Pa,3,MEDIUM,노랑,#FFD60A,FALSE,TRUE,TRUE,NONE,TRUE,TRUE,A-L,VIRTUAL_MODEL_PRETRIP_CALIBRATION,MODEL_SIGNAL_VERIFIED_ABSOLUTE_THRESHOLD_CALIBRATED,READY_ABSOLUTE_MODEL_VALUE,https://build.openmodelica.org/Documentation/ThermoSysPro.WaterSteam.HeatExchangers.DynamicTwoPhaseFlowPipe.html,원시 변수명은 공개 빌드 로그로 확인. 임계값·지연·히스테리시스는 시연용 A-L 가정이며 현장 기준으로 교체 필요.,DCS2,HRSG,P < PRE_EVENT_BASELINE * 0.95,PRE_EVENT_BASELINE_RATIO,0.95,ratio_to_baseline,HP_Evaporator.TwoPhaseFlowPipe.P[3],100,GT_TRIP_RAW_DATA_0.1s_0-40s.csv,0-10,CALIBRATED_MODEL_DIRECT,Direct model quantity and physical unit available
AL-0436,DCS2,HRSG,dcs2.csv,ABB_HRSG_BOP,HRSG,HP HRSG,HP Evaporator Cell 3,M-V_DIRECT,TSP.MV.HP_EVAPORATOR.WS.Q_3,HP_Evaporator.TwoPhaseFlowPipe.Q[3],Q,L,HP Evaporator Cell 3 유량 저(L),HP_Evaporator.TwoPhaseFlowPipe.Q[3] < 75 kg/s,ABSOLUTE_MODEL_VALUE,75,kg/s,LOW,5,5 kg/s,3,MEDIUM,노랑,#FFD60A,FALSE,TRUE,TRUE,NONE,TRUE,TRUE,A-L,VIRTUAL_MODEL_PRETRIP_CALIBRATION,MODEL_SIGNAL_VERIFIED_ABSOLUTE_THRESHOLD_CALIBRATED,READY_ABSOLUTE_MODEL_VALUE,https://build.openmodelica.org/Documentation/ThermoSysPro.WaterSteam.HeatExchangers.DynamicTwoPhaseFlowPipe.html,원시 변수명은 공개 빌드 로그로 확인. 임계값·지연·히스테리시스는 시연용 A-L 가정이며 현장 기준으로 교체 필요.,DCS2,HRSG,Q < PRE_EVENT_BASELINE * 0.75,PRE_EVENT_BASELINE_RATIO,0.75,ratio_to_baseline,HP_Evaporator.TwoPhaseFlowPipe.Q[3],100,GT_TRIP_RAW_DATA_0.1s_0-40s.csv,0-10,CALIBRATED_MODEL_DIRECT,Direct model quantity and physical unit available
AL-0437,DCS2,HRSG,dcs2.csv,ABB_HRSG_BOP,HRSG,HP HRSG,HP Evaporator Cell 3,M-V_CALCULATED,TSP.MV.HP_EVAPORATOR.WS.P_3;TSP.MV.HP_EVAPORATOR.WS.H_3,HP_Evaporator.TwoPhaseFlowPipe.P[3];HP_Evaporator.TwoPhaseFlowPipe.h[3],"T_ph(P,h)",H,HP Evaporator Cell 3 유체온도 고(H),DISABLED_UNTIL_ABSOLUTE_PHYSICAL_SIGNAL_AVAILABLE,ABSOLUTE_VALUE_PENDING,,,HIGH,5,0.01 ratio,3,MEDIUM,노랑,#FFD60A,FALSE,TRUE,TRUE,NONE,FALSE,TRUE,A-L,THERMOSYSPRO_MODEL+ASSUMED_LOGIC,ABSOLUTE_PHYSICAL_VALUE_NOT_AVAILABLE,DISABLED_PENDING_PHYSICAL_OUTPUT,https://build.openmodelica.org/Documentation/ThermoSysPro.WaterSteam.HeatExchangers.DynamicTwoPhaseFlowPipe.html,원시 변수명은 공개 빌드 로그로 확인. 임계값·지연·히스테리시스는 시연용 A-L 가정이며 현장 기준으로 교체 필요.,DCS2,HRSG,"T_ph(P,h) > PRE_EVENT_BASELINE * 1.03",PRE_EVENT_BASELINE_RATIO,1.03,ratio_to_baseline,,,,,DEFERRED_PROPERTY_CALCULATION,P/h property output must be exported and calculated in physical units
AL-0438,DCS2,HRSG,dcs2.csv,ABB_HRSG_BOP,HRSG,HP HRSG,HP Evaporator Cell 3,M-V_CALCULATED,TSP.MV.HP_EVAPORATOR.WS.P_3;TSP.MV.HP_EVAPORATOR.WS.H_3,HP_Evaporator.TwoPhaseFlowPipe.P[3];HP_Evaporator.TwoPhaseFlowPipe.h[3],"T_ph(P,h)",L,HP Evaporator Cell 3 유체온도 저(L),DISABLED_UNTIL_ABSOLUTE_PHYSICAL_SIGNAL_AVAILABLE,ABSOLUTE_VALUE_PENDING,,,LOW,5,0.01 ratio,3,MEDIUM,노랑,#FFD60A,FALSE,TRUE,TRUE,NONE,FALSE,TRUE,A-L,THERMOSYSPRO_MODEL+ASSUMED_LOGIC,ABSOLUTE_PHYSICAL_VALUE_NOT_AVAILABLE,DISABLED_PENDING_PHYSICAL_OUTPUT,https://build.openmodelica.org/Documentation/ThermoSysPro.WaterSteam.HeatExchangers.DynamicTwoPhaseFlowPipe.html,원시 변수명은 공개 빌드 로그로 확인. 임계값·지연·히스테리시스는 시연용 A-L 가정이며 현장 기준으로 교체 필요.,DCS2,HRSG,"T_ph(P,h) < PRE_EVENT_BASELINE * 0.97",PRE_EVENT_BASELINE_RATIO,0.97,ratio_to_baseline,,,,,DEFERRED_PROPERTY_CALCULATION,P/h property output must be exported and calculated in physical units
AL-0439,DCS2,HRSG,dcs2.csv,ABB_HRSG_BOP,HRSG,HP HRSG,HP Evaporator Cell 4,M-V_DIRECT,TSP.MV.HP_EVAPORATOR.WS.P_4,HP_Evaporator.TwoPhaseFlowPipe.P[4],P,H,HP Evaporator Cell 4 압력 고(H),HP_Evaporator.TwoPhaseFlowPipe.P[4] > 105 Pa,ABSOLUTE_MODEL_VALUE,105,Pa,HIGH,5,1 Pa,3,MEDIUM,노랑,#FFD60A,FALSE,TRUE,TRUE,NONE,TRUE,TRUE,A-L,VIRTUAL_MODEL_PRETRIP_CALIBRATION,MODEL_SIGNAL_VERIFIED_ABSOLUTE_THRESHOLD_CALIBRATED,READY_ABSOLUTE_MODEL_VALUE,https://build.openmodelica.org/Documentation/ThermoSysPro.WaterSteam.HeatExchangers.DynamicTwoPhaseFlowPipe.html,원시 변수명은 공개 빌드 로그로 확인. 임계값·지연·히스테리시스는 시연용 A-L 가정이며 현장 기준으로 교체 필요.,DCS2,HRSG,P > PRE_EVENT_BASELINE * 1.05,PRE_EVENT_BASELINE_RATIO,1.05,ratio_to_baseline,HP_Evaporator.TwoPhaseFlowPipe.P[4],100,GT_TRIP_RAW_DATA_0.1s_0-40s.csv,0-10,CALIBRATED_MODEL_DIRECT,Direct model quantity and physical unit available
AL-0440,DCS2,HRSG,dcs2.csv,ABB_HRSG_BOP,HRSG,HP HRSG,HP Evaporator Cell 4,M-V_DIRECT,TSP.MV.HP_EVAPORATOR.WS.P_4,HP_Evaporator.TwoPhaseFlowPipe.P[4],P,L,HP Evaporator Cell 4 압력 저(L),HP_Evaporator.TwoPhaseFlowPipe.P[4] < 95 Pa,ABSOLUTE_MODEL_VALUE,95,Pa,LOW,5,1 Pa,3,MEDIUM,노랑,#FFD60A,FALSE,TRUE,TRUE,NONE,TRUE,TRUE,A-L,VIRTUAL_MODEL_PRETRIP_CALIBRATION,MODEL_SIGNAL_VERIFIED_ABSOLUTE_THRESHOLD_CALIBRATED,READY_ABSOLUTE_MODEL_VALUE,https://build.openmodelica.org/Documentation/ThermoSysPro.WaterSteam.HeatExchangers.DynamicTwoPhaseFlowPipe.html,원시 변수명은 공개 빌드 로그로 확인. 임계값·지연·히스테리시스는 시연용 A-L 가정이며 현장 기준으로 교체 필요.,DCS2,HRSG,P < PRE_EVENT_BASELINE * 0.95,PRE_EVENT_BASELINE_RATIO,0.95,ratio_to_baseline,HP_Evaporator.TwoPhaseFlowPipe.P[4],100,GT_TRIP_RAW_DATA_0.1s_0-40s.csv,0-10,CALIBRATED_MODEL_DIRECT,Direct model quantity and physical unit available
AL-0441,DCS2,HRSG,dcs2.csv,ABB_HRSG_BOP,HRSG,HP HRSG,HP Evaporator Cell 4,M-V_DIRECT,TSP.MV.HP_EVAPORATOR.WS.Q_4,HP_Evaporator.TwoPhaseFlowPipe.Q[4],Q,L,HP Evaporator Cell 4 유량 저(L),HP_Evaporator.TwoPhaseFlowPipe.Q[4] < 75 kg/s,ABSOLUTE_MODEL_VALUE,75,kg/s,LOW,5,5 kg/s,3,MEDIUM,노랑,#FFD60A,FALSE,TRUE,TRUE,NONE,TRUE,TRUE,A-L,VIRTUAL_MODEL_PRETRIP_CALIBRATION,MODEL_SIGNAL_VERIFIED_ABSOLUTE_THRESHOLD_CALIBRATED,READY_ABSOLUTE_MODEL_VALUE,https://build.openmodelica.org/Documentation/ThermoSysPro.WaterSteam.HeatExchangers.DynamicTwoPhaseFlowPipe.html,원시 변수명은 공개 빌드 로그로 확인. 임계값·지연·히스테리시스는 시연용 A-L 가정이며 현장 기준으로 교체 필요.,DCS2,HRSG,Q < PRE_EVENT_BASELINE * 0.75,PRE_EVENT_BASELINE_RATIO,0.75,ratio_to_baseline,HP_Evaporator.TwoPhaseFlowPipe.Q[4],100,GT_TRIP_RAW_DATA_0.1s_0-40s.csv,0-10,CALIBRATED_MODEL_DIRECT,Direct model quantity and physical unit available
AL-0442,DCS2,HRSG,dcs2.csv,ABB_HRSG_BOP,HRSG,HP HRSG,HP Evaporator Cell 4,M-V_CALCULATED,TSP.MV.HP_EVAPORATOR.WS.P_4;TSP.MV.HP_EVAPORATOR.WS.H_4,HP_Evaporator.TwoPhaseFlowPipe.P[4];HP_Evaporator.TwoPhaseFlowPipe.h[4],"T_ph(P,h)",H,HP Evaporator Cell 4 유체온도 고(H),DISABLED_UNTIL_ABSOLUTE_PHYSICAL_SIGNAL_AVAILABLE,ABSOLUTE_VALUE_PENDING,,,HIGH,5,0.01 ratio,3,MEDIUM,노랑,#FFD60A,FALSE,TRUE,TRUE,NONE,FALSE,TRUE,A-L,THERMOSYSPRO_MODEL+ASSUMED_LOGIC,ABSOLUTE_PHYSICAL_VALUE_NOT_AVAILABLE,DISABLED_PENDING_PHYSICAL_OUTPUT,https://build.openmodelica.org/Documentation/ThermoSysPro.WaterSteam.HeatExchangers.DynamicTwoPhaseFlowPipe.html,원시 변수명은 공개 빌드 로그로 확인. 임계값·지연·히스테리시스는 시연용 A-L 가정이며 현장 기준으로 교체 필요.,DCS2,HRSG,"T_ph(P,h) > PRE_EVENT_BASELINE * 1.03",PRE_EVENT_BASELINE_RATIO,1.03,ratio_to_baseline,,,,,DEFERRED_PROPERTY_CALCULATION,P/h property output must be exported and calculated in physical units
AL-0443,DCS2,HRSG,dcs2.csv,ABB_HRSG_BOP,HRSG,HP HRSG,HP Evaporator Cell 4,M-V_CALCULATED,TSP.MV.HP_EVAPORATOR.WS.P_4;TSP.MV.HP_EVAPORATOR.WS.H_4,HP_Evaporator.TwoPhaseFlowPipe.P[4];HP_Evaporator.TwoPhaseFlowPipe.h[4],"T_ph(P,h)",L,HP Evaporator Cell 4 유체온도 저(L),DISABLED_UNTIL_ABSOLUTE_PHYSICAL_SIGNAL_AVAILABLE,ABSOLUTE_VALUE_PENDING,,,LOW,5,0.01 ratio,3,MEDIUM,노랑,#FFD60A,FALSE,TRUE,TRUE,NONE,FALSE,TRUE,A-L,THERMOSYSPRO_MODEL+ASSUMED_LOGIC,ABSOLUTE_PHYSICAL_VALUE_NOT_AVAILABLE,DISABLED_PENDING_PHYSICAL_OUTPUT,https://build.openmodelica.org/Documentation/ThermoSysPro.WaterSteam.HeatExchangers.DynamicTwoPhaseFlowPipe.html,원시 변수명은 공개 빌드 로그로 확인. 임계값·지연·히스테리시스는 시연용 A-L 가정이며 현장 기준으로 교체 필요.,DCS2,HRSG,"T_ph(P,h) < PRE_EVENT_BASELINE * 0.97",PRE_EVENT_BASELINE_RATIO,0.97,ratio_to_baseline,,,,,DEFERRED_PROPERTY_CALCULATION,P/h property output must be exported and calculated in physical units
AL-0444,DCS2,HRSG,dcs2.csv,ABB_HRSG_BOP,HRSG,HP HRSG,HP Evaporator Wall 1,M-V_DIRECT,TSP.MV.HP_EVAPORATOR.WALL.TP_1,HP_Evaporator.ExchangerWall.Tp[1],Tp,H,HP Evaporator Wall 1 벽온도 고(H),HP_Evaporator.ExchangerWall.Tp[1] > 103 K,ABSOLUTE_MODEL_VALUE,103,K,HIGH,10,1 K,3,MEDIUM,노랑,#FFD60A,FALSE,TRUE,TRUE,NONE,TRUE,TRUE,A-L,VIRTUAL_MODEL_PRETRIP_CALIBRATION,MODEL_SIGNAL_VERIFIED_ABSOLUTE_THRESHOLD_CALIBRATED,READY_ABSOLUTE_MODEL_VALUE,https://build.openmodelica.org/Documentation/ThermoSysPro.WaterSteam.HeatExchangers.DynamicTwoPhaseFlowPipe.html,원시 변수명은 공개 빌드 로그로 확인. 임계값·지연·히스테리시스는 시연용 A-L 가정이며 현장 기준으로 교체 필요.,DCS2,HRSG,Tp > PRE_EVENT_BASELINE * 1.03,PRE_EVENT_BASELINE_RATIO,1.03,ratio_to_baseline,HP_Evaporator.ExchangerWall.Tp[1],100,GT_TRIP_RAW_DATA_0.1s_0-40s.csv,0-10,CALIBRATED_MODEL_DIRECT,Direct model quantity and physical unit available
AL-0445,DCS2,HRSG,dcs2.csv,ABB_HRSG_BOP,HRSG,HP HRSG,HP Evaporator Wall 2,M-V_DIRECT,TSP.MV.HP_EVAPORATOR.WALL.TP_2,HP_Evaporator.ExchangerWall.Tp[2],Tp,H,HP Evaporator Wall 2 벽온도 고(H),HP_Evaporator.ExchangerWall.Tp[2] > 103 K,ABSOLUTE_MODEL_VALUE,103,K,HIGH,10,1 K,3,MEDIUM,노랑,#FFD60A,FALSE,TRUE,TRUE,NONE,TRUE,TRUE,A-L,VIRTUAL_MODEL_PRETRIP_CALIBRATION,MODEL_SIGNAL_VERIFIED_ABSOLUTE_THRESHOLD_CALIBRATED,READY_ABSOLUTE_MODEL_VALUE,https://build.openmodelica.org/Documentation/ThermoSysPro.WaterSteam.HeatExchangers.DynamicTwoPhaseFlowPipe.html,원시 변수명은 공개 빌드 로그로 확인. 임계값·지연·히스테리시스는 시연용 A-L 가정이며 현장 기준으로 교체 필요.,DCS2,HRSG,Tp > PRE_EVENT_BASELINE * 1.03,PRE_EVENT_BASELINE_RATIO,1.03,ratio_to_baseline,HP_Evaporator.ExchangerWall.Tp[2],100,GT_TRIP_RAW_DATA_0.1s_0-40s.csv,0-10,CALIBRATED_MODEL_DIRECT,Direct model quantity and physical unit available
AL-0446,DCS2,HRSG,dcs2.csv,ABB_HRSG_BOP,HRSG,HP HRSG,HP Evaporator Wall 3,M-V_DIRECT,TSP.MV.HP_EVAPORATOR.WALL.TP_3,HP_Evaporator.ExchangerWall.Tp[3],Tp,H,HP Evaporator Wall 3 벽온도 고(H),HP_Evaporator.ExchangerWall.Tp[3] > 103 K,ABSOLUTE_MODEL_VALUE,103,K,HIGH,10,1 K,3,MEDIUM,노랑,#FFD60A,FALSE,TRUE,TRUE,NONE,TRUE,TRUE,A-L,VIRTUAL_MODEL_PRETRIP_CALIBRATION,MODEL_SIGNAL_VERIFIED_ABSOLUTE_THRESHOLD_CALIBRATED,READY_ABSOLUTE_MODEL_VALUE,https://build.openmodelica.org/Documentation/ThermoSysPro.WaterSteam.HeatExchangers.DynamicTwoPhaseFlowPipe.html,원시 변수명은 공개 빌드 로그로 확인. 임계값·지연·히스테리시스는 시연용 A-L 가정이며 현장 기준으로 교체 필요.,DCS2,HRSG,Tp > PRE_EVENT_BASELINE * 1.03,PRE_EVENT_BASELINE_RATIO,1.03,ratio_to_baseline,HP_Evaporator.ExchangerWall.Tp[3],100,GT_TRIP_RAW_DATA_0.1s_0-40s.csv,0-10,CALIBRATED_MODEL_DIRECT,Direct model quantity and physical unit available
AL-0447,DCS2,HRSG,dcs2.csv,ABB_HRSG_BOP,HRSG,HP HRSG,HP Superheater 1 Cell 1,M-V_DIRECT,TSP.MV.HP_SUPERHEATER_1.WS.Q_1,HP_SuperHeater_1.TwoPhaseFlowPipe.Q[1],Q,L,HP Superheater 1 Cell 1 유량 저(L),HP_SuperHeater_1.TwoPhaseFlowPipe.Q[1] < 75 kg/s,ABSOLUTE_MODEL_VALUE,75,kg/s,LOW,5,5 kg/s,3,MEDIUM,노랑,#FFD60A,FALSE,TRUE,TRUE,NONE,TRUE,TRUE,A-L,VIRTUAL_MODEL_PRETRIP_CALIBRATION,MODEL_SIGNAL_VERIFIED_ABSOLUTE_THRESHOLD_CALIBRATED,READY_ABSOLUTE_MODEL_VALUE,https://build.openmodelica.org/Documentation/ThermoSysPro.WaterSteam.HeatExchangers.DynamicTwoPhaseFlowPipe.html,원시 변수명은 공개 빌드 로그로 확인. 임계값·지연·히스테리시스는 시연용 A-L 가정이며 현장 기준으로 교체 필요.,DCS2,HRSG,Q < PRE_EVENT_BASELINE * 0.75,PRE_EVENT_BASELINE_RATIO,0.75,ratio_to_baseline,HP_SuperHeater_1.TwoPhaseFlowPipe.Q[1],100,GT_TRIP_RAW_DATA_0.1s_0-40s.csv,0-10,CALIBRATED_MODEL_DIRECT,Direct model quantity and physical unit available
AL-0448,DCS2,HRSG,dcs2.csv,ABB_HRSG_BOP,HRSG,HP HRSG,HP Superheater 1 Cell 2,M-V_DIRECT,TSP.MV.HP_SUPERHEATER_1.WS.P_2,HP_SuperHeater_1.TwoPhaseFlowPipe.P[2],P,H,HP Superheater 1 Cell 2 압력 고(H),HP_SuperHeater_1.TwoPhaseFlowPipe.P[2] > 105 Pa,ABSOLUTE_MODEL_VALUE,105,Pa,HIGH,5,1 Pa,3,MEDIUM,노랑,#FFD60A,FALSE,TRUE,TRUE,NONE,TRUE,TRUE,A-L,VIRTUAL_MODEL_PRETRIP_CALIBRATION,MODEL_SIGNAL_VERIFIED_ABSOLUTE_THRESHOLD_CALIBRATED,READY_ABSOLUTE_MODEL_VALUE,https://build.openmodelica.org/Documentation/ThermoSysPro.WaterSteam.HeatExchangers.DynamicTwoPhaseFlowPipe.html,원시 변수명은 공개 빌드 로그로 확인. 임계값·지연·히스테리시스는 시연용 A-L 가정이며 현장 기준으로 교체 필요.,DCS2,HRSG,P > PRE_EVENT_BASELINE * 1.05,PRE_EVENT_BASELINE_RATIO,1.05,ratio_to_baseline,HP_SuperHeater_1.TwoPhaseFlowPipe.P[2],100,GT_TRIP_RAW_DATA_0.1s_0-40s.csv,0-10,CALIBRATED_MODEL_DIRECT,Direct model quantity and physical unit available
AL-0449,DCS2,HRSG,dcs2.csv,ABB_HRSG_BOP,HRSG,HP HRSG,HP Superheater 1 Cell 2,M-V_DIRECT,TSP.MV.HP_SUPERHEATER_1.WS.P_2,HP_SuperHeater_1.TwoPhaseFlowPipe.P[2],P,L,HP Superheater 1 Cell 2 압력 저(L),HP_SuperHeater_1.TwoPhaseFlowPipe.P[2] < 95 Pa,ABSOLUTE_MODEL_VALUE,95,Pa,LOW,5,1 Pa,3,MEDIUM,노랑,#FFD60A,FALSE,TRUE,TRUE,NONE,TRUE,TRUE,A-L,VIRTUAL_MODEL_PRETRIP_CALIBRATION,MODEL_SIGNAL_VERIFIED_ABSOLUTE_THRESHOLD_CALIBRATED,READY_ABSOLUTE_MODEL_VALUE,https://build.openmodelica.org/Documentation/ThermoSysPro.WaterSteam.HeatExchangers.DynamicTwoPhaseFlowPipe.html,원시 변수명은 공개 빌드 로그로 확인. 임계값·지연·히스테리시스는 시연용 A-L 가정이며 현장 기준으로 교체 필요.,DCS2,HRSG,P < PRE_EVENT_BASELINE * 0.95,PRE_EVENT_BASELINE_RATIO,0.95,ratio_to_baseline,HP_SuperHeater_1.TwoPhaseFlowPipe.P[2],100,GT_TRIP_RAW_DATA_0.1s_0-40s.csv,0-10,CALIBRATED_MODEL_DIRECT,Direct model quantity and physical unit available
AL-0450,DCS2,HRSG,dcs2.csv,ABB_HRSG_BOP,HRSG,HP HRSG,HP Superheater 1 Cell 2,M-V_DIRECT,TSP.MV.HP_SUPERHEATER_1.WS.Q_2,HP_SuperHeater_1.TwoPhaseFlowPipe.Q[2],Q,L,HP Superheater 1 Cell 2 유량 저(L),HP_SuperHeater_1.TwoPhaseFlowPipe.Q[2] < 75 kg/s,ABSOLUTE_MODEL_VALUE,75,kg/s,LOW,5,5 kg/s,3,MEDIUM,노랑,#FFD60A,FALSE,TRUE,TRUE,NONE,TRUE,TRUE,A-L,VIRTUAL_MODEL_PRETRIP_CALIBRATION,MODEL_SIGNAL_VERIFIED_ABSOLUTE_THRESHOLD_CALIBRATED,READY_ABSOLUTE_MODEL_VALUE,https://build.openmodelica.org/Documentation/ThermoSysPro.WaterSteam.HeatExchangers.DynamicTwoPhaseFlowPipe.html,원시 변수명은 공개 빌드 로그로 확인. 임계값·지연·히스테리시스는 시연용 A-L 가정이며 현장 기준으로 교체 필요.,DCS2,HRSG,Q < PRE_EVENT_BASELINE * 0.75,PRE_EVENT_BASELINE_RATIO,0.75,ratio_to_baseline,HP_SuperHeater_1.TwoPhaseFlowPipe.Q[2],100,GT_TRIP_RAW_DATA_0.1s_0-40s.csv,0-10,CALIBRATED_MODEL_DIRECT,Direct model quantity and physical unit available
AL-0451,DCS2,HRSG,dcs2.csv,ABB_HRSG_BOP,HRSG,HP HRSG,HP Superheater 1 Cell 2,M-V_CALCULATED,TSP.MV.HP_SUPERHEATER_1.WS.P_2;TSP.MV.HP_SUPERHEATER_1.WS.H_2,HP_SuperHeater_1.TwoPhaseFlowPipe.P[2];HP_SuperHeater_1.TwoPhaseFlowPipe.h[2],"T_ph(P,h)",H,HP Superheater 1 Cell 2 유체온도 고(H),DISABLED_UNTIL_ABSOLUTE_PHYSICAL_SIGNAL_AVAILABLE,ABSOLUTE_VALUE_PENDING,,,HIGH,5,0.01 ratio,3,MEDIUM,노랑,#FFD60A,FALSE,TRUE,TRUE,NONE,FALSE,TRUE,A-L,THERMOSYSPRO_MODEL+ASSUMED_LOGIC,ABSOLUTE_PHYSICAL_VALUE_NOT_AVAILABLE,DISABLED_PENDING_PHYSICAL_OUTPUT,https://build.openmodelica.org/Documentation/ThermoSysPro.WaterSteam.HeatExchangers.DynamicTwoPhaseFlowPipe.html,원시 변수명은 공개 빌드 로그로 확인. 임계값·지연·히스테리시스는 시연용 A-L 가정이며 현장 기준으로 교체 필요.,DCS2,HRSG,"T_ph(P,h) > PRE_EVENT_BASELINE * 1.03",PRE_EVENT_BASELINE_RATIO,1.03,ratio_to_baseline,,,,,DEFERRED_PROPERTY_CALCULATION,P/h property output must be exported and calculated in physical units
AL-0452,DCS2,HRSG,dcs2.csv,ABB_HRSG_BOP,HRSG,HP HRSG,HP Superheater 1 Cell 2,M-V_CALCULATED,TSP.MV.HP_SUPERHEATER_1.WS.P_2;TSP.MV.HP_SUPERHEATER_1.WS.H_2,HP_SuperHeater_1.TwoPhaseFlowPipe.P[2];HP_SuperHeater_1.TwoPhaseFlowPipe.h[2],"T_ph(P,h)",L,HP Superheater 1 Cell 2 유체온도 저(L),DISABLED_UNTIL_ABSOLUTE_PHYSICAL_SIGNAL_AVAILABLE,ABSOLUTE_VALUE_PENDING,,,LOW,5,0.01 ratio,3,MEDIUM,노랑,#FFD60A,FALSE,TRUE,TRUE,NONE,FALSE,TRUE,A-L,THERMOSYSPRO_MODEL+ASSUMED_LOGIC,ABSOLUTE_PHYSICAL_VALUE_NOT_AVAILABLE,DISABLED_PENDING_PHYSICAL_OUTPUT,https://build.openmodelica.org/Documentation/ThermoSysPro.WaterSteam.HeatExchangers.DynamicTwoPhaseFlowPipe.html,원시 변수명은 공개 빌드 로그로 확인. 임계값·지연·히스테리시스는 시연용 A-L 가정이며 현장 기준으로 교체 필요.,DCS2,HRSG,"T_ph(P,h) < PRE_EVENT_BASELINE * 0.97",PRE_EVENT_BASELINE_RATIO,0.97,ratio_to_baseline,,,,,DEFERRED_PROPERTY_CALCULATION,P/h property output must be exported and calculated in physical units
AL-0453,DCS2,HRSG,dcs2.csv,ABB_HRSG_BOP,HRSG,HP HRSG,HP Superheater 1 Cell 3,M-V_DIRECT,TSP.MV.HP_SUPERHEATER_1.WS.P_3,HP_SuperHeater_1.TwoPhaseFlowPipe.P[3],P,H,HP Superheater 1 Cell 3 압력 고(H),HP_SuperHeater_1.TwoPhaseFlowPipe.P[3] > 105 Pa,ABSOLUTE_MODEL_VALUE,105,Pa,HIGH,5,1 Pa,3,MEDIUM,노랑,#FFD60A,FALSE,TRUE,TRUE,NONE,TRUE,TRUE,A-L,VIRTUAL_MODEL_PRETRIP_CALIBRATION,MODEL_SIGNAL_VERIFIED_ABSOLUTE_THRESHOLD_CALIBRATED,READY_ABSOLUTE_MODEL_VALUE,https://build.openmodelica.org/Documentation/ThermoSysPro.WaterSteam.HeatExchangers.DynamicTwoPhaseFlowPipe.html,원시 변수명은 공개 빌드 로그로 확인. 임계값·지연·히스테리시스는 시연용 A-L 가정이며 현장 기준으로 교체 필요.,DCS2,HRSG,P > PRE_EVENT_BASELINE * 1.05,PRE_EVENT_BASELINE_RATIO,1.05,ratio_to_baseline,HP_SuperHeater_1.TwoPhaseFlowPipe.P[3],100,GT_TRIP_RAW_DATA_0.1s_0-40s.csv,0-10,CALIBRATED_MODEL_DIRECT,Direct model quantity and physical unit available
AL-0454,DCS2,HRSG,dcs2.csv,ABB_HRSG_BOP,HRSG,HP HRSG,HP Superheater 1 Cell 3,M-V_DIRECT,TSP.MV.HP_SUPERHEATER_1.WS.P_3,HP_SuperHeater_1.TwoPhaseFlowPipe.P[3],P,L,HP Superheater 1 Cell 3 압력 저(L),HP_SuperHeater_1.TwoPhaseFlowPipe.P[3] < 95 Pa,ABSOLUTE_MODEL_VALUE,95,Pa,LOW,5,1 Pa,3,MEDIUM,노랑,#FFD60A,FALSE,TRUE,TRUE,NONE,TRUE,TRUE,A-L,VIRTUAL_MODEL_PRETRIP_CALIBRATION,MODEL_SIGNAL_VERIFIED_ABSOLUTE_THRESHOLD_CALIBRATED,READY_ABSOLUTE_MODEL_VALUE,https://build.openmodelica.org/Documentation/ThermoSysPro.WaterSteam.HeatExchangers.DynamicTwoPhaseFlowPipe.html,원시 변수명은 공개 빌드 로그로 확인. 임계값·지연·히스테리시스는 시연용 A-L 가정이며 현장 기준으로 교체 필요.,DCS2,HRSG,P < PRE_EVENT_BASELINE * 0.95,PRE_EVENT_BASELINE_RATIO,0.95,ratio_to_baseline,HP_SuperHeater_1.TwoPhaseFlowPipe.P[3],100,GT_TRIP_RAW_DATA_0.1s_0-40s.csv,0-10,CALIBRATED_MODEL_DIRECT,Direct model quantity and physical unit available
AL-0455,DCS2,HRSG,dcs2.csv,ABB_HRSG_BOP,HRSG,HP HRSG,HP Superheater 1 Cell 3,M-V_DIRECT,TSP.MV.HP_SUPERHEATER_1.WS.Q_3,HP_SuperHeater_1.TwoPhaseFlowPipe.Q[3],Q,L,HP Superheater 1 Cell 3 유량 저(L),HP_SuperHeater_1.TwoPhaseFlowPipe.Q[3] < 75 kg/s,ABSOLUTE_MODEL_VALUE,75,kg/s,LOW,5,5 kg/s,3,MEDIUM,노랑,#FFD60A,FALSE,TRUE,TRUE,NONE,TRUE,TRUE,A-L,VIRTUAL_MODEL_PRETRIP_CALIBRATION,MODEL_SIGNAL_VERIFIED_ABSOLUTE_THRESHOLD_CALIBRATED,READY_ABSOLUTE_MODEL_VALUE,https://build.openmodelica.org/Documentation/ThermoSysPro.WaterSteam.HeatExchangers.DynamicTwoPhaseFlowPipe.html,원시 변수명은 공개 빌드 로그로 확인. 임계값·지연·히스테리시스는 시연용 A-L 가정이며 현장 기준으로 교체 필요.,DCS2,HRSG,Q < PRE_EVENT_BASELINE * 0.75,PRE_EVENT_BASELINE_RATIO,0.75,ratio_to_baseline,HP_SuperHeater_1.TwoPhaseFlowPipe.Q[3],100,GT_TRIP_RAW_DATA_0.1s_0-40s.csv,0-10,CALIBRATED_MODEL_DIRECT,Direct model quantity and physical unit available
AL-0456,DCS2,HRSG,dcs2.csv,ABB_HRSG_BOP,HRSG,HP HRSG,HP Superheater 1 Cell 3,M-V_CALCULATED,TSP.MV.HP_SUPERHEATER_1.WS.P_3;TSP.MV.HP_SUPERHEATER_1.WS.H_3,HP_SuperHeater_1.TwoPhaseFlowPipe.P[3];HP_SuperHeater_1.TwoPhaseFlowPipe.h[3],"T_ph(P,h)",H,HP Superheater 1 Cell 3 유체온도 고(H),DISABLED_UNTIL_ABSOLUTE_PHYSICAL_SIGNAL_AVAILABLE,ABSOLUTE_VALUE_PENDING,,,HIGH,5,0.01 ratio,3,MEDIUM,노랑,#FFD60A,FALSE,TRUE,TRUE,NONE,FALSE,TRUE,A-L,THERMOSYSPRO_MODEL+ASSUMED_LOGIC,ABSOLUTE_PHYSICAL_VALUE_NOT_AVAILABLE,DISABLED_PENDING_PHYSICAL_OUTPUT,https://build.openmodelica.org/Documentation/ThermoSysPro.WaterSteam.HeatExchangers.DynamicTwoPhaseFlowPipe.html,원시 변수명은 공개 빌드 로그로 확인. 임계값·지연·히스테리시스는 시연용 A-L 가정이며 현장 기준으로 교체 필요.,DCS2,HRSG,"T_ph(P,h) > PRE_EVENT_BASELINE * 1.03",PRE_EVENT_BASELINE_RATIO,1.03,ratio_to_baseline,,,,,DEFERRED_PROPERTY_CALCULATION,P/h property output must be exported and calculated in physical units
AL-0457,DCS2,HRSG,dcs2.csv,ABB_HRSG_BOP,HRSG,HP HRSG,HP Superheater 1 Cell 3,M-V_CALCULATED,TSP.MV.HP_SUPERHEATER_1.WS.P_3;TSP.MV.HP_SUPERHEATER_1.WS.H_3,HP_SuperHeater_1.TwoPhaseFlowPipe.P[3];HP_SuperHeater_1.TwoPhaseFlowPipe.h[3],"T_ph(P,h)",L,HP Superheater 1 Cell 3 유체온도 저(L),DISABLED_UNTIL_ABSOLUTE_PHYSICAL_SIGNAL_AVAILABLE,ABSOLUTE_VALUE_PENDING,,,LOW,5,0.01 ratio,3,MEDIUM,노랑,#FFD60A,FALSE,TRUE,TRUE,NONE,FALSE,TRUE,A-L,THERMOSYSPRO_MODEL+ASSUMED_LOGIC,ABSOLUTE_PHYSICAL_VALUE_NOT_AVAILABLE,DISABLED_PENDING_PHYSICAL_OUTPUT,https://build.openmodelica.org/Documentation/ThermoSysPro.WaterSteam.HeatExchangers.DynamicTwoPhaseFlowPipe.html,원시 변수명은 공개 빌드 로그로 확인. 임계값·지연·히스테리시스는 시연용 A-L 가정이며 현장 기준으로 교체 필요.,DCS2,HRSG,"T_ph(P,h) < PRE_EVENT_BASELINE * 0.97",PRE_EVENT_BASELINE_RATIO,0.97,ratio_to_baseline,,,,,DEFERRED_PROPERTY_CALCULATION,P/h property output must be exported and calculated in physical units
AL-0458,DCS2,HRSG,dcs2.csv,ABB_HRSG_BOP,HRSG,HP HRSG,HP Superheater 1 Cell 4,M-V_DIRECT,TSP.MV.HP_SUPERHEATER_1.WS.P_4,HP_SuperHeater_1.TwoPhaseFlowPipe.P[4],P,H,HP Superheater 1 Cell 4 압력 고(H),HP_SuperHeater_1.TwoPhaseFlowPipe.P[4] > 105 Pa,ABSOLUTE_MODEL_VALUE,105,Pa,HIGH,5,1 Pa,3,MEDIUM,노랑,#FFD60A,FALSE,TRUE,TRUE,NONE,TRUE,TRUE,A-L,VIRTUAL_MODEL_PRETRIP_CALIBRATION,MODEL_SIGNAL_VERIFIED_ABSOLUTE_THRESHOLD_CALIBRATED,READY_ABSOLUTE_MODEL_VALUE,https://build.openmodelica.org/Documentation/ThermoSysPro.WaterSteam.HeatExchangers.DynamicTwoPhaseFlowPipe.html,원시 변수명은 공개 빌드 로그로 확인. 임계값·지연·히스테리시스는 시연용 A-L 가정이며 현장 기준으로 교체 필요.,DCS2,HRSG,P > PRE_EVENT_BASELINE * 1.05,PRE_EVENT_BASELINE_RATIO,1.05,ratio_to_baseline,HP_SuperHeater_1.TwoPhaseFlowPipe.P[4],100,GT_TRIP_RAW_DATA_0.1s_0-40s.csv,0-10,CALIBRATED_MODEL_DIRECT,Direct model quantity and physical unit available
AL-0459,DCS2,HRSG,dcs2.csv,ABB_HRSG_BOP,HRSG,HP HRSG,HP Superheater 1 Cell 4,M-V_DIRECT,TSP.MV.HP_SUPERHEATER_1.WS.P_4,HP_SuperHeater_1.TwoPhaseFlowPipe.P[4],P,L,HP Superheater 1 Cell 4 압력 저(L),HP_SuperHeater_1.TwoPhaseFlowPipe.P[4] < 95 Pa,ABSOLUTE_MODEL_VALUE,95,Pa,LOW,5,1 Pa,3,MEDIUM,노랑,#FFD60A,FALSE,TRUE,TRUE,NONE,TRUE,TRUE,A-L,VIRTUAL_MODEL_PRETRIP_CALIBRATION,MODEL_SIGNAL_VERIFIED_ABSOLUTE_THRESHOLD_CALIBRATED,READY_ABSOLUTE_MODEL_VALUE,https://build.openmodelica.org/Documentation/ThermoSysPro.WaterSteam.HeatExchangers.DynamicTwoPhaseFlowPipe.html,원시 변수명은 공개 빌드 로그로 확인. 임계값·지연·히스테리시스는 시연용 A-L 가정이며 현장 기준으로 교체 필요.,DCS2,HRSG,P < PRE_EVENT_BASELINE * 0.95,PRE_EVENT_BASELINE_RATIO,0.95,ratio_to_baseline,HP_SuperHeater_1.TwoPhaseFlowPipe.P[4],100,GT_TRIP_RAW_DATA_0.1s_0-40s.csv,0-10,CALIBRATED_MODEL_DIRECT,Direct model quantity and physical unit available
AL-0460,DCS2,HRSG,dcs2.csv,ABB_HRSG_BOP,HRSG,HP HRSG,HP Superheater 1 Cell 4,M-V_DIRECT,TSP.MV.HP_SUPERHEATER_1.WS.Q_4,HP_SuperHeater_1.TwoPhaseFlowPipe.Q[4],Q,L,HP Superheater 1 Cell 4 유량 저(L),HP_SuperHeater_1.TwoPhaseFlowPipe.Q[4] < 75 kg/s,ABSOLUTE_MODEL_VALUE,75,kg/s,LOW,5,5 kg/s,3,MEDIUM,노랑,#FFD60A,FALSE,TRUE,TRUE,NONE,TRUE,TRUE,A-L,VIRTUAL_MODEL_PRETRIP_CALIBRATION,MODEL_SIGNAL_VERIFIED_ABSOLUTE_THRESHOLD_CALIBRATED,READY_ABSOLUTE_MODEL_VALUE,https://build.openmodelica.org/Documentation/ThermoSysPro.WaterSteam.HeatExchangers.DynamicTwoPhaseFlowPipe.html,원시 변수명은 공개 빌드 로그로 확인. 임계값·지연·히스테리시스는 시연용 A-L 가정이며 현장 기준으로 교체 필요.,DCS2,HRSG,Q < PRE_EVENT_BASELINE * 0.75,PRE_EVENT_BASELINE_RATIO,0.75,ratio_to_baseline,HP_SuperHeater_1.TwoPhaseFlowPipe.Q[4],100,GT_TRIP_RAW_DATA_0.1s_0-40s.csv,0-10,CALIBRATED_MODEL_DIRECT,Direct model quantity and physical unit available
AL-0461,DCS2,HRSG,dcs2.csv,ABB_HRSG_BOP,HRSG,HP HRSG,HP Superheater 1 Cell 4,M-V_CALCULATED,TSP.MV.HP_SUPERHEATER_1.WS.P_4;TSP.MV.HP_SUPERHEATER_1.WS.H_4,HP_SuperHeater_1.TwoPhaseFlowPipe.P[4];HP_SuperHeater_1.TwoPhaseFlowPipe.h[4],"T_ph(P,h)",H,HP Superheater 1 Cell 4 유체온도 고(H),DISABLED_UNTIL_ABSOLUTE_PHYSICAL_SIGNAL_AVAILABLE,ABSOLUTE_VALUE_PENDING,,,HIGH,5,0.01 ratio,3,MEDIUM,노랑,#FFD60A,FALSE,TRUE,TRUE,NONE,FALSE,TRUE,A-L,THERMOSYSPRO_MODEL+ASSUMED_LOGIC,ABSOLUTE_PHYSICAL_VALUE_NOT_AVAILABLE,DISABLED_PENDING_PHYSICAL_OUTPUT,https://build.openmodelica.org/Documentation/ThermoSysPro.WaterSteam.HeatExchangers.DynamicTwoPhaseFlowPipe.html,원시 변수명은 공개 빌드 로그로 확인. 임계값·지연·히스테리시스는 시연용 A-L 가정이며 현장 기준으로 교체 필요.,DCS2,HRSG,"T_ph(P,h) > PRE_EVENT_BASELINE * 1.03",PRE_EVENT_BASELINE_RATIO,1.03,ratio_to_baseline,,,,,DEFERRED_PROPERTY_CALCULATION,P/h property output must be exported and calculated in physical units
AL-0462,DCS2,HRSG,dcs2.csv,ABB_HRSG_BOP,HRSG,HP HRSG,HP Superheater 1 Cell 4,M-V_CALCULATED,TSP.MV.HP_SUPERHEATER_1.WS.P_4;TSP.MV.HP_SUPERHEATER_1.WS.H_4,HP_SuperHeater_1.TwoPhaseFlowPipe.P[4];HP_SuperHeater_1.TwoPhaseFlowPipe.h[4],"T_ph(P,h)",L,HP Superheater 1 Cell 4 유체온도 저(L),DISABLED_UNTIL_ABSOLUTE_PHYSICAL_SIGNAL_AVAILABLE,ABSOLUTE_VALUE_PENDING,,,LOW,5,0.01 ratio,3,MEDIUM,노랑,#FFD60A,FALSE,TRUE,TRUE,NONE,FALSE,TRUE,A-L,THERMOSYSPRO_MODEL+ASSUMED_LOGIC,ABSOLUTE_PHYSICAL_VALUE_NOT_AVAILABLE,DISABLED_PENDING_PHYSICAL_OUTPUT,https://build.openmodelica.org/Documentation/ThermoSysPro.WaterSteam.HeatExchangers.DynamicTwoPhaseFlowPipe.html,원시 변수명은 공개 빌드 로그로 확인. 임계값·지연·히스테리시스는 시연용 A-L 가정이며 현장 기준으로 교체 필요.,DCS2,HRSG,"T_ph(P,h) < PRE_EVENT_BASELINE * 0.97",PRE_EVENT_BASELINE_RATIO,0.97,ratio_to_baseline,,,,,DEFERRED_PROPERTY_CALCULATION,P/h property output must be exported and calculated in physical units
AL-0463,DCS2,HRSG,dcs2.csv,ABB_HRSG_BOP,HRSG,HP HRSG,HP Superheater 1 Wall 1,M-V_DIRECT,TSP.MV.HP_SUPERHEATER_1.WALL.TP_1,HP_SuperHeater_1.ExchangerWall.Tp[1],Tp,H,HP Superheater 1 Wall 1 벽온도 고(H),HP_SuperHeater_1.ExchangerWall.Tp[1] > 103 K,ABSOLUTE_MODEL_VALUE,103,K,HIGH,10,1 K,3,MEDIUM,노랑,#FFD60A,FALSE,TRUE,TRUE,NONE,TRUE,TRUE,A-L,VIRTUAL_MODEL_PRETRIP_CALIBRATION,MODEL_SIGNAL_VERIFIED_ABSOLUTE_THRESHOLD_CALIBRATED,READY_ABSOLUTE_MODEL_VALUE,https://build.openmodelica.org/Documentation/ThermoSysPro.WaterSteam.HeatExchangers.DynamicTwoPhaseFlowPipe.html,원시 변수명은 공개 빌드 로그로 확인. 임계값·지연·히스테리시스는 시연용 A-L 가정이며 현장 기준으로 교체 필요.,DCS2,HRSG,Tp > PRE_EVENT_BASELINE * 1.03,PRE_EVENT_BASELINE_RATIO,1.03,ratio_to_baseline,HP_SuperHeater_1.ExchangerWall.Tp[1],100,GT_TRIP_RAW_DATA_0.1s_0-40s.csv,0-10,CALIBRATED_MODEL_DIRECT,Direct model quantity and physical unit available
AL-0464,DCS2,HRSG,dcs2.csv,ABB_HRSG_BOP,HRSG,HP HRSG,HP Superheater 1 Wall 2,M-V_DIRECT,TSP.MV.HP_SUPERHEATER_1.WALL.TP_2,HP_SuperHeater_1.ExchangerWall.Tp[2],Tp,H,HP Superheater 1 Wall 2 벽온도 고(H),HP_SuperHeater_1.ExchangerWall.Tp[2] > 103 K,ABSOLUTE_MODEL_VALUE,103,K,HIGH,10,1 K,3,MEDIUM,노랑,#FFD60A,FALSE,TRUE,TRUE,NONE,TRUE,TRUE,A-L,VIRTUAL_MODEL_PRETRIP_CALIBRATION,MODEL_SIGNAL_VERIFIED_ABSOLUTE_THRESHOLD_CALIBRATED,READY_ABSOLUTE_MODEL_VALUE,https://build.openmodelica.org/Documentation/ThermoSysPro.WaterSteam.HeatExchangers.DynamicTwoPhaseFlowPipe.html,원시 변수명은 공개 빌드 로그로 확인. 임계값·지연·히스테리시스는 시연용 A-L 가정이며 현장 기준으로 교체 필요.,DCS2,HRSG,Tp > PRE_EVENT_BASELINE * 1.03,PRE_EVENT_BASELINE_RATIO,1.03,ratio_to_baseline,HP_SuperHeater_1.ExchangerWall.Tp[2],100,GT_TRIP_RAW_DATA_0.1s_0-40s.csv,0-10,CALIBRATED_MODEL_DIRECT,Direct model quantity and physical unit available
AL-0465,DCS2,HRSG,dcs2.csv,ABB_HRSG_BOP,HRSG,HP HRSG,HP Superheater 1 Wall 3,M-V_DIRECT,TSP.MV.HP_SUPERHEATER_1.WALL.TP_3,HP_SuperHeater_1.ExchangerWall.Tp[3],Tp,H,HP Superheater 1 Wall 3 벽온도 고(H),HP_SuperHeater_1.ExchangerWall.Tp[3] > 103 K,ABSOLUTE_MODEL_VALUE,103,K,HIGH,10,1 K,3,MEDIUM,노랑,#FFD60A,FALSE,TRUE,TRUE,NONE,TRUE,TRUE,A-L,VIRTUAL_MODEL_PRETRIP_CALIBRATION,MODEL_SIGNAL_VERIFIED_ABSOLUTE_THRESHOLD_CALIBRATED,READY_ABSOLUTE_MODEL_VALUE,https://build.openmodelica.org/Documentation/ThermoSysPro.WaterSteam.HeatExchangers.DynamicTwoPhaseFlowPipe.html,원시 변수명은 공개 빌드 로그로 확인. 임계값·지연·히스테리시스는 시연용 A-L 가정이며 현장 기준으로 교체 필요.,DCS2,HRSG,Tp > PRE_EVENT_BASELINE * 1.03,PRE_EVENT_BASELINE_RATIO,1.03,ratio_to_baseline,HP_SuperHeater_1.ExchangerWall.Tp[3],100,GT_TRIP_RAW_DATA_0.1s_0-40s.csv,0-10,CALIBRATED_MODEL_DIRECT,Direct model quantity and physical unit available
AL-0466,DCS2,HRSG,dcs2.csv,ABB_HRSG_BOP,HRSG,HP HRSG,HP Superheater 2 Cell 2,M-V_DIRECT,TSP.MV.HP_SUPERHEATER_2.WS.P_2,HP_SuperHeater_2.TwoPhaseFlowPipe.P[2],P,H,HP Superheater 2 Cell 2 압력 고(H),HP_SuperHeater_2.TwoPhaseFlowPipe.P[2] > 105 Pa,ABSOLUTE_MODEL_VALUE,105,Pa,HIGH,5,1 Pa,3,MEDIUM,노랑,#FFD60A,FALSE,TRUE,TRUE,NONE,TRUE,TRUE,A-L,VIRTUAL_MODEL_PRETRIP_CALIBRATION,MODEL_SIGNAL_VERIFIED_ABSOLUTE_THRESHOLD_CALIBRATED,READY_ABSOLUTE_MODEL_VALUE,https://build.openmodelica.org/Documentation/ThermoSysPro.WaterSteam.HeatExchangers.DynamicTwoPhaseFlowPipe.html,원시 변수명은 공개 빌드 로그로 확인. 임계값·지연·히스테리시스는 시연용 A-L 가정이며 현장 기준으로 교체 필요.,DCS2,HRSG,P > PRE_EVENT_BASELINE * 1.05,PRE_EVENT_BASELINE_RATIO,1.05,ratio_to_baseline,HP_SuperHeater_2.TwoPhaseFlowPipe.P[2],100,GT_TRIP_RAW_DATA_0.1s_0-40s.csv,0-10,CALIBRATED_MODEL_DIRECT,Direct model quantity and physical unit available
AL-0467,DCS2,HRSG,dcs2.csv,ABB_HRSG_BOP,HRSG,HP HRSG,HP Superheater 2 Cell 2,M-V_DIRECT,TSP.MV.HP_SUPERHEATER_2.WS.P_2,HP_SuperHeater_2.TwoPhaseFlowPipe.P[2],P,L,HP Superheater 2 Cell 2 압력 저(L),HP_SuperHeater_2.TwoPhaseFlowPipe.P[2] < 95 Pa,ABSOLUTE_MODEL_VALUE,95,Pa,LOW,5,1 Pa,3,MEDIUM,노랑,#FFD60A,FALSE,TRUE,TRUE,NONE,TRUE,TRUE,A-L,VIRTUAL_MODEL_PRETRIP_CALIBRATION,MODEL_SIGNAL_VERIFIED_ABSOLUTE_THRESHOLD_CALIBRATED,READY_ABSOLUTE_MODEL_VALUE,https://build.openmodelica.org/Documentation/ThermoSysPro.WaterSteam.HeatExchangers.DynamicTwoPhaseFlowPipe.html,원시 변수명은 공개 빌드 로그로 확인. 임계값·지연·히스테리시스는 시연용 A-L 가정이며 현장 기준으로 교체 필요.,DCS2,HRSG,P < PRE_EVENT_BASELINE * 0.95,PRE_EVENT_BASELINE_RATIO,0.95,ratio_to_baseline,HP_SuperHeater_2.TwoPhaseFlowPipe.P[2],100,GT_TRIP_RAW_DATA_0.1s_0-40s.csv,0-10,CALIBRATED_MODEL_DIRECT,Direct model quantity and physical unit available
AL-0468,DCS2,HRSG,dcs2.csv,ABB_HRSG_BOP,HRSG,HP HRSG,HP Superheater 2 Cell 2,M-V_DIRECT,TSP.MV.HP_SUPERHEATER_2.WS.Q_2,HP_SuperHeater_2.TwoPhaseFlowPipe.Q[2],Q,L,HP Superheater 2 Cell 2 유량 저(L),HP_SuperHeater_2.TwoPhaseFlowPipe.Q[2] < 75 kg/s,ABSOLUTE_MODEL_VALUE,75,kg/s,LOW,5,5 kg/s,3,MEDIUM,노랑,#FFD60A,FALSE,TRUE,TRUE,NONE,TRUE,TRUE,A-L,VIRTUAL_MODEL_PRETRIP_CALIBRATION,MODEL_SIGNAL_VERIFIED_ABSOLUTE_THRESHOLD_CALIBRATED,READY_ABSOLUTE_MODEL_VALUE,https://build.openmodelica.org/Documentation/ThermoSysPro.WaterSteam.HeatExchangers.DynamicTwoPhaseFlowPipe.html,원시 변수명은 공개 빌드 로그로 확인. 임계값·지연·히스테리시스는 시연용 A-L 가정이며 현장 기준으로 교체 필요.,DCS2,HRSG,Q < PRE_EVENT_BASELINE * 0.75,PRE_EVENT_BASELINE_RATIO,0.75,ratio_to_baseline,HP_SuperHeater_2.TwoPhaseFlowPipe.Q[2],100,GT_TRIP_RAW_DATA_0.1s_0-40s.csv,0-10,CALIBRATED_MODEL_DIRECT,Direct model quantity and physical unit available
AL-0469,DCS2,HRSG,dcs2.csv,ABB_HRSG_BOP,HRSG,HP HRSG,HP Superheater 2 Cell 2,M-V_CALCULATED,TSP.MV.HP_SUPERHEATER_2.WS.P_2;TSP.MV.HP_SUPERHEATER_2.WS.H_2,HP_SuperHeater_2.TwoPhaseFlowPipe.P[2];HP_SuperHeater_2.TwoPhaseFlowPipe.h[2],"T_ph(P,h)",H,HP Superheater 2 Cell 2 유체온도 고(H),DISABLED_UNTIL_ABSOLUTE_PHYSICAL_SIGNAL_AVAILABLE,ABSOLUTE_VALUE_PENDING,,,HIGH,5,0.01 ratio,3,MEDIUM,노랑,#FFD60A,FALSE,TRUE,TRUE,NONE,FALSE,TRUE,A-L,THERMOSYSPRO_MODEL+ASSUMED_LOGIC,ABSOLUTE_PHYSICAL_VALUE_NOT_AVAILABLE,DISABLED_PENDING_PHYSICAL_OUTPUT,https://build.openmodelica.org/Documentation/ThermoSysPro.WaterSteam.HeatExchangers.DynamicTwoPhaseFlowPipe.html,원시 변수명은 공개 빌드 로그로 확인. 임계값·지연·히스테리시스는 시연용 A-L 가정이며 현장 기준으로 교체 필요.,DCS2,HRSG,"T_ph(P,h) > PRE_EVENT_BASELINE * 1.03",PRE_EVENT_BASELINE_RATIO,1.03,ratio_to_baseline,,,,,DEFERRED_PROPERTY_CALCULATION,P/h property output must be exported and calculated in physical units
AL-0470,DCS2,HRSG,dcs2.csv,ABB_HRSG_BOP,HRSG,HP HRSG,HP Superheater 2 Cell 2,M-V_CALCULATED,TSP.MV.HP_SUPERHEATER_2.WS.P_2;TSP.MV.HP_SUPERHEATER_2.WS.H_2,HP_SuperHeater_2.TwoPhaseFlowPipe.P[2];HP_SuperHeater_2.TwoPhaseFlowPipe.h[2],"T_ph(P,h)",L,HP Superheater 2 Cell 2 유체온도 저(L),DISABLED_UNTIL_ABSOLUTE_PHYSICAL_SIGNAL_AVAILABLE,ABSOLUTE_VALUE_PENDING,,,LOW,5,0.01 ratio,3,MEDIUM,노랑,#FFD60A,FALSE,TRUE,TRUE,NONE,FALSE,TRUE,A-L,THERMOSYSPRO_MODEL+ASSUMED_LOGIC,ABSOLUTE_PHYSICAL_VALUE_NOT_AVAILABLE,DISABLED_PENDING_PHYSICAL_OUTPUT,https://build.openmodelica.org/Documentation/ThermoSysPro.WaterSteam.HeatExchangers.DynamicTwoPhaseFlowPipe.html,원시 변수명은 공개 빌드 로그로 확인. 임계값·지연·히스테리시스는 시연용 A-L 가정이며 현장 기준으로 교체 필요.,DCS2,HRSG,"T_ph(P,h) < PRE_EVENT_BASELINE * 0.97",PRE_EVENT_BASELINE_RATIO,0.97,ratio_to_baseline,,,,,DEFERRED_PROPERTY_CALCULATION,P/h property output must be exported and calculated in physical units
AL-0471,DCS2,HRSG,dcs2.csv,ABB_HRSG_BOP,HRSG,HP HRSG,HP Superheater 2 Cell 3,M-V_DIRECT,TSP.MV.HP_SUPERHEATER_2.WS.P_3,HP_SuperHeater_2.TwoPhaseFlowPipe.P[3],P,H,HP Superheater 2 Cell 3 압력 고(H),HP_SuperHeater_2.TwoPhaseFlowPipe.P[3] > 105 Pa,ABSOLUTE_MODEL_VALUE,105,Pa,HIGH,5,1 Pa,3,MEDIUM,노랑,#FFD60A,FALSE,TRUE,TRUE,NONE,TRUE,TRUE,A-L,VIRTUAL_MODEL_PRETRIP_CALIBRATION,MODEL_SIGNAL_VERIFIED_ABSOLUTE_THRESHOLD_CALIBRATED,READY_ABSOLUTE_MODEL_VALUE,https://build.openmodelica.org/Documentation/ThermoSysPro.WaterSteam.HeatExchangers.DynamicTwoPhaseFlowPipe.html,원시 변수명은 공개 빌드 로그로 확인. 임계값·지연·히스테리시스는 시연용 A-L 가정이며 현장 기준으로 교체 필요.,DCS2,HRSG,P > PRE_EVENT_BASELINE * 1.05,PRE_EVENT_BASELINE_RATIO,1.05,ratio_to_baseline,HP_SuperHeater_2.TwoPhaseFlowPipe.P[3],100,GT_TRIP_RAW_DATA_0.1s_0-40s.csv,0-10,CALIBRATED_MODEL_DIRECT,Direct model quantity and physical unit available
AL-0472,DCS2,HRSG,dcs2.csv,ABB_HRSG_BOP,HRSG,HP HRSG,HP Superheater 2 Cell 3,M-V_DIRECT,TSP.MV.HP_SUPERHEATER_2.WS.P_3,HP_SuperHeater_2.TwoPhaseFlowPipe.P[3],P,L,HP Superheater 2 Cell 3 압력 저(L),HP_SuperHeater_2.TwoPhaseFlowPipe.P[3] < 95 Pa,ABSOLUTE_MODEL_VALUE,95,Pa,LOW,5,1 Pa,3,MEDIUM,노랑,#FFD60A,FALSE,TRUE,TRUE,NONE,TRUE,TRUE,A-L,VIRTUAL_MODEL_PRETRIP_CALIBRATION,MODEL_SIGNAL_VERIFIED_ABSOLUTE_THRESHOLD_CALIBRATED,READY_ABSOLUTE_MODEL_VALUE,https://build.openmodelica.org/Documentation/ThermoSysPro.WaterSteam.HeatExchangers.DynamicTwoPhaseFlowPipe.html,원시 변수명은 공개 빌드 로그로 확인. 임계값·지연·히스테리시스는 시연용 A-L 가정이며 현장 기준으로 교체 필요.,DCS2,HRSG,P < PRE_EVENT_BASELINE * 0.95,PRE_EVENT_BASELINE_RATIO,0.95,ratio_to_baseline,HP_SuperHeater_2.TwoPhaseFlowPipe.P[3],100,GT_TRIP_RAW_DATA_0.1s_0-40s.csv,0-10,CALIBRATED_MODEL_DIRECT,Direct model quantity and physical unit available
AL-0473,DCS2,HRSG,dcs2.csv,ABB_HRSG_BOP,HRSG,HP HRSG,HP Superheater 2 Cell 3,M-V_DIRECT,TSP.MV.HP_SUPERHEATER_2.WS.Q_3,HP_SuperHeater_2.TwoPhaseFlowPipe.Q[3],Q,L,HP Superheater 2 Cell 3 유량 저(L),HP_SuperHeater_2.TwoPhaseFlowPipe.Q[3] < 75 kg/s,ABSOLUTE_MODEL_VALUE,75,kg/s,LOW,5,5 kg/s,3,MEDIUM,노랑,#FFD60A,FALSE,TRUE,TRUE,NONE,TRUE,TRUE,A-L,VIRTUAL_MODEL_PRETRIP_CALIBRATION,MODEL_SIGNAL_VERIFIED_ABSOLUTE_THRESHOLD_CALIBRATED,READY_ABSOLUTE_MODEL_VALUE,https://build.openmodelica.org/Documentation/ThermoSysPro.WaterSteam.HeatExchangers.DynamicTwoPhaseFlowPipe.html,원시 변수명은 공개 빌드 로그로 확인. 임계값·지연·히스테리시스는 시연용 A-L 가정이며 현장 기준으로 교체 필요.,DCS2,HRSG,Q < PRE_EVENT_BASELINE * 0.75,PRE_EVENT_BASELINE_RATIO,0.75,ratio_to_baseline,HP_SuperHeater_2.TwoPhaseFlowPipe.Q[3],100,GT_TRIP_RAW_DATA_0.1s_0-40s.csv,0-10,CALIBRATED_MODEL_DIRECT,Direct model quantity and physical unit available
AL-0474,DCS2,HRSG,dcs2.csv,ABB_HRSG_BOP,HRSG,HP HRSG,HP Superheater 2 Cell 3,M-V_CALCULATED,TSP.MV.HP_SUPERHEATER_2.WS.P_3;TSP.MV.HP_SUPERHEATER_2.WS.H_3,HP_SuperHeater_2.TwoPhaseFlowPipe.P[3];HP_SuperHeater_2.TwoPhaseFlowPipe.h[3],"T_ph(P,h)",H,HP Superheater 2 Cell 3 유체온도 고(H),DISABLED_UNTIL_ABSOLUTE_PHYSICAL_SIGNAL_AVAILABLE,ABSOLUTE_VALUE_PENDING,,,HIGH,5,0.01 ratio,3,MEDIUM,노랑,#FFD60A,FALSE,TRUE,TRUE,NONE,FALSE,TRUE,A-L,THERMOSYSPRO_MODEL+ASSUMED_LOGIC,ABSOLUTE_PHYSICAL_VALUE_NOT_AVAILABLE,DISABLED_PENDING_PHYSICAL_OUTPUT,https://build.openmodelica.org/Documentation/ThermoSysPro.WaterSteam.HeatExchangers.DynamicTwoPhaseFlowPipe.html,원시 변수명은 공개 빌드 로그로 확인. 임계값·지연·히스테리시스는 시연용 A-L 가정이며 현장 기준으로 교체 필요.,DCS2,HRSG,"T_ph(P,h) > PRE_EVENT_BASELINE * 1.03",PRE_EVENT_BASELINE_RATIO,1.03,ratio_to_baseline,,,,,DEFERRED_PROPERTY_CALCULATION,P/h property output must be exported and calculated in physical units
AL-0475,DCS2,HRSG,dcs2.csv,ABB_HRSG_BOP,HRSG,HP HRSG,HP Superheater 2 Cell 3,M-V_CALCULATED,TSP.MV.HP_SUPERHEATER_2.WS.P_3;TSP.MV.HP_SUPERHEATER_2.WS.H_3,HP_SuperHeater_2.TwoPhaseFlowPipe.P[3];HP_SuperHeater_2.TwoPhaseFlowPipe.h[3],"T_ph(P,h)",L,HP Superheater 2 Cell 3 유체온도 저(L),DISABLED_UNTIL_ABSOLUTE_PHYSICAL_SIGNAL_AVAILABLE,ABSOLUTE_VALUE_PENDING,,,LOW,5,0.01 ratio,3,MEDIUM,노랑,#FFD60A,FALSE,TRUE,TRUE,NONE,FALSE,TRUE,A-L,THERMOSYSPRO_MODEL+ASSUMED_LOGIC,ABSOLUTE_PHYSICAL_VALUE_NOT_AVAILABLE,DISABLED_PENDING_PHYSICAL_OUTPUT,https://build.openmodelica.org/Documentation/ThermoSysPro.WaterSteam.HeatExchangers.DynamicTwoPhaseFlowPipe.html,원시 변수명은 공개 빌드 로그로 확인. 임계값·지연·히스테리시스는 시연용 A-L 가정이며 현장 기준으로 교체 필요.,DCS2,HRSG,"T_ph(P,h) < PRE_EVENT_BASELINE * 0.97",PRE_EVENT_BASELINE_RATIO,0.97,ratio_to_baseline,,,,,DEFERRED_PROPERTY_CALCULATION,P/h property output must be exported and calculated in physical units
AL-0476,DCS2,HRSG,dcs2.csv,ABB_HRSG_BOP,HRSG,HP HRSG,HP Superheater 2 Cell 4,M-V_DIRECT,TSP.MV.HP_SUPERHEATER_2.WS.P_4,HP_SuperHeater_2.TwoPhaseFlowPipe.P[4],P,H,HP Superheater 2 Cell 4 압력 고(H),HP_SuperHeater_2.TwoPhaseFlowPipe.P[4] > 105 Pa,ABSOLUTE_MODEL_VALUE,105,Pa,HIGH,5,1 Pa,3,MEDIUM,노랑,#FFD60A,FALSE,TRUE,TRUE,NONE,TRUE,TRUE,A-L,VIRTUAL_MODEL_PRETRIP_CALIBRATION,MODEL_SIGNAL_VERIFIED_ABSOLUTE_THRESHOLD_CALIBRATED,READY_ABSOLUTE_MODEL_VALUE,https://build.openmodelica.org/Documentation/ThermoSysPro.WaterSteam.HeatExchangers.DynamicTwoPhaseFlowPipe.html,원시 변수명은 공개 빌드 로그로 확인. 임계값·지연·히스테리시스는 시연용 A-L 가정이며 현장 기준으로 교체 필요.,DCS2,HRSG,P > PRE_EVENT_BASELINE * 1.05,PRE_EVENT_BASELINE_RATIO,1.05,ratio_to_baseline,HP_SuperHeater_2.TwoPhaseFlowPipe.P[4],100,GT_TRIP_RAW_DATA_0.1s_0-40s.csv,0-10,CALIBRATED_MODEL_DIRECT,Direct model quantity and physical unit available
AL-0477,DCS2,HRSG,dcs2.csv,ABB_HRSG_BOP,HRSG,HP HRSG,HP Superheater 2 Cell 4,M-V_DIRECT,TSP.MV.HP_SUPERHEATER_2.WS.P_4,HP_SuperHeater_2.TwoPhaseFlowPipe.P[4],P,L,HP Superheater 2 Cell 4 압력 저(L),HP_SuperHeater_2.TwoPhaseFlowPipe.P[4] < 95 Pa,ABSOLUTE_MODEL_VALUE,95,Pa,LOW,5,1 Pa,3,MEDIUM,노랑,#FFD60A,FALSE,TRUE,TRUE,NONE,TRUE,TRUE,A-L,VIRTUAL_MODEL_PRETRIP_CALIBRATION,MODEL_SIGNAL_VERIFIED_ABSOLUTE_THRESHOLD_CALIBRATED,READY_ABSOLUTE_MODEL_VALUE,https://build.openmodelica.org/Documentation/ThermoSysPro.WaterSteam.HeatExchangers.DynamicTwoPhaseFlowPipe.html,원시 변수명은 공개 빌드 로그로 확인. 임계값·지연·히스테리시스는 시연용 A-L 가정이며 현장 기준으로 교체 필요.,DCS2,HRSG,P < PRE_EVENT_BASELINE * 0.95,PRE_EVENT_BASELINE_RATIO,0.95,ratio_to_baseline,HP_SuperHeater_2.TwoPhaseFlowPipe.P[4],100,GT_TRIP_RAW_DATA_0.1s_0-40s.csv,0-10,CALIBRATED_MODEL_DIRECT,Direct model quantity and physical unit available
AL-0478,DCS2,HRSG,dcs2.csv,ABB_HRSG_BOP,HRSG,HP HRSG,HP Superheater 2 Cell 4,M-V_DIRECT,TSP.MV.HP_SUPERHEATER_2.WS.Q_4,HP_SuperHeater_2.TwoPhaseFlowPipe.Q[4],Q,L,HP Superheater 2 Cell 4 유량 저(L),HP_SuperHeater_2.TwoPhaseFlowPipe.Q[4] < 75 kg/s,ABSOLUTE_MODEL_VALUE,75,kg/s,LOW,5,5 kg/s,3,MEDIUM,노랑,#FFD60A,FALSE,TRUE,TRUE,NONE,TRUE,TRUE,A-L,VIRTUAL_MODEL_PRETRIP_CALIBRATION,MODEL_SIGNAL_VERIFIED_ABSOLUTE_THRESHOLD_CALIBRATED,READY_ABSOLUTE_MODEL_VALUE,https://build.openmodelica.org/Documentation/ThermoSysPro.WaterSteam.HeatExchangers.DynamicTwoPhaseFlowPipe.html,원시 변수명은 공개 빌드 로그로 확인. 임계값·지연·히스테리시스는 시연용 A-L 가정이며 현장 기준으로 교체 필요.,DCS2,HRSG,Q < PRE_EVENT_BASELINE * 0.75,PRE_EVENT_BASELINE_RATIO,0.75,ratio_to_baseline,HP_SuperHeater_2.TwoPhaseFlowPipe.Q[4],100,GT_TRIP_RAW_DATA_0.1s_0-40s.csv,0-10,CALIBRATED_MODEL_DIRECT,Direct model quantity and physical unit available
AL-0479,DCS2,HRSG,dcs2.csv,ABB_HRSG_BOP,HRSG,HP HRSG,HP Superheater 2 Cell 4,M-V_CALCULATED,TSP.MV.HP_SUPERHEATER_2.WS.P_4;TSP.MV.HP_SUPERHEATER_2.WS.H_4,HP_SuperHeater_2.TwoPhaseFlowPipe.P[4];HP_SuperHeater_2.TwoPhaseFlowPipe.h[4],"T_ph(P,h)",H,HP Superheater 2 Cell 4 유체온도 고(H),DISABLED_UNTIL_ABSOLUTE_PHYSICAL_SIGNAL_AVAILABLE,ABSOLUTE_VALUE_PENDING,,,HIGH,5,0.01 ratio,3,MEDIUM,노랑,#FFD60A,FALSE,TRUE,TRUE,NONE,FALSE,TRUE,A-L,THERMOSYSPRO_MODEL+ASSUMED_LOGIC,ABSOLUTE_PHYSICAL_VALUE_NOT_AVAILABLE,DISABLED_PENDING_PHYSICAL_OUTPUT,https://build.openmodelica.org/Documentation/ThermoSysPro.WaterSteam.HeatExchangers.DynamicTwoPhaseFlowPipe.html,원시 변수명은 공개 빌드 로그로 확인. 임계값·지연·히스테리시스는 시연용 A-L 가정이며 현장 기준으로 교체 필요.,DCS2,HRSG,"T_ph(P,h) > PRE_EVENT_BASELINE * 1.03",PRE_EVENT_BASELINE_RATIO,1.03,ratio_to_baseline,,,,,DEFERRED_PROPERTY_CALCULATION,P/h property output must be exported and calculated in physical units
AL-0480,DCS2,HRSG,dcs2.csv,ABB_HRSG_BOP,HRSG,HP HRSG,HP Superheater 2 Cell 4,M-V_CALCULATED,TSP.MV.HP_SUPERHEATER_2.WS.P_4;TSP.MV.HP_SUPERHEATER_2.WS.H_4,HP_SuperHeater_2.TwoPhaseFlowPipe.P[4];HP_SuperHeater_2.TwoPhaseFlowPipe.h[4],"T_ph(P,h)",L,HP Superheater 2 Cell 4 유체온도 저(L),DISABLED_UNTIL_ABSOLUTE_PHYSICAL_SIGNAL_AVAILABLE,ABSOLUTE_VALUE_PENDING,,,LOW,5,0.01 ratio,3,MEDIUM,노랑,#FFD60A,FALSE,TRUE,TRUE,NONE,FALSE,TRUE,A-L,THERMOSYSPRO_MODEL+ASSUMED_LOGIC,ABSOLUTE_PHYSICAL_VALUE_NOT_AVAILABLE,DISABLED_PENDING_PHYSICAL_OUTPUT,https://build.openmodelica.org/Documentation/ThermoSysPro.WaterSteam.HeatExchangers.DynamicTwoPhaseFlowPipe.html,원시 변수명은 공개 빌드 로그로 확인. 임계값·지연·히스테리시스는 시연용 A-L 가정이며 현장 기준으로 교체 필요.,DCS2,HRSG,"T_ph(P,h) < PRE_EVENT_BASELINE * 0.97",PRE_EVENT_BASELINE_RATIO,0.97,ratio_to_baseline,,,,,DEFERRED_PROPERTY_CALCULATION,P/h property output must be exported and calculated in physical units
AL-0481,DCS2,HRSG,dcs2.csv,ABB_HRSG_BOP,HRSG,HP HRSG,HP Superheater 2 Wall 1,M-V_DIRECT,TSP.MV.HP_SUPERHEATER_2.WALL.TP_1,HP_SuperHeater_2.ExchangerWall.Tp[1],Tp,H,HP Superheater 2 Wall 1 벽온도 고(H),HP_SuperHeater_2.ExchangerWall.Tp[1] > 103 K,ABSOLUTE_MODEL_VALUE,103,K,HIGH,10,1 K,3,MEDIUM,노랑,#FFD60A,FALSE,TRUE,TRUE,NONE,TRUE,TRUE,A-L,VIRTUAL_MODEL_PRETRIP_CALIBRATION,MODEL_SIGNAL_VERIFIED_ABSOLUTE_THRESHOLD_CALIBRATED,READY_ABSOLUTE_MODEL_VALUE,https://build.openmodelica.org/Documentation/ThermoSysPro.WaterSteam.HeatExchangers.DynamicTwoPhaseFlowPipe.html,원시 변수명은 공개 빌드 로그로 확인. 임계값·지연·히스테리시스는 시연용 A-L 가정이며 현장 기준으로 교체 필요.,DCS2,HRSG,Tp > PRE_EVENT_BASELINE * 1.03,PRE_EVENT_BASELINE_RATIO,1.03,ratio_to_baseline,HP_SuperHeater_2.ExchangerWall.Tp[1],100,GT_TRIP_RAW_DATA_0.1s_0-40s.csv,0-10,CALIBRATED_MODEL_DIRECT,Direct model quantity and physical unit available
AL-0482,DCS2,HRSG,dcs2.csv,ABB_HRSG_BOP,HRSG,HP HRSG,HP Superheater 2 Wall 2,M-V_DIRECT,TSP.MV.HP_SUPERHEATER_2.WALL.TP_2,HP_SuperHeater_2.ExchangerWall.Tp[2],Tp,H,HP Superheater 2 Wall 2 벽온도 고(H),HP_SuperHeater_2.ExchangerWall.Tp[2] > 103 K,ABSOLUTE_MODEL_VALUE,103,K,HIGH,10,1 K,3,MEDIUM,노랑,#FFD60A,FALSE,TRUE,TRUE,NONE,TRUE,TRUE,A-L,VIRTUAL_MODEL_PRETRIP_CALIBRATION,MODEL_SIGNAL_VERIFIED_ABSOLUTE_THRESHOLD_CALIBRATED,READY_ABSOLUTE_MODEL_VALUE,https://build.openmodelica.org/Documentation/ThermoSysPro.WaterSteam.HeatExchangers.DynamicTwoPhaseFlowPipe.html,원시 변수명은 공개 빌드 로그로 확인. 임계값·지연·히스테리시스는 시연용 A-L 가정이며 현장 기준으로 교체 필요.,DCS2,HRSG,Tp > PRE_EVENT_BASELINE * 1.03,PRE_EVENT_BASELINE_RATIO,1.03,ratio_to_baseline,HP_SuperHeater_2.ExchangerWall.Tp[2],100,GT_TRIP_RAW_DATA_0.1s_0-40s.csv,0-10,CALIBRATED_MODEL_DIRECT,Direct model quantity and physical unit available
AL-0483,DCS2,HRSG,dcs2.csv,ABB_HRSG_BOP,HRSG,HP HRSG,HP Superheater 2 Wall 3,M-V_DIRECT,TSP.MV.HP_SUPERHEATER_2.WALL.TP_3,HP_SuperHeater_2.ExchangerWall.Tp[3],Tp,H,HP Superheater 2 Wall 3 벽온도 고(H),HP_SuperHeater_2.ExchangerWall.Tp[3] > 103 K,ABSOLUTE_MODEL_VALUE,103,K,HIGH,10,1 K,3,MEDIUM,노랑,#FFD60A,FALSE,TRUE,TRUE,NONE,TRUE,TRUE,A-L,VIRTUAL_MODEL_PRETRIP_CALIBRATION,MODEL_SIGNAL_VERIFIED_ABSOLUTE_THRESHOLD_CALIBRATED,READY_ABSOLUTE_MODEL_VALUE,https://build.openmodelica.org/Documentation/ThermoSysPro.WaterSteam.HeatExchangers.DynamicTwoPhaseFlowPipe.html,원시 변수명은 공개 빌드 로그로 확인. 임계값·지연·히스테리시스는 시연용 A-L 가정이며 현장 기준으로 교체 필요.,DCS2,HRSG,Tp > PRE_EVENT_BASELINE * 1.03,PRE_EVENT_BASELINE_RATIO,1.03,ratio_to_baseline,HP_SuperHeater_2.ExchangerWall.Tp[3],100,GT_TRIP_RAW_DATA_0.1s_0-40s.csv,0-10,CALIBRATED_MODEL_DIRECT,Direct model quantity and physical unit available
AL-0484,DCS2,HRSG,dcs2.csv,ABB_HRSG_BOP,HRSG,HP HRSG,HP Superheater 3 Cell 2,M-V_DIRECT,TSP.MV.HP_SUPERHEATER_3.WS.P_2,HP_SuperHeater_3.TwoPhaseFlowPipe.P[2],P,H,HP Superheater 3 Cell 2 압력 고(H),HP_SuperHeater_3.TwoPhaseFlowPipe.P[2] > 105 Pa,ABSOLUTE_MODEL_VALUE,105,Pa,HIGH,5,1 Pa,3,MEDIUM,노랑,#FFD60A,FALSE,TRUE,TRUE,NONE,TRUE,TRUE,A-L,VIRTUAL_MODEL_PRETRIP_CALIBRATION,MODEL_SIGNAL_VERIFIED_ABSOLUTE_THRESHOLD_CALIBRATED,READY_ABSOLUTE_MODEL_VALUE,https://build.openmodelica.org/Documentation/ThermoSysPro.WaterSteam.HeatExchangers.DynamicTwoPhaseFlowPipe.html,원시 변수명은 공개 빌드 로그로 확인. 임계값·지연·히스테리시스는 시연용 A-L 가정이며 현장 기준으로 교체 필요.,DCS2,HRSG,P > PRE_EVENT_BASELINE * 1.05,PRE_EVENT_BASELINE_RATIO,1.05,ratio_to_baseline,HP_SuperHeater_3.TwoPhaseFlowPipe.P[2],100,GT_TRIP_RAW_DATA_0.1s_0-40s.csv,0-10,CALIBRATED_MODEL_DIRECT,Direct model quantity and physical unit available
AL-0485,DCS2,HRSG,dcs2.csv,ABB_HRSG_BOP,HRSG,HP HRSG,HP Superheater 3 Cell 2,M-V_DIRECT,TSP.MV.HP_SUPERHEATER_3.WS.P_2,HP_SuperHeater_3.TwoPhaseFlowPipe.P[2],P,L,HP Superheater 3 Cell 2 압력 저(L),HP_SuperHeater_3.TwoPhaseFlowPipe.P[2] < 95 Pa,ABSOLUTE_MODEL_VALUE,95,Pa,LOW,5,1 Pa,3,MEDIUM,노랑,#FFD60A,FALSE,TRUE,TRUE,NONE,TRUE,TRUE,A-L,VIRTUAL_MODEL_PRETRIP_CALIBRATION,MODEL_SIGNAL_VERIFIED_ABSOLUTE_THRESHOLD_CALIBRATED,READY_ABSOLUTE_MODEL_VALUE,https://build.openmodelica.org/Documentation/ThermoSysPro.WaterSteam.HeatExchangers.DynamicTwoPhaseFlowPipe.html,원시 변수명은 공개 빌드 로그로 확인. 임계값·지연·히스테리시스는 시연용 A-L 가정이며 현장 기준으로 교체 필요.,DCS2,HRSG,P < PRE_EVENT_BASELINE * 0.95,PRE_EVENT_BASELINE_RATIO,0.95,ratio_to_baseline,HP_SuperHeater_3.TwoPhaseFlowPipe.P[2],100,GT_TRIP_RAW_DATA_0.1s_0-40s.csv,0-10,CALIBRATED_MODEL_DIRECT,Direct model quantity and physical unit available
AL-0486,DCS2,HRSG,dcs2.csv,ABB_HRSG_BOP,HRSG,HP HRSG,HP Superheater 3 Cell 2,M-V_DIRECT,TSP.MV.HP_SUPERHEATER_3.WS.Q_2,HP_SuperHeater_3.TwoPhaseFlowPipe.Q[2],Q,L,HP Superheater 3 Cell 2 유량 저(L),HP_SuperHeater_3.TwoPhaseFlowPipe.Q[2] < 75 kg/s,ABSOLUTE_MODEL_VALUE,75,kg/s,LOW,5,5 kg/s,3,MEDIUM,노랑,#FFD60A,FALSE,TRUE,TRUE,NONE,TRUE,TRUE,A-L,VIRTUAL_MODEL_PRETRIP_CALIBRATION,MODEL_SIGNAL_VERIFIED_ABSOLUTE_THRESHOLD_CALIBRATED,READY_ABSOLUTE_MODEL_VALUE,https://build.openmodelica.org/Documentation/ThermoSysPro.WaterSteam.HeatExchangers.DynamicTwoPhaseFlowPipe.html,원시 변수명은 공개 빌드 로그로 확인. 임계값·지연·히스테리시스는 시연용 A-L 가정이며 현장 기준으로 교체 필요.,DCS2,HRSG,Q < PRE_EVENT_BASELINE * 0.75,PRE_EVENT_BASELINE_RATIO,0.75,ratio_to_baseline,HP_SuperHeater_3.TwoPhaseFlowPipe.Q[2],100,GT_TRIP_RAW_DATA_0.1s_0-40s.csv,0-10,CALIBRATED_MODEL_DIRECT,Direct model quantity and physical unit available
AL-0487,DCS2,HRSG,dcs2.csv,ABB_HRSG_BOP,HRSG,HP HRSG,HP Superheater 3 Cell 2,M-V_CALCULATED,TSP.MV.HP_SUPERHEATER_3.WS.P_2;TSP.MV.HP_SUPERHEATER_3.WS.H_2,HP_SuperHeater_3.TwoPhaseFlowPipe.P[2];HP_SuperHeater_3.TwoPhaseFlowPipe.h[2],"T_ph(P,h)",H,HP Superheater 3 Cell 2 유체온도 고(H),DISABLED_UNTIL_ABSOLUTE_PHYSICAL_SIGNAL_AVAILABLE,ABSOLUTE_VALUE_PENDING,,,HIGH,5,0.01 ratio,3,MEDIUM,노랑,#FFD60A,FALSE,TRUE,TRUE,NONE,FALSE,TRUE,A-L,THERMOSYSPRO_MODEL+ASSUMED_LOGIC,ABSOLUTE_PHYSICAL_VALUE_NOT_AVAILABLE,DISABLED_PENDING_PHYSICAL_OUTPUT,https://build.openmodelica.org/Documentation/ThermoSysPro.WaterSteam.HeatExchangers.DynamicTwoPhaseFlowPipe.html,원시 변수명은 공개 빌드 로그로 확인. 임계값·지연·히스테리시스는 시연용 A-L 가정이며 현장 기준으로 교체 필요.,DCS2,HRSG,"T_ph(P,h) > PRE_EVENT_BASELINE * 1.03",PRE_EVENT_BASELINE_RATIO,1.03,ratio_to_baseline,,,,,DEFERRED_PROPERTY_CALCULATION,P/h property output must be exported and calculated in physical units
AL-0488,DCS2,HRSG,dcs2.csv,ABB_HRSG_BOP,HRSG,HP HRSG,HP Superheater 3 Cell 2,M-V_CALCULATED,TSP.MV.HP_SUPERHEATER_3.WS.P_2;TSP.MV.HP_SUPERHEATER_3.WS.H_2,HP_SuperHeater_3.TwoPhaseFlowPipe.P[2];HP_SuperHeater_3.TwoPhaseFlowPipe.h[2],"T_ph(P,h)",L,HP Superheater 3 Cell 2 유체온도 저(L),DISABLED_UNTIL_ABSOLUTE_PHYSICAL_SIGNAL_AVAILABLE,ABSOLUTE_VALUE_PENDING,,,LOW,5,0.01 ratio,3,MEDIUM,노랑,#FFD60A,FALSE,TRUE,TRUE,NONE,FALSE,TRUE,A-L,THERMOSYSPRO_MODEL+ASSUMED_LOGIC,ABSOLUTE_PHYSICAL_VALUE_NOT_AVAILABLE,DISABLED_PENDING_PHYSICAL_OUTPUT,https://build.openmodelica.org/Documentation/ThermoSysPro.WaterSteam.HeatExchangers.DynamicTwoPhaseFlowPipe.html,원시 변수명은 공개 빌드 로그로 확인. 임계값·지연·히스테리시스는 시연용 A-L 가정이며 현장 기준으로 교체 필요.,DCS2,HRSG,"T_ph(P,h) < PRE_EVENT_BASELINE * 0.97",PRE_EVENT_BASELINE_RATIO,0.97,ratio_to_baseline,,,,,DEFERRED_PROPERTY_CALCULATION,P/h property output must be exported and calculated in physical units
AL-0489,DCS2,HRSG,dcs2.csv,ABB_HRSG_BOP,HRSG,HP HRSG,HP Superheater 3 Cell 3,M-V_DIRECT,TSP.MV.HP_SUPERHEATER_3.WS.P_3,HP_SuperHeater_3.TwoPhaseFlowPipe.P[3],P,H,HP Superheater 3 Cell 3 압력 고(H),HP_SuperHeater_3.TwoPhaseFlowPipe.P[3] > 105 Pa,ABSOLUTE_MODEL_VALUE,105,Pa,HIGH,5,1 Pa,3,MEDIUM,노랑,#FFD60A,FALSE,TRUE,TRUE,NONE,TRUE,TRUE,A-L,VIRTUAL_MODEL_PRETRIP_CALIBRATION,MODEL_SIGNAL_VERIFIED_ABSOLUTE_THRESHOLD_CALIBRATED,READY_ABSOLUTE_MODEL_VALUE,https://build.openmodelica.org/Documentation/ThermoSysPro.WaterSteam.HeatExchangers.DynamicTwoPhaseFlowPipe.html,원시 변수명은 공개 빌드 로그로 확인. 임계값·지연·히스테리시스는 시연용 A-L 가정이며 현장 기준으로 교체 필요.,DCS2,HRSG,P > PRE_EVENT_BASELINE * 1.05,PRE_EVENT_BASELINE_RATIO,1.05,ratio_to_baseline,HP_SuperHeater_3.TwoPhaseFlowPipe.P[3],100,GT_TRIP_RAW_DATA_0.1s_0-40s.csv,0-10,CALIBRATED_MODEL_DIRECT,Direct model quantity and physical unit available
AL-0490,DCS2,HRSG,dcs2.csv,ABB_HRSG_BOP,HRSG,HP HRSG,HP Superheater 3 Cell 3,M-V_DIRECT,TSP.MV.HP_SUPERHEATER_3.WS.P_3,HP_SuperHeater_3.TwoPhaseFlowPipe.P[3],P,L,HP Superheater 3 Cell 3 압력 저(L),HP_SuperHeater_3.TwoPhaseFlowPipe.P[3] < 95 Pa,ABSOLUTE_MODEL_VALUE,95,Pa,LOW,5,1 Pa,3,MEDIUM,노랑,#FFD60A,FALSE,TRUE,TRUE,NONE,TRUE,TRUE,A-L,VIRTUAL_MODEL_PRETRIP_CALIBRATION,MODEL_SIGNAL_VERIFIED_ABSOLUTE_THRESHOLD_CALIBRATED,READY_ABSOLUTE_MODEL_VALUE,https://build.openmodelica.org/Documentation/ThermoSysPro.WaterSteam.HeatExchangers.DynamicTwoPhaseFlowPipe.html,원시 변수명은 공개 빌드 로그로 확인. 임계값·지연·히스테리시스는 시연용 A-L 가정이며 현장 기준으로 교체 필요.,DCS2,HRSG,P < PRE_EVENT_BASELINE * 0.95,PRE_EVENT_BASELINE_RATIO,0.95,ratio_to_baseline,HP_SuperHeater_3.TwoPhaseFlowPipe.P[3],100,GT_TRIP_RAW_DATA_0.1s_0-40s.csv,0-10,CALIBRATED_MODEL_DIRECT,Direct model quantity and physical unit available
AL-0491,DCS2,HRSG,dcs2.csv,ABB_HRSG_BOP,HRSG,HP HRSG,HP Superheater 3 Cell 3,M-V_DIRECT,TSP.MV.HP_SUPERHEATER_3.WS.Q_3,HP_SuperHeater_3.TwoPhaseFlowPipe.Q[3],Q,L,HP Superheater 3 Cell 3 유량 저(L),HP_SuperHeater_3.TwoPhaseFlowPipe.Q[3] < 75 kg/s,ABSOLUTE_MODEL_VALUE,75,kg/s,LOW,5,5 kg/s,3,MEDIUM,노랑,#FFD60A,FALSE,TRUE,TRUE,NONE,TRUE,TRUE,A-L,VIRTUAL_MODEL_PRETRIP_CALIBRATION,MODEL_SIGNAL_VERIFIED_ABSOLUTE_THRESHOLD_CALIBRATED,READY_ABSOLUTE_MODEL_VALUE,https://build.openmodelica.org/Documentation/ThermoSysPro.WaterSteam.HeatExchangers.DynamicTwoPhaseFlowPipe.html,원시 변수명은 공개 빌드 로그로 확인. 임계값·지연·히스테리시스는 시연용 A-L 가정이며 현장 기준으로 교체 필요.,DCS2,HRSG,Q < PRE_EVENT_BASELINE * 0.75,PRE_EVENT_BASELINE_RATIO,0.75,ratio_to_baseline,HP_SuperHeater_3.TwoPhaseFlowPipe.Q[3],100,GT_TRIP_RAW_DATA_0.1s_0-40s.csv,0-10,CALIBRATED_MODEL_DIRECT,Direct model quantity and physical unit available
AL-0492,DCS2,HRSG,dcs2.csv,ABB_HRSG_BOP,HRSG,HP HRSG,HP Superheater 3 Cell 3,M-V_CALCULATED,TSP.MV.HP_SUPERHEATER_3.WS.P_3;TSP.MV.HP_SUPERHEATER_3.WS.H_3,HP_SuperHeater_3.TwoPhaseFlowPipe.P[3];HP_SuperHeater_3.TwoPhaseFlowPipe.h[3],"T_ph(P,h)",H,HP Superheater 3 Cell 3 유체온도 고(H),DISABLED_UNTIL_ABSOLUTE_PHYSICAL_SIGNAL_AVAILABLE,ABSOLUTE_VALUE_PENDING,,,HIGH,5,0.01 ratio,3,MEDIUM,노랑,#FFD60A,FALSE,TRUE,TRUE,NONE,FALSE,TRUE,A-L,THERMOSYSPRO_MODEL+ASSUMED_LOGIC,ABSOLUTE_PHYSICAL_VALUE_NOT_AVAILABLE,DISABLED_PENDING_PHYSICAL_OUTPUT,https://build.openmodelica.org/Documentation/ThermoSysPro.WaterSteam.HeatExchangers.DynamicTwoPhaseFlowPipe.html,원시 변수명은 공개 빌드 로그로 확인. 임계값·지연·히스테리시스는 시연용 A-L 가정이며 현장 기준으로 교체 필요.,DCS2,HRSG,"T_ph(P,h) > PRE_EVENT_BASELINE * 1.03",PRE_EVENT_BASELINE_RATIO,1.03,ratio_to_baseline,,,,,DEFERRED_PROPERTY_CALCULATION,P/h property output must be exported and calculated in physical units
AL-0493,DCS2,HRSG,dcs2.csv,ABB_HRSG_BOP,HRSG,HP HRSG,HP Superheater 3 Cell 3,M-V_CALCULATED,TSP.MV.HP_SUPERHEATER_3.WS.P_3;TSP.MV.HP_SUPERHEATER_3.WS.H_3,HP_SuperHeater_3.TwoPhaseFlowPipe.P[3];HP_SuperHeater_3.TwoPhaseFlowPipe.h[3],"T_ph(P,h)",L,HP Superheater 3 Cell 3 유체온도 저(L),DISABLED_UNTIL_ABSOLUTE_PHYSICAL_SIGNAL_AVAILABLE,ABSOLUTE_VALUE_PENDING,,,LOW,5,0.01 ratio,3,MEDIUM,노랑,#FFD60A,FALSE,TRUE,TRUE,NONE,FALSE,TRUE,A-L,THERMOSYSPRO_MODEL+ASSUMED_LOGIC,ABSOLUTE_PHYSICAL_VALUE_NOT_AVAILABLE,DISABLED_PENDING_PHYSICAL_OUTPUT,https://build.openmodelica.org/Documentation/ThermoSysPro.WaterSteam.HeatExchangers.DynamicTwoPhaseFlowPipe.html,원시 변수명은 공개 빌드 로그로 확인. 임계값·지연·히스테리시스는 시연용 A-L 가정이며 현장 기준으로 교체 필요.,DCS2,HRSG,"T_ph(P,h) < PRE_EVENT_BASELINE * 0.97",PRE_EVENT_BASELINE_RATIO,0.97,ratio_to_baseline,,,,,DEFERRED_PROPERTY_CALCULATION,P/h property output must be exported and calculated in physical units
AL-0494,DCS2,HRSG,dcs2.csv,ABB_HRSG_BOP,HRSG,HP HRSG,HP Superheater 3 Cell 4,M-V_DIRECT,TSP.MV.HP_SUPERHEATER_3.WS.P_4,HP_SuperHeater_3.TwoPhaseFlowPipe.P[4],P,H,HP Superheater 3 Cell 4 압력 고(H),HP_SuperHeater_3.TwoPhaseFlowPipe.P[4] > 105 Pa,ABSOLUTE_MODEL_VALUE,105,Pa,HIGH,5,1 Pa,3,MEDIUM,노랑,#FFD60A,FALSE,TRUE,TRUE,NONE,TRUE,TRUE,A-L,VIRTUAL_MODEL_PRETRIP_CALIBRATION,MODEL_SIGNAL_VERIFIED_ABSOLUTE_THRESHOLD_CALIBRATED,READY_ABSOLUTE_MODEL_VALUE,https://build.openmodelica.org/Documentation/ThermoSysPro.WaterSteam.HeatExchangers.DynamicTwoPhaseFlowPipe.html,원시 변수명은 공개 빌드 로그로 확인. 임계값·지연·히스테리시스는 시연용 A-L 가정이며 현장 기준으로 교체 필요.,DCS2,HRSG,P > PRE_EVENT_BASELINE * 1.05,PRE_EVENT_BASELINE_RATIO,1.05,ratio_to_baseline,HP_SuperHeater_3.TwoPhaseFlowPipe.P[4],100,GT_TRIP_RAW_DATA_0.1s_0-40s.csv,0-10,CALIBRATED_MODEL_DIRECT,Direct model quantity and physical unit available
AL-0495,DCS2,HRSG,dcs2.csv,ABB_HRSG_BOP,HRSG,HP HRSG,HP Superheater 3 Cell 4,M-V_DIRECT,TSP.MV.HP_SUPERHEATER_3.WS.P_4,HP_SuperHeater_3.TwoPhaseFlowPipe.P[4],P,L,HP Superheater 3 Cell 4 압력 저(L),HP_SuperHeater_3.TwoPhaseFlowPipe.P[4] < 95 Pa,ABSOLUTE_MODEL_VALUE,95,Pa,LOW,5,1 Pa,3,MEDIUM,노랑,#FFD60A,FALSE,TRUE,TRUE,NONE,TRUE,TRUE,A-L,VIRTUAL_MODEL_PRETRIP_CALIBRATION,MODEL_SIGNAL_VERIFIED_ABSOLUTE_THRESHOLD_CALIBRATED,READY_ABSOLUTE_MODEL_VALUE,https://build.openmodelica.org/Documentation/ThermoSysPro.WaterSteam.HeatExchangers.DynamicTwoPhaseFlowPipe.html,원시 변수명은 공개 빌드 로그로 확인. 임계값·지연·히스테리시스는 시연용 A-L 가정이며 현장 기준으로 교체 필요.,DCS2,HRSG,P < PRE_EVENT_BASELINE * 0.95,PRE_EVENT_BASELINE_RATIO,0.95,ratio_to_baseline,HP_SuperHeater_3.TwoPhaseFlowPipe.P[4],100,GT_TRIP_RAW_DATA_0.1s_0-40s.csv,0-10,CALIBRATED_MODEL_DIRECT,Direct model quantity and physical unit available
AL-0496,DCS2,HRSG,dcs2.csv,ABB_HRSG_BOP,HRSG,HP HRSG,HP Superheater 3 Cell 4,M-V_DIRECT,TSP.MV.HP_SUPERHEATER_3.WS.Q_4,HP_SuperHeater_3.TwoPhaseFlowPipe.Q[4],Q,L,HP Superheater 3 Cell 4 유량 저(L),HP_SuperHeater_3.TwoPhaseFlowPipe.Q[4] < 75 kg/s,ABSOLUTE_MODEL_VALUE,75,kg/s,LOW,5,5 kg/s,3,MEDIUM,노랑,#FFD60A,FALSE,TRUE,TRUE,NONE,TRUE,TRUE,A-L,VIRTUAL_MODEL_PRETRIP_CALIBRATION,MODEL_SIGNAL_VERIFIED_ABSOLUTE_THRESHOLD_CALIBRATED,READY_ABSOLUTE_MODEL_VALUE,https://build.openmodelica.org/Documentation/ThermoSysPro.WaterSteam.HeatExchangers.DynamicTwoPhaseFlowPipe.html,원시 변수명은 공개 빌드 로그로 확인. 임계값·지연·히스테리시스는 시연용 A-L 가정이며 현장 기준으로 교체 필요.,DCS2,HRSG,Q < PRE_EVENT_BASELINE * 0.75,PRE_EVENT_BASELINE_RATIO,0.75,ratio_to_baseline,HP_SuperHeater_3.TwoPhaseFlowPipe.Q[4],100,GT_TRIP_RAW_DATA_0.1s_0-40s.csv,0-10,CALIBRATED_MODEL_DIRECT,Direct model quantity and physical unit available
AL-0497,DCS2,HRSG,dcs2.csv,ABB_HRSG_BOP,HRSG,HP HRSG,HP Superheater 3 Cell 4,M-V_CALCULATED,TSP.MV.HP_SUPERHEATER_3.WS.P_4;TSP.MV.HP_SUPERHEATER_3.WS.H_4,HP_SuperHeater_3.TwoPhaseFlowPipe.P[4];HP_SuperHeater_3.TwoPhaseFlowPipe.h[4],"T_ph(P,h)",H,HP Superheater 3 Cell 4 유체온도 고(H),DISABLED_UNTIL_ABSOLUTE_PHYSICAL_SIGNAL_AVAILABLE,ABSOLUTE_VALUE_PENDING,,,HIGH,5,0.01 ratio,3,MEDIUM,노랑,#FFD60A,FALSE,TRUE,TRUE,NONE,FALSE,TRUE,A-L,THERMOSYSPRO_MODEL+ASSUMED_LOGIC,ABSOLUTE_PHYSICAL_VALUE_NOT_AVAILABLE,DISABLED_PENDING_PHYSICAL_OUTPUT,https://build.openmodelica.org/Documentation/ThermoSysPro.WaterSteam.HeatExchangers.DynamicTwoPhaseFlowPipe.html,원시 변수명은 공개 빌드 로그로 확인. 임계값·지연·히스테리시스는 시연용 A-L 가정이며 현장 기준으로 교체 필요.,DCS2,HRSG,"T_ph(P,h) > PRE_EVENT_BASELINE * 1.03",PRE_EVENT_BASELINE_RATIO,1.03,ratio_to_baseline,,,,,DEFERRED_PROPERTY_CALCULATION,P/h property output must be exported and calculated in physical units
AL-0498,DCS2,HRSG,dcs2.csv,ABB_HRSG_BOP,HRSG,HP HRSG,HP Superheater 3 Cell 4,M-V_CALCULATED,TSP.MV.HP_SUPERHEATER_3.WS.P_4;TSP.MV.HP_SUPERHEATER_3.WS.H_4,HP_SuperHeater_3.TwoPhaseFlowPipe.P[4];HP_SuperHeater_3.TwoPhaseFlowPipe.h[4],"T_ph(P,h)",L,HP Superheater 3 Cell 4 유체온도 저(L),DISABLED_UNTIL_ABSOLUTE_PHYSICAL_SIGNAL_AVAILABLE,ABSOLUTE_VALUE_PENDING,,,LOW,5,0.01 ratio,3,MEDIUM,노랑,#FFD60A,FALSE,TRUE,TRUE,NONE,FALSE,TRUE,A-L,THERMOSYSPRO_MODEL+ASSUMED_LOGIC,ABSOLUTE_PHYSICAL_VALUE_NOT_AVAILABLE,DISABLED_PENDING_PHYSICAL_OUTPUT,https://build.openmodelica.org/Documentation/ThermoSysPro.WaterSteam.HeatExchangers.DynamicTwoPhaseFlowPipe.html,원시 변수명은 공개 빌드 로그로 확인. 임계값·지연·히스테리시스는 시연용 A-L 가정이며 현장 기준으로 교체 필요.,DCS2,HRSG,"T_ph(P,h) < PRE_EVENT_BASELINE * 0.97",PRE_EVENT_BASELINE_RATIO,0.97,ratio_to_baseline,,,,,DEFERRED_PROPERTY_CALCULATION,P/h property output must be exported and calculated in physical units
AL-0499,DCS2,HRSG,dcs2.csv,ABB_HRSG_BOP,HRSG,HP HRSG,HP Superheater 3 Wall 1,M-V_DIRECT,TSP.MV.HP_SUPERHEATER_3.WALL.TP_1,HP_SuperHeater_3.ExchangerWall.Tp[1],Tp,H,HP Superheater 3 Wall 1 벽온도 고(H),HP_SuperHeater_3.ExchangerWall.Tp[1] > 103 K,ABSOLUTE_MODEL_VALUE,103,K,HIGH,10,1 K,3,MEDIUM,노랑,#FFD60A,FALSE,TRUE,TRUE,NONE,TRUE,TRUE,A-L,VIRTUAL_MODEL_PRETRIP_CALIBRATION,MODEL_SIGNAL_VERIFIED_ABSOLUTE_THRESHOLD_CALIBRATED,READY_ABSOLUTE_MODEL_VALUE,https://build.openmodelica.org/Documentation/ThermoSysPro.WaterSteam.HeatExchangers.DynamicTwoPhaseFlowPipe.html,원시 변수명은 공개 빌드 로그로 확인. 임계값·지연·히스테리시스는 시연용 A-L 가정이며 현장 기준으로 교체 필요.,DCS2,HRSG,Tp > PRE_EVENT_BASELINE * 1.03,PRE_EVENT_BASELINE_RATIO,1.03,ratio_to_baseline,HP_SuperHeater_3.ExchangerWall.Tp[1],100,GT_TRIP_RAW_DATA_0.1s_0-40s.csv,0-10,CALIBRATED_MODEL_DIRECT,Direct model quantity and physical unit available
AL-0500,DCS2,HRSG,dcs2.csv,ABB_HRSG_BOP,HRSG,HP HRSG,HP Superheater 3 Wall 2,M-V_DIRECT,TSP.MV.HP_SUPERHEATER_3.WALL.TP_2,HP_SuperHeater_3.ExchangerWall.Tp[2],Tp,H,HP Superheater 3 Wall 2 벽온도 고(H),HP_SuperHeater_3.ExchangerWall.Tp[2] > 103 K,ABSOLUTE_MODEL_VALUE,103,K,HIGH,10,1 K,3,MEDIUM,노랑,#FFD60A,FALSE,TRUE,TRUE,NONE,TRUE,TRUE,A-L,VIRTUAL_MODEL_PRETRIP_CALIBRATION,MODEL_SIGNAL_VERIFIED_ABSOLUTE_THRESHOLD_CALIBRATED,READY_ABSOLUTE_MODEL_VALUE,https://build.openmodelica.org/Documentation/ThermoSysPro.WaterSteam.HeatExchangers.DynamicTwoPhaseFlowPipe.html,원시 변수명은 공개 빌드 로그로 확인. 임계값·지연·히스테리시스는 시연용 A-L 가정이며 현장 기준으로 교체 필요.,DCS2,HRSG,Tp > PRE_EVENT_BASELINE * 1.03,PRE_EVENT_BASELINE_RATIO,1.03,ratio_to_baseline,HP_SuperHeater_3.ExchangerWall.Tp[2],100,GT_TRIP_RAW_DATA_0.1s_0-40s.csv,0-10,CALIBRATED_MODEL_DIRECT,Direct model quantity and physical unit available
AL-0501,DCS2,HRSG,dcs2.csv,ABB_HRSG_BOP,HRSG,HP HRSG,HP Superheater 3 Wall 3,M-V_DIRECT,TSP.MV.HP_SUPERHEATER_3.WALL.TP_3,HP_SuperHeater_3.ExchangerWall.Tp[3],Tp,H,HP Superheater 3 Wall 3 벽온도 고(H),HP_SuperHeater_3.ExchangerWall.Tp[3] > 103 K,ABSOLUTE_MODEL_VALUE,103,K,HIGH,10,1 K,3,MEDIUM,노랑,#FFD60A,FALSE,TRUE,TRUE,NONE,TRUE,TRUE,A-L,VIRTUAL_MODEL_PRETRIP_CALIBRATION,MODEL_SIGNAL_VERIFIED_ABSOLUTE_THRESHOLD_CALIBRATED,READY_ABSOLUTE_MODEL_VALUE,https://build.openmodelica.org/Documentation/ThermoSysPro.WaterSteam.HeatExchangers.DynamicTwoPhaseFlowPipe.html,원시 변수명은 공개 빌드 로그로 확인. 임계값·지연·히스테리시스는 시연용 A-L 가정이며 현장 기준으로 교체 필요.,DCS2,HRSG,Tp > PRE_EVENT_BASELINE * 1.03,PRE_EVENT_BASELINE_RATIO,1.03,ratio_to_baseline,HP_SuperHeater_3.ExchangerWall.Tp[3],100,GT_TRIP_RAW_DATA_0.1s_0-40s.csv,0-10,CALIBRATED_MODEL_DIRECT,Direct model quantity and physical unit available
AL-0502,DCS2,HRSG,dcs2.csv,ABB_HRSG_BOP,HRSG,IP HRSG,IP Drum,M-V_DIRECT,TSP.DRUM.IP.LEVEL,BallonMP.zl,ip_drum_level_mm,H,IP Drum 레벨 고(H),ip_drum_level_mm > 1150.000017 mm,ABSOLUTE_MODEL_LEVEL,1150.000017,mm,HIGH,5,20 mm,3,MEDIUM,노랑,#FFD60A,FALSE,TRUE,TRUE,NONE,TRUE,TRUE,A-L,THERMOSYSPRO_DIRECT_LEVEL_CALIBRATION,MODEL_LEVEL_VERIFIED_ABSOLUTE_THRESHOLD_CALIBRATED,READY_AFTER_M_TO_MM_ADAPTER,https://build.openmodelica.org/Documentation/ThermoSysPro.WaterSteam.Volumes.DynamicDrum.html,원시 변수명은 공개 빌드 로그로 확인. 임계값·지연·히스테리시스는 시연용 A-L 가정이며 현장 기준으로 교체 필요.,DCS2,HRSG,normalized_level(Vl) > 0.7,NORMALIZED_SPAN,0.7,fraction_of_span,BallonMP.zl,1050.000017,LOCAL_thermosyspro-raw.csv,0-50,CALIBRATED_MODEL_LEVEL_MM,Direct ThermoSysPro drum level converted from m to mm
AL-0503,DCS2,HRSG,dcs2.csv,ABB_HRSG_BOP,HRSG,IP HRSG,IP Drum,M-V_DIRECT,TSP.DRUM.IP.LEVEL,BallonMP.zl,ip_drum_level_mm,L,IP Drum 레벨 저(L),ip_drum_level_mm < 950.0000174 mm,ABSOLUTE_MODEL_LEVEL,950.0000174,mm,LOW,5,20 mm,3,MEDIUM,노랑,#FFD60A,FALSE,TRUE,TRUE,NONE,TRUE,TRUE,A-L,THERMOSYSPRO_DIRECT_LEVEL_CALIBRATION,MODEL_LEVEL_VERIFIED_ABSOLUTE_THRESHOLD_CALIBRATED,READY_AFTER_M_TO_MM_ADAPTER,https://build.openmodelica.org/Documentation/ThermoSysPro.WaterSteam.Volumes.DynamicDrum.html,원시 변수명은 공개 빌드 로그로 확인. 임계값·지연·히스테리시스는 시연용 A-L 가정이며 현장 기준으로 교체 필요.,DCS2,HRSG,normalized_level(Vl) < 0.3,NORMALIZED_SPAN,0.3,fraction_of_span,BallonMP.zl,1050.000017,LOCAL_thermosyspro-raw.csv,0-50,CALIBRATED_MODEL_LEVEL_MM,Direct ThermoSysPro drum level converted from m to mm
AL-0504,DCS2,HRSG,dcs2.csv,ABB_HRSG_BOP,HRSG,IP HRSG,IP Drum,M-V_DIRECT,TSP.MV.IP_DRUM.TP,IP_Drum.Tp,Tp,H,IP Drum 벽온도 고(H),IP_Drum.Tp > 669.5 K,ABSOLUTE_MODEL_VALUE,669.5,K,HIGH,10,6.5 K,3,MEDIUM,노랑,#FFD60A,FALSE,TRUE,TRUE,NONE,TRUE,TRUE,A-L,VIRTUAL_MODEL_PRETRIP_CALIBRATION,MODEL_SIGNAL_VERIFIED_ABSOLUTE_THRESHOLD_CALIBRATED,READY_ABSOLUTE_MODEL_VALUE,https://build.openmodelica.org/Documentation/ThermoSysPro.WaterSteam.Volumes.DynamicDrum.html,원시 변수명은 공개 빌드 로그로 확인. 임계값·지연·히스테리시스는 시연용 A-L 가정이며 현장 기준으로 교체 필요.,DCS2,HRSG,Tp > PRE_EVENT_BASELINE * 1.03,PRE_EVENT_BASELINE_RATIO,1.03,ratio_to_baseline,IP_Drum.Tp,650,GT_TRIP_RAW_DATA_0.1s_0-40s.csv,0-10,CALIBRATED_MODEL_DIRECT,Direct model quantity and physical unit available
AL-0505,DCS2,HRSG,dcs2.csv,ABB_HRSG_BOP,HRSG,IP HRSG,IP Drum,M-V_DIRECT,TSP.MV.IP_DRUM.P,IP_Drum.P,P,H,IP Drum 압력 고(H),IP_Drum.P > 2625000 Pa,ABSOLUTE_MODEL_VALUE,2625000,Pa,HIGH,5,25000 Pa,3,MEDIUM,노랑,#FFD60A,FALSE,TRUE,TRUE,NONE,TRUE,TRUE,A-L,VIRTUAL_MODEL_PRETRIP_CALIBRATION,MODEL_SIGNAL_VERIFIED_ABSOLUTE_THRESHOLD_CALIBRATED,READY_ABSOLUTE_MODEL_VALUE,https://build.openmodelica.org/Documentation/ThermoSysPro.WaterSteam.Volumes.DynamicDrum.html,원시 변수명은 공개 빌드 로그로 확인. 임계값·지연·히스테리시스는 시연용 A-L 가정이며 현장 기준으로 교체 필요.,DCS2,HRSG,P > PRE_EVENT_BASELINE * 1.05,PRE_EVENT_BASELINE_RATIO,1.05,ratio_to_baseline,IP_Drum.P,2500000,GT_TRIP_RAW_DATA_0.1s_0-40s.csv,0-10,CALIBRATED_MODEL_DIRECT,Direct model quantity and physical unit available
AL-0506,DCS2,HRSG,dcs2.csv,ABB_HRSG_BOP,HRSG,IP HRSG,IP Drum,M-V_DIRECT,TSP.MV.IP_DRUM.P,IP_Drum.P,P,L,IP Drum 압력 저(L),IP_Drum.P < 2375000 Pa,ABSOLUTE_MODEL_VALUE,2375000,Pa,LOW,5,25000 Pa,3,MEDIUM,노랑,#FFD60A,FALSE,TRUE,TRUE,NONE,TRUE,TRUE,A-L,VIRTUAL_MODEL_PRETRIP_CALIBRATION,MODEL_SIGNAL_VERIFIED_ABSOLUTE_THRESHOLD_CALIBRATED,READY_ABSOLUTE_MODEL_VALUE,https://build.openmodelica.org/Documentation/ThermoSysPro.WaterSteam.Volumes.DynamicDrum.html,원시 변수명은 공개 빌드 로그로 확인. 임계값·지연·히스테리시스는 시연용 A-L 가정이며 현장 기준으로 교체 필요.,DCS2,HRSG,P < PRE_EVENT_BASELINE * 0.95,PRE_EVENT_BASELINE_RATIO,0.95,ratio_to_baseline,IP_Drum.P,2500000,GT_TRIP_RAW_DATA_0.1s_0-40s.csv,0-10,CALIBRATED_MODEL_DIRECT,Direct model quantity and physical unit available
AL-0507,DCS2,HRSG,dcs2.csv,ABB_HRSG_BOP,HRSG,IP HRSG,IP Economizer Cell 1,M-V_DIRECT,TSP.MV.IP_ECONOMIZER.WS.Q_1,IP_Economizer.TwoPhaseFlowPipe.Q[1],Q,L,IP Economizer Cell 1 유량 저(L),IP_Economizer.TwoPhaseFlowPipe.Q[1] < 75 kg/s,ABSOLUTE_MODEL_VALUE,75,kg/s,LOW,5,5 kg/s,3,MEDIUM,노랑,#FFD60A,FALSE,TRUE,TRUE,NONE,TRUE,TRUE,A-L,VIRTUAL_MODEL_PRETRIP_CALIBRATION,MODEL_SIGNAL_VERIFIED_ABSOLUTE_THRESHOLD_CALIBRATED,READY_ABSOLUTE_MODEL_VALUE,https://build.openmodelica.org/Documentation/ThermoSysPro.WaterSteam.HeatExchangers.DynamicTwoPhaseFlowPipe.html,원시 변수명은 공개 빌드 로그로 확인. 임계값·지연·히스테리시스는 시연용 A-L 가정이며 현장 기준으로 교체 필요.,DCS2,HRSG,Q < PRE_EVENT_BASELINE * 0.75,PRE_EVENT_BASELINE_RATIO,0.75,ratio_to_baseline,IP_Economizer.TwoPhaseFlowPipe.Q[1],100,GT_TRIP_RAW_DATA_0.1s_0-40s.csv,0-10,CALIBRATED_MODEL_DIRECT,Direct model quantity and physical unit available
AL-0508,DCS2,HRSG,dcs2.csv,ABB_HRSG_BOP,HRSG,IP HRSG,IP Economizer Cell 2,M-V_DIRECT,TSP.MV.IP_ECONOMIZER.WS.P_2,IP_Economizer.TwoPhaseFlowPipe.P[2],P,H,IP Economizer Cell 2 압력 고(H),IP_Economizer.TwoPhaseFlowPipe.P[2] > 2625000 Pa,ABSOLUTE_MODEL_VALUE,2625000,Pa,HIGH,5,25000 Pa,3,MEDIUM,노랑,#FFD60A,FALSE,TRUE,TRUE,NONE,TRUE,TRUE,A-L,VIRTUAL_MODEL_PRETRIP_CALIBRATION,MODEL_SIGNAL_VERIFIED_ABSOLUTE_THRESHOLD_CALIBRATED,READY_ABSOLUTE_MODEL_VALUE,https://build.openmodelica.org/Documentation/ThermoSysPro.WaterSteam.HeatExchangers.DynamicTwoPhaseFlowPipe.html,원시 변수명은 공개 빌드 로그로 확인. 임계값·지연·히스테리시스는 시연용 A-L 가정이며 현장 기준으로 교체 필요.,DCS2,HRSG,P > PRE_EVENT_BASELINE * 1.05,PRE_EVENT_BASELINE_RATIO,1.05,ratio_to_baseline,IP_Economizer.TwoPhaseFlowPipe.P[2],2500000,GT_TRIP_RAW_DATA_0.1s_0-40s.csv,0-10,CALIBRATED_MODEL_DIRECT,Direct model quantity and physical unit available
AL-0509,DCS2,HRSG,dcs2.csv,ABB_HRSG_BOP,HRSG,IP HRSG,IP Economizer Cell 2,M-V_DIRECT,TSP.MV.IP_ECONOMIZER.WS.P_2,IP_Economizer.TwoPhaseFlowPipe.P[2],P,L,IP Economizer Cell 2 압력 저(L),IP_Economizer.TwoPhaseFlowPipe.P[2] < 2375000 Pa,ABSOLUTE_MODEL_VALUE,2375000,Pa,LOW,5,25000 Pa,3,MEDIUM,노랑,#FFD60A,FALSE,TRUE,TRUE,NONE,TRUE,TRUE,A-L,VIRTUAL_MODEL_PRETRIP_CALIBRATION,MODEL_SIGNAL_VERIFIED_ABSOLUTE_THRESHOLD_CALIBRATED,READY_ABSOLUTE_MODEL_VALUE,https://build.openmodelica.org/Documentation/ThermoSysPro.WaterSteam.HeatExchangers.DynamicTwoPhaseFlowPipe.html,원시 변수명은 공개 빌드 로그로 확인. 임계값·지연·히스테리시스는 시연용 A-L 가정이며 현장 기준으로 교체 필요.,DCS2,HRSG,P < PRE_EVENT_BASELINE * 0.95,PRE_EVENT_BASELINE_RATIO,0.95,ratio_to_baseline,IP_Economizer.TwoPhaseFlowPipe.P[2],2500000,GT_TRIP_RAW_DATA_0.1s_0-40s.csv,0-10,CALIBRATED_MODEL_DIRECT,Direct model quantity and physical unit available
AL-0510,DCS2,HRSG,dcs2.csv,ABB_HRSG_BOP,HRSG,IP HRSG,IP Economizer Cell 2,M-V_DIRECT,TSP.MV.IP_ECONOMIZER.WS.Q_2,IP_Economizer.TwoPhaseFlowPipe.Q[2],Q,L,IP Economizer Cell 2 유량 저(L),IP_Economizer.TwoPhaseFlowPipe.Q[2] < 75 kg/s,ABSOLUTE_MODEL_VALUE,75,kg/s,LOW,5,5 kg/s,3,MEDIUM,노랑,#FFD60A,FALSE,TRUE,TRUE,NONE,TRUE,TRUE,A-L,VIRTUAL_MODEL_PRETRIP_CALIBRATION,MODEL_SIGNAL_VERIFIED_ABSOLUTE_THRESHOLD_CALIBRATED,READY_ABSOLUTE_MODEL_VALUE,https://build.openmodelica.org/Documentation/ThermoSysPro.WaterSteam.HeatExchangers.DynamicTwoPhaseFlowPipe.html,원시 변수명은 공개 빌드 로그로 확인. 임계값·지연·히스테리시스는 시연용 A-L 가정이며 현장 기준으로 교체 필요.,DCS2,HRSG,Q < PRE_EVENT_BASELINE * 0.75,PRE_EVENT_BASELINE_RATIO,0.75,ratio_to_baseline,IP_Economizer.TwoPhaseFlowPipe.Q[2],100,GT_TRIP_RAW_DATA_0.1s_0-40s.csv,0-10,CALIBRATED_MODEL_DIRECT,Direct model quantity and physical unit available
AL-0511,DCS2,HRSG,dcs2.csv,ABB_HRSG_BOP,HRSG,IP HRSG,IP Economizer Cell 2,M-V_CALCULATED,TSP.MV.IP_ECONOMIZER.WS.P_2;TSP.MV.IP_ECONOMIZER.WS.H_2,IP_Economizer.TwoPhaseFlowPipe.P[2];IP_Economizer.TwoPhaseFlowPipe.h[2],"T_ph(P,h)",H,IP Economizer Cell 2 유체온도 고(H),DISABLED_UNTIL_ABSOLUTE_PHYSICAL_SIGNAL_AVAILABLE,ABSOLUTE_VALUE_PENDING,,,HIGH,5,0.01 ratio,3,MEDIUM,노랑,#FFD60A,FALSE,TRUE,TRUE,NONE,FALSE,TRUE,A-L,THERMOSYSPRO_MODEL+ASSUMED_LOGIC,ABSOLUTE_PHYSICAL_VALUE_NOT_AVAILABLE,DISABLED_PENDING_PHYSICAL_OUTPUT,https://build.openmodelica.org/Documentation/ThermoSysPro.WaterSteam.HeatExchangers.DynamicTwoPhaseFlowPipe.html,원시 변수명은 공개 빌드 로그로 확인. 임계값·지연·히스테리시스는 시연용 A-L 가정이며 현장 기준으로 교체 필요.,DCS2,HRSG,"T_ph(P,h) > PRE_EVENT_BASELINE * 1.03",PRE_EVENT_BASELINE_RATIO,1.03,ratio_to_baseline,,,,,DEFERRED_PROPERTY_CALCULATION,P/h property output must be exported and calculated in physical units
AL-0512,DCS2,HRSG,dcs2.csv,ABB_HRSG_BOP,HRSG,IP HRSG,IP Economizer Cell 2,M-V_CALCULATED,TSP.MV.IP_ECONOMIZER.WS.P_2;TSP.MV.IP_ECONOMIZER.WS.H_2,IP_Economizer.TwoPhaseFlowPipe.P[2];IP_Economizer.TwoPhaseFlowPipe.h[2],"T_ph(P,h)",L,IP Economizer Cell 2 유체온도 저(L),DISABLED_UNTIL_ABSOLUTE_PHYSICAL_SIGNAL_AVAILABLE,ABSOLUTE_VALUE_PENDING,,,LOW,5,0.01 ratio,3,MEDIUM,노랑,#FFD60A,FALSE,TRUE,TRUE,NONE,FALSE,TRUE,A-L,THERMOSYSPRO_MODEL+ASSUMED_LOGIC,ABSOLUTE_PHYSICAL_VALUE_NOT_AVAILABLE,DISABLED_PENDING_PHYSICAL_OUTPUT,https://build.openmodelica.org/Documentation/ThermoSysPro.WaterSteam.HeatExchangers.DynamicTwoPhaseFlowPipe.html,원시 변수명은 공개 빌드 로그로 확인. 임계값·지연·히스테리시스는 시연용 A-L 가정이며 현장 기준으로 교체 필요.,DCS2,HRSG,"T_ph(P,h) < PRE_EVENT_BASELINE * 0.97",PRE_EVENT_BASELINE_RATIO,0.97,ratio_to_baseline,,,,,DEFERRED_PROPERTY_CALCULATION,P/h property output must be exported and calculated in physical units
AL-0513,DCS2,HRSG,dcs2.csv,ABB_HRSG_BOP,HRSG,IP HRSG,IP Economizer Cell 3,M-V_DIRECT,TSP.MV.IP_ECONOMIZER.WS.P_3,IP_Economizer.TwoPhaseFlowPipe.P[3],P,H,IP Economizer Cell 3 압력 고(H),IP_Economizer.TwoPhaseFlowPipe.P[3] > 2625000 Pa,ABSOLUTE_MODEL_VALUE,2625000,Pa,HIGH,5,25000 Pa,3,MEDIUM,노랑,#FFD60A,FALSE,TRUE,TRUE,NONE,TRUE,TRUE,A-L,VIRTUAL_MODEL_PRETRIP_CALIBRATION,MODEL_SIGNAL_VERIFIED_ABSOLUTE_THRESHOLD_CALIBRATED,READY_ABSOLUTE_MODEL_VALUE,https://build.openmodelica.org/Documentation/ThermoSysPro.WaterSteam.HeatExchangers.DynamicTwoPhaseFlowPipe.html,원시 변수명은 공개 빌드 로그로 확인. 임계값·지연·히스테리시스는 시연용 A-L 가정이며 현장 기준으로 교체 필요.,DCS2,HRSG,P > PRE_EVENT_BASELINE * 1.05,PRE_EVENT_BASELINE_RATIO,1.05,ratio_to_baseline,IP_Economizer.TwoPhaseFlowPipe.P[3],2500000,GT_TRIP_RAW_DATA_0.1s_0-40s.csv,0-10,CALIBRATED_MODEL_DIRECT,Direct model quantity and physical unit available
AL-0514,DCS2,HRSG,dcs2.csv,ABB_HRSG_BOP,HRSG,IP HRSG,IP Economizer Cell 3,M-V_DIRECT,TSP.MV.IP_ECONOMIZER.WS.P_3,IP_Economizer.TwoPhaseFlowPipe.P[3],P,L,IP Economizer Cell 3 압력 저(L),IP_Economizer.TwoPhaseFlowPipe.P[3] < 2375000 Pa,ABSOLUTE_MODEL_VALUE,2375000,Pa,LOW,5,25000 Pa,3,MEDIUM,노랑,#FFD60A,FALSE,TRUE,TRUE,NONE,TRUE,TRUE,A-L,VIRTUAL_MODEL_PRETRIP_CALIBRATION,MODEL_SIGNAL_VERIFIED_ABSOLUTE_THRESHOLD_CALIBRATED,READY_ABSOLUTE_MODEL_VALUE,https://build.openmodelica.org/Documentation/ThermoSysPro.WaterSteam.HeatExchangers.DynamicTwoPhaseFlowPipe.html,원시 변수명은 공개 빌드 로그로 확인. 임계값·지연·히스테리시스는 시연용 A-L 가정이며 현장 기준으로 교체 필요.,DCS2,HRSG,P < PRE_EVENT_BASELINE * 0.95,PRE_EVENT_BASELINE_RATIO,0.95,ratio_to_baseline,IP_Economizer.TwoPhaseFlowPipe.P[3],2500000,GT_TRIP_RAW_DATA_0.1s_0-40s.csv,0-10,CALIBRATED_MODEL_DIRECT,Direct model quantity and physical unit available
AL-0515,DCS2,HRSG,dcs2.csv,ABB_HRSG_BOP,HRSG,IP HRSG,IP Economizer Cell 3,M-V_DIRECT,TSP.MV.IP_ECONOMIZER.WS.Q_3,IP_Economizer.TwoPhaseFlowPipe.Q[3],Q,L,IP Economizer Cell 3 유량 저(L),IP_Economizer.TwoPhaseFlowPipe.Q[3] < 75 kg/s,ABSOLUTE_MODEL_VALUE,75,kg/s,LOW,5,5 kg/s,3,MEDIUM,노랑,#FFD60A,FALSE,TRUE,TRUE,NONE,TRUE,TRUE,A-L,VIRTUAL_MODEL_PRETRIP_CALIBRATION,MODEL_SIGNAL_VERIFIED_ABSOLUTE_THRESHOLD_CALIBRATED,READY_ABSOLUTE_MODEL_VALUE,https://build.openmodelica.org/Documentation/ThermoSysPro.WaterSteam.HeatExchangers.DynamicTwoPhaseFlowPipe.html,원시 변수명은 공개 빌드 로그로 확인. 임계값·지연·히스테리시스는 시연용 A-L 가정이며 현장 기준으로 교체 필요.,DCS2,HRSG,Q < PRE_EVENT_BASELINE * 0.75,PRE_EVENT_BASELINE_RATIO,0.75,ratio_to_baseline,IP_Economizer.TwoPhaseFlowPipe.Q[3],100,GT_TRIP_RAW_DATA_0.1s_0-40s.csv,0-10,CALIBRATED_MODEL_DIRECT,Direct model quantity and physical unit available
AL-0516,DCS2,HRSG,dcs2.csv,ABB_HRSG_BOP,HRSG,IP HRSG,IP Economizer Cell 3,M-V_CALCULATED,TSP.MV.IP_ECONOMIZER.WS.P_3;TSP.MV.IP_ECONOMIZER.WS.H_3,IP_Economizer.TwoPhaseFlowPipe.P[3];IP_Economizer.TwoPhaseFlowPipe.h[3],"T_ph(P,h)",H,IP Economizer Cell 3 유체온도 고(H),DISABLED_UNTIL_ABSOLUTE_PHYSICAL_SIGNAL_AVAILABLE,ABSOLUTE_VALUE_PENDING,,,HIGH,5,0.01 ratio,3,MEDIUM,노랑,#FFD60A,FALSE,TRUE,TRUE,NONE,FALSE,TRUE,A-L,THERMOSYSPRO_MODEL+ASSUMED_LOGIC,ABSOLUTE_PHYSICAL_VALUE_NOT_AVAILABLE,DISABLED_PENDING_PHYSICAL_OUTPUT,https://build.openmodelica.org/Documentation/ThermoSysPro.WaterSteam.HeatExchangers.DynamicTwoPhaseFlowPipe.html,원시 변수명은 공개 빌드 로그로 확인. 임계값·지연·히스테리시스는 시연용 A-L 가정이며 현장 기준으로 교체 필요.,DCS2,HRSG,"T_ph(P,h) > PRE_EVENT_BASELINE * 1.03",PRE_EVENT_BASELINE_RATIO,1.03,ratio_to_baseline,,,,,DEFERRED_PROPERTY_CALCULATION,P/h property output must be exported and calculated in physical units
AL-0517,DCS2,HRSG,dcs2.csv,ABB_HRSG_BOP,HRSG,IP HRSG,IP Economizer Cell 3,M-V_CALCULATED,TSP.MV.IP_ECONOMIZER.WS.P_3;TSP.MV.IP_ECONOMIZER.WS.H_3,IP_Economizer.TwoPhaseFlowPipe.P[3];IP_Economizer.TwoPhaseFlowPipe.h[3],"T_ph(P,h)",L,IP Economizer Cell 3 유체온도 저(L),DISABLED_UNTIL_ABSOLUTE_PHYSICAL_SIGNAL_AVAILABLE,ABSOLUTE_VALUE_PENDING,,,LOW,5,0.01 ratio,3,MEDIUM,노랑,#FFD60A,FALSE,TRUE,TRUE,NONE,FALSE,TRUE,A-L,THERMOSYSPRO_MODEL+ASSUMED_LOGIC,ABSOLUTE_PHYSICAL_VALUE_NOT_AVAILABLE,DISABLED_PENDING_PHYSICAL_OUTPUT,https://build.openmodelica.org/Documentation/ThermoSysPro.WaterSteam.HeatExchangers.DynamicTwoPhaseFlowPipe.html,원시 변수명은 공개 빌드 로그로 확인. 임계값·지연·히스테리시스는 시연용 A-L 가정이며 현장 기준으로 교체 필요.,DCS2,HRSG,"T_ph(P,h) < PRE_EVENT_BASELINE * 0.97",PRE_EVENT_BASELINE_RATIO,0.97,ratio_to_baseline,,,,,DEFERRED_PROPERTY_CALCULATION,P/h property output must be exported and calculated in physical units
AL-0518,DCS2,HRSG,dcs2.csv,ABB_HRSG_BOP,HRSG,IP HRSG,IP Economizer Cell 4,M-V_DIRECT,TSP.MV.IP_ECONOMIZER.WS.P_4,IP_Economizer.TwoPhaseFlowPipe.P[4],P,H,IP Economizer Cell 4 압력 고(H),IP_Economizer.TwoPhaseFlowPipe.P[4] > 2625000 Pa,ABSOLUTE_MODEL_VALUE,2625000,Pa,HIGH,5,25000 Pa,3,MEDIUM,노랑,#FFD60A,FALSE,TRUE,TRUE,NONE,TRUE,TRUE,A-L,VIRTUAL_MODEL_PRETRIP_CALIBRATION,MODEL_SIGNAL_VERIFIED_ABSOLUTE_THRESHOLD_CALIBRATED,READY_ABSOLUTE_MODEL_VALUE,https://build.openmodelica.org/Documentation/ThermoSysPro.WaterSteam.HeatExchangers.DynamicTwoPhaseFlowPipe.html,원시 변수명은 공개 빌드 로그로 확인. 임계값·지연·히스테리시스는 시연용 A-L 가정이며 현장 기준으로 교체 필요.,DCS2,HRSG,P > PRE_EVENT_BASELINE * 1.05,PRE_EVENT_BASELINE_RATIO,1.05,ratio_to_baseline,IP_Economizer.TwoPhaseFlowPipe.P[4],2500000,GT_TRIP_RAW_DATA_0.1s_0-40s.csv,0-10,CALIBRATED_MODEL_DIRECT,Direct model quantity and physical unit available
AL-0519,DCS2,HRSG,dcs2.csv,ABB_HRSG_BOP,HRSG,IP HRSG,IP Economizer Cell 4,M-V_DIRECT,TSP.MV.IP_ECONOMIZER.WS.P_4,IP_Economizer.TwoPhaseFlowPipe.P[4],P,L,IP Economizer Cell 4 압력 저(L),IP_Economizer.TwoPhaseFlowPipe.P[4] < 2375000 Pa,ABSOLUTE_MODEL_VALUE,2375000,Pa,LOW,5,25000 Pa,3,MEDIUM,노랑,#FFD60A,FALSE,TRUE,TRUE,NONE,TRUE,TRUE,A-L,VIRTUAL_MODEL_PRETRIP_CALIBRATION,MODEL_SIGNAL_VERIFIED_ABSOLUTE_THRESHOLD_CALIBRATED,READY_ABSOLUTE_MODEL_VALUE,https://build.openmodelica.org/Documentation/ThermoSysPro.WaterSteam.HeatExchangers.DynamicTwoPhaseFlowPipe.html,원시 변수명은 공개 빌드 로그로 확인. 임계값·지연·히스테리시스는 시연용 A-L 가정이며 현장 기준으로 교체 필요.,DCS2,HRSG,P < PRE_EVENT_BASELINE * 0.95,PRE_EVENT_BASELINE_RATIO,0.95,ratio_to_baseline,IP_Economizer.TwoPhaseFlowPipe.P[4],2500000,GT_TRIP_RAW_DATA_0.1s_0-40s.csv,0-10,CALIBRATED_MODEL_DIRECT,Direct model quantity and physical unit available
AL-0520,DCS2,HRSG,dcs2.csv,ABB_HRSG_BOP,HRSG,IP HRSG,IP Economizer Cell 4,M-V_DIRECT,TSP.MV.IP_ECONOMIZER.WS.Q_4,IP_Economizer.TwoPhaseFlowPipe.Q[4],Q,L,IP Economizer Cell 4 유량 저(L),IP_Economizer.TwoPhaseFlowPipe.Q[4] < 75 kg/s,ABSOLUTE_MODEL_VALUE,75,kg/s,LOW,5,5 kg/s,3,MEDIUM,노랑,#FFD60A,FALSE,TRUE,TRUE,NONE,TRUE,TRUE,A-L,VIRTUAL_MODEL_PRETRIP_CALIBRATION,MODEL_SIGNAL_VERIFIED_ABSOLUTE_THRESHOLD_CALIBRATED,READY_ABSOLUTE_MODEL_VALUE,https://build.openmodelica.org/Documentation/ThermoSysPro.WaterSteam.HeatExchangers.DynamicTwoPhaseFlowPipe.html,원시 변수명은 공개 빌드 로그로 확인. 임계값·지연·히스테리시스는 시연용 A-L 가정이며 현장 기준으로 교체 필요.,DCS2,HRSG,Q < PRE_EVENT_BASELINE * 0.75,PRE_EVENT_BASELINE_RATIO,0.75,ratio_to_baseline,IP_Economizer.TwoPhaseFlowPipe.Q[4],100,GT_TRIP_RAW_DATA_0.1s_0-40s.csv,0-10,CALIBRATED_MODEL_DIRECT,Direct model quantity and physical unit available
AL-0521,DCS2,HRSG,dcs2.csv,ABB_HRSG_BOP,HRSG,IP HRSG,IP Economizer Cell 4,M-V_CALCULATED,TSP.MV.IP_ECONOMIZER.WS.P_4;TSP.MV.IP_ECONOMIZER.WS.H_4,IP_Economizer.TwoPhaseFlowPipe.P[4];IP_Economizer.TwoPhaseFlowPipe.h[4],"T_ph(P,h)",H,IP Economizer Cell 4 유체온도 고(H),DISABLED_UNTIL_ABSOLUTE_PHYSICAL_SIGNAL_AVAILABLE,ABSOLUTE_VALUE_PENDING,,,HIGH,5,0.01 ratio,3,MEDIUM,노랑,#FFD60A,FALSE,TRUE,TRUE,NONE,FALSE,TRUE,A-L,THERMOSYSPRO_MODEL+ASSUMED_LOGIC,ABSOLUTE_PHYSICAL_VALUE_NOT_AVAILABLE,DISABLED_PENDING_PHYSICAL_OUTPUT,https://build.openmodelica.org/Documentation/ThermoSysPro.WaterSteam.HeatExchangers.DynamicTwoPhaseFlowPipe.html,원시 변수명은 공개 빌드 로그로 확인. 임계값·지연·히스테리시스는 시연용 A-L 가정이며 현장 기준으로 교체 필요.,DCS2,HRSG,"T_ph(P,h) > PRE_EVENT_BASELINE * 1.03",PRE_EVENT_BASELINE_RATIO,1.03,ratio_to_baseline,,,,,DEFERRED_PROPERTY_CALCULATION,P/h property output must be exported and calculated in physical units
AL-0522,DCS2,HRSG,dcs2.csv,ABB_HRSG_BOP,HRSG,IP HRSG,IP Economizer Cell 4,M-V_CALCULATED,TSP.MV.IP_ECONOMIZER.WS.P_4;TSP.MV.IP_ECONOMIZER.WS.H_4,IP_Economizer.TwoPhaseFlowPipe.P[4];IP_Economizer.TwoPhaseFlowPipe.h[4],"T_ph(P,h)",L,IP Economizer Cell 4 유체온도 저(L),DISABLED_UNTIL_ABSOLUTE_PHYSICAL_SIGNAL_AVAILABLE,ABSOLUTE_VALUE_PENDING,,,LOW,5,0.01 ratio,3,MEDIUM,노랑,#FFD60A,FALSE,TRUE,TRUE,NONE,FALSE,TRUE,A-L,THERMOSYSPRO_MODEL+ASSUMED_LOGIC,ABSOLUTE_PHYSICAL_VALUE_NOT_AVAILABLE,DISABLED_PENDING_PHYSICAL_OUTPUT,https://build.openmodelica.org/Documentation/ThermoSysPro.WaterSteam.HeatExchangers.DynamicTwoPhaseFlowPipe.html,원시 변수명은 공개 빌드 로그로 확인. 임계값·지연·히스테리시스는 시연용 A-L 가정이며 현장 기준으로 교체 필요.,DCS2,HRSG,"T_ph(P,h) < PRE_EVENT_BASELINE * 0.97",PRE_EVENT_BASELINE_RATIO,0.97,ratio_to_baseline,,,,,DEFERRED_PROPERTY_CALCULATION,P/h property output must be exported and calculated in physical units
AL-0523,DCS2,HRSG,dcs2.csv,ABB_HRSG_BOP,HRSG,IP HRSG,IP Economizer Wall 1,M-V_DIRECT,TSP.MV.IP_ECONOMIZER.WALL.TP_1,IP_Economizer.ExchangerWall.Tp[1],Tp,H,IP Economizer Wall 1 벽온도 고(H),IP_Economizer.ExchangerWall.Tp[1] > 669.5 K,ABSOLUTE_MODEL_VALUE,669.5,K,HIGH,10,6.5 K,3,MEDIUM,노랑,#FFD60A,FALSE,TRUE,TRUE,NONE,TRUE,TRUE,A-L,VIRTUAL_MODEL_PRETRIP_CALIBRATION,MODEL_SIGNAL_VERIFIED_ABSOLUTE_THRESHOLD_CALIBRATED,READY_ABSOLUTE_MODEL_VALUE,https://build.openmodelica.org/Documentation/ThermoSysPro.WaterSteam.HeatExchangers.DynamicTwoPhaseFlowPipe.html,원시 변수명은 공개 빌드 로그로 확인. 임계값·지연·히스테리시스는 시연용 A-L 가정이며 현장 기준으로 교체 필요.,DCS2,HRSG,Tp > PRE_EVENT_BASELINE * 1.03,PRE_EVENT_BASELINE_RATIO,1.03,ratio_to_baseline,IP_Economizer.ExchangerWall.Tp[1],650,GT_TRIP_RAW_DATA_0.1s_0-40s.csv,0-10,CALIBRATED_MODEL_DIRECT,Direct model quantity and physical unit available
AL-0524,DCS2,HRSG,dcs2.csv,ABB_HRSG_BOP,HRSG,IP HRSG,IP Economizer Wall 2,M-V_DIRECT,TSP.MV.IP_ECONOMIZER.WALL.TP_2,IP_Economizer.ExchangerWall.Tp[2],Tp,H,IP Economizer Wall 2 벽온도 고(H),IP_Economizer.ExchangerWall.Tp[2] > 669.5 K,ABSOLUTE_MODEL_VALUE,669.5,K,HIGH,10,6.5 K,3,MEDIUM,노랑,#FFD60A,FALSE,TRUE,TRUE,NONE,TRUE,TRUE,A-L,VIRTUAL_MODEL_PRETRIP_CALIBRATION,MODEL_SIGNAL_VERIFIED_ABSOLUTE_THRESHOLD_CALIBRATED,READY_ABSOLUTE_MODEL_VALUE,https://build.openmodelica.org/Documentation/ThermoSysPro.WaterSteam.HeatExchangers.DynamicTwoPhaseFlowPipe.html,원시 변수명은 공개 빌드 로그로 확인. 임계값·지연·히스테리시스는 시연용 A-L 가정이며 현장 기준으로 교체 필요.,DCS2,HRSG,Tp > PRE_EVENT_BASELINE * 1.03,PRE_EVENT_BASELINE_RATIO,1.03,ratio_to_baseline,IP_Economizer.ExchangerWall.Tp[2],650,GT_TRIP_RAW_DATA_0.1s_0-40s.csv,0-10,CALIBRATED_MODEL_DIRECT,Direct model quantity and physical unit available
AL-0525,DCS2,HRSG,dcs2.csv,ABB_HRSG_BOP,HRSG,IP HRSG,IP Economizer Wall 3,M-V_DIRECT,TSP.MV.IP_ECONOMIZER.WALL.TP_3,IP_Economizer.ExchangerWall.Tp[3],Tp,H,IP Economizer Wall 3 벽온도 고(H),IP_Economizer.ExchangerWall.Tp[3] > 669.5 K,ABSOLUTE_MODEL_VALUE,669.5,K,HIGH,10,6.5 K,3,MEDIUM,노랑,#FFD60A,FALSE,TRUE,TRUE,NONE,TRUE,TRUE,A-L,VIRTUAL_MODEL_PRETRIP_CALIBRATION,MODEL_SIGNAL_VERIFIED_ABSOLUTE_THRESHOLD_CALIBRATED,READY_ABSOLUTE_MODEL_VALUE,https://build.openmodelica.org/Documentation/ThermoSysPro.WaterSteam.HeatExchangers.DynamicTwoPhaseFlowPipe.html,원시 변수명은 공개 빌드 로그로 확인. 임계값·지연·히스테리시스는 시연용 A-L 가정이며 현장 기준으로 교체 필요.,DCS2,HRSG,Tp > PRE_EVENT_BASELINE * 1.03,PRE_EVENT_BASELINE_RATIO,1.03,ratio_to_baseline,IP_Economizer.ExchangerWall.Tp[3],650,GT_TRIP_RAW_DATA_0.1s_0-40s.csv,0-10,CALIBRATED_MODEL_DIRECT,Direct model quantity and physical unit available
AL-0526,DCS2,HRSG,dcs2.csv,ABB_HRSG_BOP,HRSG,IP HRSG,IP Evaporator Cell 1,M-V_DIRECT,TSP.MV.IP_EVAPORATOR.WS.Q_1,IP_Evaporator.TwoPhaseFlowPipe.Q[1],Q,L,IP Evaporator Cell 1 유량 저(L),IP_Evaporator.TwoPhaseFlowPipe.Q[1] < 75 kg/s,ABSOLUTE_MODEL_VALUE,75,kg/s,LOW,5,5 kg/s,3,MEDIUM,노랑,#FFD60A,FALSE,TRUE,TRUE,NONE,TRUE,TRUE,A-L,VIRTUAL_MODEL_PRETRIP_CALIBRATION,MODEL_SIGNAL_VERIFIED_ABSOLUTE_THRESHOLD_CALIBRATED,READY_ABSOLUTE_MODEL_VALUE,https://build.openmodelica.org/Documentation/ThermoSysPro.WaterSteam.HeatExchangers.DynamicTwoPhaseFlowPipe.html,원시 변수명은 공개 빌드 로그로 확인. 임계값·지연·히스테리시스는 시연용 A-L 가정이며 현장 기준으로 교체 필요.,DCS2,HRSG,Q < PRE_EVENT_BASELINE * 0.75,PRE_EVENT_BASELINE_RATIO,0.75,ratio_to_baseline,IP_Evaporator.TwoPhaseFlowPipe.Q[1],100,GT_TRIP_RAW_DATA_0.1s_0-40s.csv,0-10,CALIBRATED_MODEL_DIRECT,Direct model quantity and physical unit available
AL-0527,DCS2,HRSG,dcs2.csv,ABB_HRSG_BOP,HRSG,IP HRSG,IP Evaporator Cell 2,M-V_DIRECT,TSP.MV.IP_EVAPORATOR.WS.P_2,IP_Evaporator.TwoPhaseFlowPipe.P[2],P,H,IP Evaporator Cell 2 압력 고(H),IP_Evaporator.TwoPhaseFlowPipe.P[2] > 105 Pa,ABSOLUTE_MODEL_VALUE,105,Pa,HIGH,5,1 Pa,3,MEDIUM,노랑,#FFD60A,FALSE,TRUE,TRUE,NONE,TRUE,TRUE,A-L,VIRTUAL_MODEL_PRETRIP_CALIBRATION,MODEL_SIGNAL_VERIFIED_ABSOLUTE_THRESHOLD_CALIBRATED,READY_ABSOLUTE_MODEL_VALUE,https://build.openmodelica.org/Documentation/ThermoSysPro.WaterSteam.HeatExchangers.DynamicTwoPhaseFlowPipe.html,원시 변수명은 공개 빌드 로그로 확인. 임계값·지연·히스테리시스는 시연용 A-L 가정이며 현장 기준으로 교체 필요.,DCS2,HRSG,P > PRE_EVENT_BASELINE * 1.05,PRE_EVENT_BASELINE_RATIO,1.05,ratio_to_baseline,IP_Evaporator.TwoPhaseFlowPipe.P[2],100,GT_TRIP_RAW_DATA_0.1s_0-40s.csv,0-10,CALIBRATED_MODEL_DIRECT,Direct model quantity and physical unit available
AL-0528,DCS2,HRSG,dcs2.csv,ABB_HRSG_BOP,HRSG,IP HRSG,IP Evaporator Cell 2,M-V_DIRECT,TSP.MV.IP_EVAPORATOR.WS.P_2,IP_Evaporator.TwoPhaseFlowPipe.P[2],P,L,IP Evaporator Cell 2 압력 저(L),IP_Evaporator.TwoPhaseFlowPipe.P[2] < 95 Pa,ABSOLUTE_MODEL_VALUE,95,Pa,LOW,5,1 Pa,3,MEDIUM,노랑,#FFD60A,FALSE,TRUE,TRUE,NONE,TRUE,TRUE,A-L,VIRTUAL_MODEL_PRETRIP_CALIBRATION,MODEL_SIGNAL_VERIFIED_ABSOLUTE_THRESHOLD_CALIBRATED,READY_ABSOLUTE_MODEL_VALUE,https://build.openmodelica.org/Documentation/ThermoSysPro.WaterSteam.HeatExchangers.DynamicTwoPhaseFlowPipe.html,원시 변수명은 공개 빌드 로그로 확인. 임계값·지연·히스테리시스는 시연용 A-L 가정이며 현장 기준으로 교체 필요.,DCS2,HRSG,P < PRE_EVENT_BASELINE * 0.95,PRE_EVENT_BASELINE_RATIO,0.95,ratio_to_baseline,IP_Evaporator.TwoPhaseFlowPipe.P[2],100,GT_TRIP_RAW_DATA_0.1s_0-40s.csv,0-10,CALIBRATED_MODEL_DIRECT,Direct model quantity and physical unit available
AL-0529,DCS2,HRSG,dcs2.csv,ABB_HRSG_BOP,HRSG,IP HRSG,IP Evaporator Cell 2,M-V_DIRECT,TSP.MV.IP_EVAPORATOR.WS.Q_2,IP_Evaporator.TwoPhaseFlowPipe.Q[2],Q,L,IP Evaporator Cell 2 유량 저(L),IP_Evaporator.TwoPhaseFlowPipe.Q[2] < 75 kg/s,ABSOLUTE_MODEL_VALUE,75,kg/s,LOW,5,5 kg/s,3,MEDIUM,노랑,#FFD60A,FALSE,TRUE,TRUE,NONE,TRUE,TRUE,A-L,VIRTUAL_MODEL_PRETRIP_CALIBRATION,MODEL_SIGNAL_VERIFIED_ABSOLUTE_THRESHOLD_CALIBRATED,READY_ABSOLUTE_MODEL_VALUE,https://build.openmodelica.org/Documentation/ThermoSysPro.WaterSteam.HeatExchangers.DynamicTwoPhaseFlowPipe.html,원시 변수명은 공개 빌드 로그로 확인. 임계값·지연·히스테리시스는 시연용 A-L 가정이며 현장 기준으로 교체 필요.,DCS2,HRSG,Q < PRE_EVENT_BASELINE * 0.75,PRE_EVENT_BASELINE_RATIO,0.75,ratio_to_baseline,IP_Evaporator.TwoPhaseFlowPipe.Q[2],100,GT_TRIP_RAW_DATA_0.1s_0-40s.csv,0-10,CALIBRATED_MODEL_DIRECT,Direct model quantity and physical unit available
AL-0530,DCS2,HRSG,dcs2.csv,ABB_HRSG_BOP,HRSG,IP HRSG,IP Evaporator Cell 2,M-V_CALCULATED,TSP.MV.IP_EVAPORATOR.WS.P_2;TSP.MV.IP_EVAPORATOR.WS.H_2,IP_Evaporator.TwoPhaseFlowPipe.P[2];IP_Evaporator.TwoPhaseFlowPipe.h[2],"T_ph(P,h)",H,IP Evaporator Cell 2 유체온도 고(H),DISABLED_UNTIL_ABSOLUTE_PHYSICAL_SIGNAL_AVAILABLE,ABSOLUTE_VALUE_PENDING,,,HIGH,5,0.01 ratio,3,MEDIUM,노랑,#FFD60A,FALSE,TRUE,TRUE,NONE,FALSE,TRUE,A-L,THERMOSYSPRO_MODEL+ASSUMED_LOGIC,ABSOLUTE_PHYSICAL_VALUE_NOT_AVAILABLE,DISABLED_PENDING_PHYSICAL_OUTPUT,https://build.openmodelica.org/Documentation/ThermoSysPro.WaterSteam.HeatExchangers.DynamicTwoPhaseFlowPipe.html,원시 변수명은 공개 빌드 로그로 확인. 임계값·지연·히스테리시스는 시연용 A-L 가정이며 현장 기준으로 교체 필요.,DCS2,HRSG,"T_ph(P,h) > PRE_EVENT_BASELINE * 1.03",PRE_EVENT_BASELINE_RATIO,1.03,ratio_to_baseline,,,,,DEFERRED_PROPERTY_CALCULATION,P/h property output must be exported and calculated in physical units
AL-0531,DCS2,HRSG,dcs2.csv,ABB_HRSG_BOP,HRSG,IP HRSG,IP Evaporator Cell 2,M-V_CALCULATED,TSP.MV.IP_EVAPORATOR.WS.P_2;TSP.MV.IP_EVAPORATOR.WS.H_2,IP_Evaporator.TwoPhaseFlowPipe.P[2];IP_Evaporator.TwoPhaseFlowPipe.h[2],"T_ph(P,h)",L,IP Evaporator Cell 2 유체온도 저(L),DISABLED_UNTIL_ABSOLUTE_PHYSICAL_SIGNAL_AVAILABLE,ABSOLUTE_VALUE_PENDING,,,LOW,5,0.01 ratio,3,MEDIUM,노랑,#FFD60A,FALSE,TRUE,TRUE,NONE,FALSE,TRUE,A-L,THERMOSYSPRO_MODEL+ASSUMED_LOGIC,ABSOLUTE_PHYSICAL_VALUE_NOT_AVAILABLE,DISABLED_PENDING_PHYSICAL_OUTPUT,https://build.openmodelica.org/Documentation/ThermoSysPro.WaterSteam.HeatExchangers.DynamicTwoPhaseFlowPipe.html,원시 변수명은 공개 빌드 로그로 확인. 임계값·지연·히스테리시스는 시연용 A-L 가정이며 현장 기준으로 교체 필요.,DCS2,HRSG,"T_ph(P,h) < PRE_EVENT_BASELINE * 0.97",PRE_EVENT_BASELINE_RATIO,0.97,ratio_to_baseline,,,,,DEFERRED_PROPERTY_CALCULATION,P/h property output must be exported and calculated in physical units
AL-0532,DCS2,HRSG,dcs2.csv,ABB_HRSG_BOP,HRSG,IP HRSG,IP Evaporator Cell 3,M-V_DIRECT,TSP.MV.IP_EVAPORATOR.WS.P_3,IP_Evaporator.TwoPhaseFlowPipe.P[3],P,H,IP Evaporator Cell 3 압력 고(H),IP_Evaporator.TwoPhaseFlowPipe.P[3] > 105 Pa,ABSOLUTE_MODEL_VALUE,105,Pa,HIGH,5,1 Pa,3,MEDIUM,노랑,#FFD60A,FALSE,TRUE,TRUE,NONE,TRUE,TRUE,A-L,VIRTUAL_MODEL_PRETRIP_CALIBRATION,MODEL_SIGNAL_VERIFIED_ABSOLUTE_THRESHOLD_CALIBRATED,READY_ABSOLUTE_MODEL_VALUE,https://build.openmodelica.org/Documentation/ThermoSysPro.WaterSteam.HeatExchangers.DynamicTwoPhaseFlowPipe.html,원시 변수명은 공개 빌드 로그로 확인. 임계값·지연·히스테리시스는 시연용 A-L 가정이며 현장 기준으로 교체 필요.,DCS2,HRSG,P > PRE_EVENT_BASELINE * 1.05,PRE_EVENT_BASELINE_RATIO,1.05,ratio_to_baseline,IP_Evaporator.TwoPhaseFlowPipe.P[3],100,GT_TRIP_RAW_DATA_0.1s_0-40s.csv,0-10,CALIBRATED_MODEL_DIRECT,Direct model quantity and physical unit available
AL-0533,DCS2,HRSG,dcs2.csv,ABB_HRSG_BOP,HRSG,IP HRSG,IP Evaporator Cell 3,M-V_DIRECT,TSP.MV.IP_EVAPORATOR.WS.P_3,IP_Evaporator.TwoPhaseFlowPipe.P[3],P,L,IP Evaporator Cell 3 압력 저(L),IP_Evaporator.TwoPhaseFlowPipe.P[3] < 95 Pa,ABSOLUTE_MODEL_VALUE,95,Pa,LOW,5,1 Pa,3,MEDIUM,노랑,#FFD60A,FALSE,TRUE,TRUE,NONE,TRUE,TRUE,A-L,VIRTUAL_MODEL_PRETRIP_CALIBRATION,MODEL_SIGNAL_VERIFIED_ABSOLUTE_THRESHOLD_CALIBRATED,READY_ABSOLUTE_MODEL_VALUE,https://build.openmodelica.org/Documentation/ThermoSysPro.WaterSteam.HeatExchangers.DynamicTwoPhaseFlowPipe.html,원시 변수명은 공개 빌드 로그로 확인. 임계값·지연·히스테리시스는 시연용 A-L 가정이며 현장 기준으로 교체 필요.,DCS2,HRSG,P < PRE_EVENT_BASELINE * 0.95,PRE_EVENT_BASELINE_RATIO,0.95,ratio_to_baseline,IP_Evaporator.TwoPhaseFlowPipe.P[3],100,GT_TRIP_RAW_DATA_0.1s_0-40s.csv,0-10,CALIBRATED_MODEL_DIRECT,Direct model quantity and physical unit available
AL-0534,DCS2,HRSG,dcs2.csv,ABB_HRSG_BOP,HRSG,IP HRSG,IP Evaporator Cell 3,M-V_DIRECT,TSP.MV.IP_EVAPORATOR.WS.Q_3,IP_Evaporator.TwoPhaseFlowPipe.Q[3],Q,L,IP Evaporator Cell 3 유량 저(L),IP_Evaporator.TwoPhaseFlowPipe.Q[3] < 75 kg/s,ABSOLUTE_MODEL_VALUE,75,kg/s,LOW,5,5 kg/s,3,MEDIUM,노랑,#FFD60A,FALSE,TRUE,TRUE,NONE,TRUE,TRUE,A-L,VIRTUAL_MODEL_PRETRIP_CALIBRATION,MODEL_SIGNAL_VERIFIED_ABSOLUTE_THRESHOLD_CALIBRATED,READY_ABSOLUTE_MODEL_VALUE,https://build.openmodelica.org/Documentation/ThermoSysPro.WaterSteam.HeatExchangers.DynamicTwoPhaseFlowPipe.html,원시 변수명은 공개 빌드 로그로 확인. 임계값·지연·히스테리시스는 시연용 A-L 가정이며 현장 기준으로 교체 필요.,DCS2,HRSG,Q < PRE_EVENT_BASELINE * 0.75,PRE_EVENT_BASELINE_RATIO,0.75,ratio_to_baseline,IP_Evaporator.TwoPhaseFlowPipe.Q[3],100,GT_TRIP_RAW_DATA_0.1s_0-40s.csv,0-10,CALIBRATED_MODEL_DIRECT,Direct model quantity and physical unit available
AL-0535,DCS2,HRSG,dcs2.csv,ABB_HRSG_BOP,HRSG,IP HRSG,IP Evaporator Cell 3,M-V_CALCULATED,TSP.MV.IP_EVAPORATOR.WS.P_3;TSP.MV.IP_EVAPORATOR.WS.H_3,IP_Evaporator.TwoPhaseFlowPipe.P[3];IP_Evaporator.TwoPhaseFlowPipe.h[3],"T_ph(P,h)",H,IP Evaporator Cell 3 유체온도 고(H),DISABLED_UNTIL_ABSOLUTE_PHYSICAL_SIGNAL_AVAILABLE,ABSOLUTE_VALUE_PENDING,,,HIGH,5,0.01 ratio,3,MEDIUM,노랑,#FFD60A,FALSE,TRUE,TRUE,NONE,FALSE,TRUE,A-L,THERMOSYSPRO_MODEL+ASSUMED_LOGIC,ABSOLUTE_PHYSICAL_VALUE_NOT_AVAILABLE,DISABLED_PENDING_PHYSICAL_OUTPUT,https://build.openmodelica.org/Documentation/ThermoSysPro.WaterSteam.HeatExchangers.DynamicTwoPhaseFlowPipe.html,원시 변수명은 공개 빌드 로그로 확인. 임계값·지연·히스테리시스는 시연용 A-L 가정이며 현장 기준으로 교체 필요.,DCS2,HRSG,"T_ph(P,h) > PRE_EVENT_BASELINE * 1.03",PRE_EVENT_BASELINE_RATIO,1.03,ratio_to_baseline,,,,,DEFERRED_PROPERTY_CALCULATION,P/h property output must be exported and calculated in physical units
AL-0536,DCS2,HRSG,dcs2.csv,ABB_HRSG_BOP,HRSG,IP HRSG,IP Evaporator Cell 3,M-V_CALCULATED,TSP.MV.IP_EVAPORATOR.WS.P_3;TSP.MV.IP_EVAPORATOR.WS.H_3,IP_Evaporator.TwoPhaseFlowPipe.P[3];IP_Evaporator.TwoPhaseFlowPipe.h[3],"T_ph(P,h)",L,IP Evaporator Cell 3 유체온도 저(L),DISABLED_UNTIL_ABSOLUTE_PHYSICAL_SIGNAL_AVAILABLE,ABSOLUTE_VALUE_PENDING,,,LOW,5,0.01 ratio,3,MEDIUM,노랑,#FFD60A,FALSE,TRUE,TRUE,NONE,FALSE,TRUE,A-L,THERMOSYSPRO_MODEL+ASSUMED_LOGIC,ABSOLUTE_PHYSICAL_VALUE_NOT_AVAILABLE,DISABLED_PENDING_PHYSICAL_OUTPUT,https://build.openmodelica.org/Documentation/ThermoSysPro.WaterSteam.HeatExchangers.DynamicTwoPhaseFlowPipe.html,원시 변수명은 공개 빌드 로그로 확인. 임계값·지연·히스테리시스는 시연용 A-L 가정이며 현장 기준으로 교체 필요.,DCS2,HRSG,"T_ph(P,h) < PRE_EVENT_BASELINE * 0.97",PRE_EVENT_BASELINE_RATIO,0.97,ratio_to_baseline,,,,,DEFERRED_PROPERTY_CALCULATION,P/h property output must be exported and calculated in physical units
AL-0537,DCS2,HRSG,dcs2.csv,ABB_HRSG_BOP,HRSG,IP HRSG,IP Evaporator Cell 4,M-V_DIRECT,TSP.MV.IP_EVAPORATOR.WS.P_4,IP_Evaporator.TwoPhaseFlowPipe.P[4],P,H,IP Evaporator Cell 4 압력 고(H),IP_Evaporator.TwoPhaseFlowPipe.P[4] > 105 Pa,ABSOLUTE_MODEL_VALUE,105,Pa,HIGH,5,1 Pa,3,MEDIUM,노랑,#FFD60A,FALSE,TRUE,TRUE,NONE,TRUE,TRUE,A-L,VIRTUAL_MODEL_PRETRIP_CALIBRATION,MODEL_SIGNAL_VERIFIED_ABSOLUTE_THRESHOLD_CALIBRATED,READY_ABSOLUTE_MODEL_VALUE,https://build.openmodelica.org/Documentation/ThermoSysPro.WaterSteam.HeatExchangers.DynamicTwoPhaseFlowPipe.html,원시 변수명은 공개 빌드 로그로 확인. 임계값·지연·히스테리시스는 시연용 A-L 가정이며 현장 기준으로 교체 필요.,DCS2,HRSG,P > PRE_EVENT_BASELINE * 1.05,PRE_EVENT_BASELINE_RATIO,1.05,ratio_to_baseline,IP_Evaporator.TwoPhaseFlowPipe.P[4],100,GT_TRIP_RAW_DATA_0.1s_0-40s.csv,0-10,CALIBRATED_MODEL_DIRECT,Direct model quantity and physical unit available
AL-0538,DCS2,HRSG,dcs2.csv,ABB_HRSG_BOP,HRSG,IP HRSG,IP Evaporator Cell 4,M-V_DIRECT,TSP.MV.IP_EVAPORATOR.WS.P_4,IP_Evaporator.TwoPhaseFlowPipe.P[4],P,L,IP Evaporator Cell 4 압력 저(L),IP_Evaporator.TwoPhaseFlowPipe.P[4] < 95 Pa,ABSOLUTE_MODEL_VALUE,95,Pa,LOW,5,1 Pa,3,MEDIUM,노랑,#FFD60A,FALSE,TRUE,TRUE,NONE,TRUE,TRUE,A-L,VIRTUAL_MODEL_PRETRIP_CALIBRATION,MODEL_SIGNAL_VERIFIED_ABSOLUTE_THRESHOLD_CALIBRATED,READY_ABSOLUTE_MODEL_VALUE,https://build.openmodelica.org/Documentation/ThermoSysPro.WaterSteam.HeatExchangers.DynamicTwoPhaseFlowPipe.html,원시 변수명은 공개 빌드 로그로 확인. 임계값·지연·히스테리시스는 시연용 A-L 가정이며 현장 기준으로 교체 필요.,DCS2,HRSG,P < PRE_EVENT_BASELINE * 0.95,PRE_EVENT_BASELINE_RATIO,0.95,ratio_to_baseline,IP_Evaporator.TwoPhaseFlowPipe.P[4],100,GT_TRIP_RAW_DATA_0.1s_0-40s.csv,0-10,CALIBRATED_MODEL_DIRECT,Direct model quantity and physical unit available
AL-0539,DCS2,HRSG,dcs2.csv,ABB_HRSG_BOP,HRSG,IP HRSG,IP Evaporator Cell 4,M-V_DIRECT,TSP.MV.IP_EVAPORATOR.WS.Q_4,IP_Evaporator.TwoPhaseFlowPipe.Q[4],Q,L,IP Evaporator Cell 4 유량 저(L),IP_Evaporator.TwoPhaseFlowPipe.Q[4] < 75 kg/s,ABSOLUTE_MODEL_VALUE,75,kg/s,LOW,5,5 kg/s,3,MEDIUM,노랑,#FFD60A,FALSE,TRUE,TRUE,NONE,TRUE,TRUE,A-L,VIRTUAL_MODEL_PRETRIP_CALIBRATION,MODEL_SIGNAL_VERIFIED_ABSOLUTE_THRESHOLD_CALIBRATED,READY_ABSOLUTE_MODEL_VALUE,https://build.openmodelica.org/Documentation/ThermoSysPro.WaterSteam.HeatExchangers.DynamicTwoPhaseFlowPipe.html,원시 변수명은 공개 빌드 로그로 확인. 임계값·지연·히스테리시스는 시연용 A-L 가정이며 현장 기준으로 교체 필요.,DCS2,HRSG,Q < PRE_EVENT_BASELINE * 0.75,PRE_EVENT_BASELINE_RATIO,0.75,ratio_to_baseline,IP_Evaporator.TwoPhaseFlowPipe.Q[4],100,GT_TRIP_RAW_DATA_0.1s_0-40s.csv,0-10,CALIBRATED_MODEL_DIRECT,Direct model quantity and physical unit available
AL-0540,DCS2,HRSG,dcs2.csv,ABB_HRSG_BOP,HRSG,IP HRSG,IP Evaporator Cell 4,M-V_CALCULATED,TSP.MV.IP_EVAPORATOR.WS.P_4;TSP.MV.IP_EVAPORATOR.WS.H_4,IP_Evaporator.TwoPhaseFlowPipe.P[4];IP_Evaporator.TwoPhaseFlowPipe.h[4],"T_ph(P,h)",H,IP Evaporator Cell 4 유체온도 고(H),DISABLED_UNTIL_ABSOLUTE_PHYSICAL_SIGNAL_AVAILABLE,ABSOLUTE_VALUE_PENDING,,,HIGH,5,0.01 ratio,3,MEDIUM,노랑,#FFD60A,FALSE,TRUE,TRUE,NONE,FALSE,TRUE,A-L,THERMOSYSPRO_MODEL+ASSUMED_LOGIC,ABSOLUTE_PHYSICAL_VALUE_NOT_AVAILABLE,DISABLED_PENDING_PHYSICAL_OUTPUT,https://build.openmodelica.org/Documentation/ThermoSysPro.WaterSteam.HeatExchangers.DynamicTwoPhaseFlowPipe.html,원시 변수명은 공개 빌드 로그로 확인. 임계값·지연·히스테리시스는 시연용 A-L 가정이며 현장 기준으로 교체 필요.,DCS2,HRSG,"T_ph(P,h) > PRE_EVENT_BASELINE * 1.03",PRE_EVENT_BASELINE_RATIO,1.03,ratio_to_baseline,,,,,DEFERRED_PROPERTY_CALCULATION,P/h property output must be exported and calculated in physical units
AL-0541,DCS2,HRSG,dcs2.csv,ABB_HRSG_BOP,HRSG,IP HRSG,IP Evaporator Cell 4,M-V_CALCULATED,TSP.MV.IP_EVAPORATOR.WS.P_4;TSP.MV.IP_EVAPORATOR.WS.H_4,IP_Evaporator.TwoPhaseFlowPipe.P[4];IP_Evaporator.TwoPhaseFlowPipe.h[4],"T_ph(P,h)",L,IP Evaporator Cell 4 유체온도 저(L),DISABLED_UNTIL_ABSOLUTE_PHYSICAL_SIGNAL_AVAILABLE,ABSOLUTE_VALUE_PENDING,,,LOW,5,0.01 ratio,3,MEDIUM,노랑,#FFD60A,FALSE,TRUE,TRUE,NONE,FALSE,TRUE,A-L,THERMOSYSPRO_MODEL+ASSUMED_LOGIC,ABSOLUTE_PHYSICAL_VALUE_NOT_AVAILABLE,DISABLED_PENDING_PHYSICAL_OUTPUT,https://build.openmodelica.org/Documentation/ThermoSysPro.WaterSteam.HeatExchangers.DynamicTwoPhaseFlowPipe.html,원시 변수명은 공개 빌드 로그로 확인. 임계값·지연·히스테리시스는 시연용 A-L 가정이며 현장 기준으로 교체 필요.,DCS2,HRSG,"T_ph(P,h) < PRE_EVENT_BASELINE * 0.97",PRE_EVENT_BASELINE_RATIO,0.97,ratio_to_baseline,,,,,DEFERRED_PROPERTY_CALCULATION,P/h property output must be exported and calculated in physical units
AL-0542,DCS2,HRSG,dcs2.csv,ABB_HRSG_BOP,HRSG,IP HRSG,IP Evaporator Wall 1,M-V_DIRECT,TSP.MV.IP_EVAPORATOR.WALL.TP_1,IP_Evaporator.ExchangerWall.Tp[1],Tp,H,IP Evaporator Wall 1 벽온도 고(H),IP_Evaporator.ExchangerWall.Tp[1] > 103 K,ABSOLUTE_MODEL_VALUE,103,K,HIGH,10,1 K,3,MEDIUM,노랑,#FFD60A,FALSE,TRUE,TRUE,NONE,TRUE,TRUE,A-L,VIRTUAL_MODEL_PRETRIP_CALIBRATION,MODEL_SIGNAL_VERIFIED_ABSOLUTE_THRESHOLD_CALIBRATED,READY_ABSOLUTE_MODEL_VALUE,https://build.openmodelica.org/Documentation/ThermoSysPro.WaterSteam.HeatExchangers.DynamicTwoPhaseFlowPipe.html,원시 변수명은 공개 빌드 로그로 확인. 임계값·지연·히스테리시스는 시연용 A-L 가정이며 현장 기준으로 교체 필요.,DCS2,HRSG,Tp > PRE_EVENT_BASELINE * 1.03,PRE_EVENT_BASELINE_RATIO,1.03,ratio_to_baseline,IP_Evaporator.ExchangerWall.Tp[1],100,GT_TRIP_RAW_DATA_0.1s_0-40s.csv,0-10,CALIBRATED_MODEL_DIRECT,Direct model quantity and physical unit available
AL-0543,DCS2,HRSG,dcs2.csv,ABB_HRSG_BOP,HRSG,IP HRSG,IP Evaporator Wall 2,M-V_DIRECT,TSP.MV.IP_EVAPORATOR.WALL.TP_2,IP_Evaporator.ExchangerWall.Tp[2],Tp,H,IP Evaporator Wall 2 벽온도 고(H),IP_Evaporator.ExchangerWall.Tp[2] > 103 K,ABSOLUTE_MODEL_VALUE,103,K,HIGH,10,1 K,3,MEDIUM,노랑,#FFD60A,FALSE,TRUE,TRUE,NONE,TRUE,TRUE,A-L,VIRTUAL_MODEL_PRETRIP_CALIBRATION,MODEL_SIGNAL_VERIFIED_ABSOLUTE_THRESHOLD_CALIBRATED,READY_ABSOLUTE_MODEL_VALUE,https://build.openmodelica.org/Documentation/ThermoSysPro.WaterSteam.HeatExchangers.DynamicTwoPhaseFlowPipe.html,원시 변수명은 공개 빌드 로그로 확인. 임계값·지연·히스테리시스는 시연용 A-L 가정이며 현장 기준으로 교체 필요.,DCS2,HRSG,Tp > PRE_EVENT_BASELINE * 1.03,PRE_EVENT_BASELINE_RATIO,1.03,ratio_to_baseline,IP_Evaporator.ExchangerWall.Tp[2],100,GT_TRIP_RAW_DATA_0.1s_0-40s.csv,0-10,CALIBRATED_MODEL_DIRECT,Direct model quantity and physical unit available
AL-0544,DCS2,HRSG,dcs2.csv,ABB_HRSG_BOP,HRSG,IP HRSG,IP Evaporator Wall 3,M-V_DIRECT,TSP.MV.IP_EVAPORATOR.WALL.TP_3,IP_Evaporator.ExchangerWall.Tp[3],Tp,H,IP Evaporator Wall 3 벽온도 고(H),IP_Evaporator.ExchangerWall.Tp[3] > 103 K,ABSOLUTE_MODEL_VALUE,103,K,HIGH,10,1 K,3,MEDIUM,노랑,#FFD60A,FALSE,TRUE,TRUE,NONE,TRUE,TRUE,A-L,VIRTUAL_MODEL_PRETRIP_CALIBRATION,MODEL_SIGNAL_VERIFIED_ABSOLUTE_THRESHOLD_CALIBRATED,READY_ABSOLUTE_MODEL_VALUE,https://build.openmodelica.org/Documentation/ThermoSysPro.WaterSteam.HeatExchangers.DynamicTwoPhaseFlowPipe.html,원시 변수명은 공개 빌드 로그로 확인. 임계값·지연·히스테리시스는 시연용 A-L 가정이며 현장 기준으로 교체 필요.,DCS2,HRSG,Tp > PRE_EVENT_BASELINE * 1.03,PRE_EVENT_BASELINE_RATIO,1.03,ratio_to_baseline,IP_Evaporator.ExchangerWall.Tp[3],100,GT_TRIP_RAW_DATA_0.1s_0-40s.csv,0-10,CALIBRATED_MODEL_DIRECT,Direct model quantity and physical unit available
AL-0545,DCS2,HRSG,dcs2.csv,ABB_HRSG_BOP,HRSG,IP HRSG,IP Superheater 1 Cell 2,M-V_DIRECT,TSP.MV.IP_SUPERHEATER_1.WS.P_2,IP_SuperHeater_1.TwoPhaseFlowPipe.P[2],P,H,IP Superheater 1 Cell 2 압력 고(H),IP_SuperHeater_1.TwoPhaseFlowPipe.P[2] > 105 Pa,ABSOLUTE_MODEL_VALUE,105,Pa,HIGH,5,1 Pa,3,MEDIUM,노랑,#FFD60A,FALSE,TRUE,TRUE,NONE,TRUE,TRUE,A-L,VIRTUAL_MODEL_PRETRIP_CALIBRATION,MODEL_SIGNAL_VERIFIED_ABSOLUTE_THRESHOLD_CALIBRATED,READY_ABSOLUTE_MODEL_VALUE,https://build.openmodelica.org/Documentation/ThermoSysPro.WaterSteam.HeatExchangers.DynamicTwoPhaseFlowPipe.html,원시 변수명은 공개 빌드 로그로 확인. 임계값·지연·히스테리시스는 시연용 A-L 가정이며 현장 기준으로 교체 필요.,DCS2,HRSG,P > PRE_EVENT_BASELINE * 1.05,PRE_EVENT_BASELINE_RATIO,1.05,ratio_to_baseline,IP_SuperHeater_1.TwoPhaseFlowPipe.P[2],100,GT_TRIP_RAW_DATA_0.1s_0-40s.csv,0-10,CALIBRATED_MODEL_DIRECT,Direct model quantity and physical unit available
AL-0546,DCS2,HRSG,dcs2.csv,ABB_HRSG_BOP,HRSG,IP HRSG,IP Superheater 1 Cell 2,M-V_DIRECT,TSP.MV.IP_SUPERHEATER_1.WS.P_2,IP_SuperHeater_1.TwoPhaseFlowPipe.P[2],P,L,IP Superheater 1 Cell 2 압력 저(L),IP_SuperHeater_1.TwoPhaseFlowPipe.P[2] < 95 Pa,ABSOLUTE_MODEL_VALUE,95,Pa,LOW,5,1 Pa,3,MEDIUM,노랑,#FFD60A,FALSE,TRUE,TRUE,NONE,TRUE,TRUE,A-L,VIRTUAL_MODEL_PRETRIP_CALIBRATION,MODEL_SIGNAL_VERIFIED_ABSOLUTE_THRESHOLD_CALIBRATED,READY_ABSOLUTE_MODEL_VALUE,https://build.openmodelica.org/Documentation/ThermoSysPro.WaterSteam.HeatExchangers.DynamicTwoPhaseFlowPipe.html,원시 변수명은 공개 빌드 로그로 확인. 임계값·지연·히스테리시스는 시연용 A-L 가정이며 현장 기준으로 교체 필요.,DCS2,HRSG,P < PRE_EVENT_BASELINE * 0.95,PRE_EVENT_BASELINE_RATIO,0.95,ratio_to_baseline,IP_SuperHeater_1.TwoPhaseFlowPipe.P[2],100,GT_TRIP_RAW_DATA_0.1s_0-40s.csv,0-10,CALIBRATED_MODEL_DIRECT,Direct model quantity and physical unit available
AL-0547,DCS2,HRSG,dcs2.csv,ABB_HRSG_BOP,HRSG,IP HRSG,IP Superheater 1 Cell 2,M-V_CALCULATED,TSP.MV.IP_SUPERHEATER_1.WS.P_2;TSP.MV.IP_SUPERHEATER_1.WS.H_2,IP_SuperHeater_1.TwoPhaseFlowPipe.P[2];IP_SuperHeater_1.TwoPhaseFlowPipe.h[2],"T_ph(P,h)",H,IP Superheater 1 Cell 2 유체온도 고(H),DISABLED_UNTIL_ABSOLUTE_PHYSICAL_SIGNAL_AVAILABLE,ABSOLUTE_VALUE_PENDING,,,HIGH,5,0.01 ratio,3,MEDIUM,노랑,#FFD60A,FALSE,TRUE,TRUE,NONE,FALSE,TRUE,A-L,THERMOSYSPRO_MODEL+ASSUMED_LOGIC,ABSOLUTE_PHYSICAL_VALUE_NOT_AVAILABLE,DISABLED_PENDING_PHYSICAL_OUTPUT,https://build.openmodelica.org/Documentation/ThermoSysPro.WaterSteam.HeatExchangers.DynamicTwoPhaseFlowPipe.html,원시 변수명은 공개 빌드 로그로 확인. 임계값·지연·히스테리시스는 시연용 A-L 가정이며 현장 기준으로 교체 필요.,DCS2,HRSG,"T_ph(P,h) > PRE_EVENT_BASELINE * 1.03",PRE_EVENT_BASELINE_RATIO,1.03,ratio_to_baseline,,,,,DEFERRED_PROPERTY_CALCULATION,P/h property output must be exported and calculated in physical units
AL-0548,DCS2,HRSG,dcs2.csv,ABB_HRSG_BOP,HRSG,IP HRSG,IP Superheater 1 Cell 2,M-V_CALCULATED,TSP.MV.IP_SUPERHEATER_1.WS.P_2;TSP.MV.IP_SUPERHEATER_1.WS.H_2,IP_SuperHeater_1.TwoPhaseFlowPipe.P[2];IP_SuperHeater_1.TwoPhaseFlowPipe.h[2],"T_ph(P,h)",L,IP Superheater 1 Cell 2 유체온도 저(L),DISABLED_UNTIL_ABSOLUTE_PHYSICAL_SIGNAL_AVAILABLE,ABSOLUTE_VALUE_PENDING,,,LOW,5,0.01 ratio,3,MEDIUM,노랑,#FFD60A,FALSE,TRUE,TRUE,NONE,FALSE,TRUE,A-L,THERMOSYSPRO_MODEL+ASSUMED_LOGIC,ABSOLUTE_PHYSICAL_VALUE_NOT_AVAILABLE,DISABLED_PENDING_PHYSICAL_OUTPUT,https://build.openmodelica.org/Documentation/ThermoSysPro.WaterSteam.HeatExchangers.DynamicTwoPhaseFlowPipe.html,원시 변수명은 공개 빌드 로그로 확인. 임계값·지연·히스테리시스는 시연용 A-L 가정이며 현장 기준으로 교체 필요.,DCS2,HRSG,"T_ph(P,h) < PRE_EVENT_BASELINE * 0.97",PRE_EVENT_BASELINE_RATIO,0.97,ratio_to_baseline,,,,,DEFERRED_PROPERTY_CALCULATION,P/h property output must be exported and calculated in physical units
AL-0549,DCS2,HRSG,dcs2.csv,ABB_HRSG_BOP,HRSG,IP HRSG,IP Superheater 1 Cell 3,M-V_DIRECT,TSP.MV.IP_SUPERHEATER_1.WS.P_3,IP_SuperHeater_1.TwoPhaseFlowPipe.P[3],P,H,IP Superheater 1 Cell 3 압력 고(H),IP_SuperHeater_1.TwoPhaseFlowPipe.P[3] > 105 Pa,ABSOLUTE_MODEL_VALUE,105,Pa,HIGH,5,1 Pa,3,MEDIUM,노랑,#FFD60A,FALSE,TRUE,TRUE,NONE,TRUE,TRUE,A-L,VIRTUAL_MODEL_PRETRIP_CALIBRATION,MODEL_SIGNAL_VERIFIED_ABSOLUTE_THRESHOLD_CALIBRATED,READY_ABSOLUTE_MODEL_VALUE,https://build.openmodelica.org/Documentation/ThermoSysPro.WaterSteam.HeatExchangers.DynamicTwoPhaseFlowPipe.html,원시 변수명은 공개 빌드 로그로 확인. 임계값·지연·히스테리시스는 시연용 A-L 가정이며 현장 기준으로 교체 필요.,DCS2,HRSG,P > PRE_EVENT_BASELINE * 1.05,PRE_EVENT_BASELINE_RATIO,1.05,ratio_to_baseline,IP_SuperHeater_1.TwoPhaseFlowPipe.P[3],100,GT_TRIP_RAW_DATA_0.1s_0-40s.csv,0-10,CALIBRATED_MODEL_DIRECT,Direct model quantity and physical unit available
AL-0550,DCS2,HRSG,dcs2.csv,ABB_HRSG_BOP,HRSG,IP HRSG,IP Superheater 1 Cell 3,M-V_DIRECT,TSP.MV.IP_SUPERHEATER_1.WS.P_3,IP_SuperHeater_1.TwoPhaseFlowPipe.P[3],P,L,IP Superheater 1 Cell 3 압력 저(L),IP_SuperHeater_1.TwoPhaseFlowPipe.P[3] < 95 Pa,ABSOLUTE_MODEL_VALUE,95,Pa,LOW,5,1 Pa,3,MEDIUM,노랑,#FFD60A,FALSE,TRUE,TRUE,NONE,TRUE,TRUE,A-L,VIRTUAL_MODEL_PRETRIP_CALIBRATION,MODEL_SIGNAL_VERIFIED_ABSOLUTE_THRESHOLD_CALIBRATED,READY_ABSOLUTE_MODEL_VALUE,https://build.openmodelica.org/Documentation/ThermoSysPro.WaterSteam.HeatExchangers.DynamicTwoPhaseFlowPipe.html,원시 변수명은 공개 빌드 로그로 확인. 임계값·지연·히스테리시스는 시연용 A-L 가정이며 현장 기준으로 교체 필요.,DCS2,HRSG,P < PRE_EVENT_BASELINE * 0.95,PRE_EVENT_BASELINE_RATIO,0.95,ratio_to_baseline,IP_SuperHeater_1.TwoPhaseFlowPipe.P[3],100,GT_TRIP_RAW_DATA_0.1s_0-40s.csv,0-10,CALIBRATED_MODEL_DIRECT,Direct model quantity and physical unit available
AL-0551,DCS2,HRSG,dcs2.csv,ABB_HRSG_BOP,HRSG,IP HRSG,IP Superheater 1 Cell 3,M-V_CALCULATED,TSP.MV.IP_SUPERHEATER_1.WS.P_3;TSP.MV.IP_SUPERHEATER_1.WS.H_3,IP_SuperHeater_1.TwoPhaseFlowPipe.P[3];IP_SuperHeater_1.TwoPhaseFlowPipe.h[3],"T_ph(P,h)",H,IP Superheater 1 Cell 3 유체온도 고(H),DISABLED_UNTIL_ABSOLUTE_PHYSICAL_SIGNAL_AVAILABLE,ABSOLUTE_VALUE_PENDING,,,HIGH,5,0.01 ratio,3,MEDIUM,노랑,#FFD60A,FALSE,TRUE,TRUE,NONE,FALSE,TRUE,A-L,THERMOSYSPRO_MODEL+ASSUMED_LOGIC,ABSOLUTE_PHYSICAL_VALUE_NOT_AVAILABLE,DISABLED_PENDING_PHYSICAL_OUTPUT,https://build.openmodelica.org/Documentation/ThermoSysPro.WaterSteam.HeatExchangers.DynamicTwoPhaseFlowPipe.html,원시 변수명은 공개 빌드 로그로 확인. 임계값·지연·히스테리시스는 시연용 A-L 가정이며 현장 기준으로 교체 필요.,DCS2,HRSG,"T_ph(P,h) > PRE_EVENT_BASELINE * 1.03",PRE_EVENT_BASELINE_RATIO,1.03,ratio_to_baseline,,,,,DEFERRED_PROPERTY_CALCULATION,P/h property output must be exported and calculated in physical units
AL-0552,DCS2,HRSG,dcs2.csv,ABB_HRSG_BOP,HRSG,IP HRSG,IP Superheater 1 Cell 3,M-V_CALCULATED,TSP.MV.IP_SUPERHEATER_1.WS.P_3;TSP.MV.IP_SUPERHEATER_1.WS.H_3,IP_SuperHeater_1.TwoPhaseFlowPipe.P[3];IP_SuperHeater_1.TwoPhaseFlowPipe.h[3],"T_ph(P,h)",L,IP Superheater 1 Cell 3 유체온도 저(L),DISABLED_UNTIL_ABSOLUTE_PHYSICAL_SIGNAL_AVAILABLE,ABSOLUTE_VALUE_PENDING,,,LOW,5,0.01 ratio,3,MEDIUM,노랑,#FFD60A,FALSE,TRUE,TRUE,NONE,FALSE,TRUE,A-L,THERMOSYSPRO_MODEL+ASSUMED_LOGIC,ABSOLUTE_PHYSICAL_VALUE_NOT_AVAILABLE,DISABLED_PENDING_PHYSICAL_OUTPUT,https://build.openmodelica.org/Documentation/ThermoSysPro.WaterSteam.HeatExchangers.DynamicTwoPhaseFlowPipe.html,원시 변수명은 공개 빌드 로그로 확인. 임계값·지연·히스테리시스는 시연용 A-L 가정이며 현장 기준으로 교체 필요.,DCS2,HRSG,"T_ph(P,h) < PRE_EVENT_BASELINE * 0.97",PRE_EVENT_BASELINE_RATIO,0.97,ratio_to_baseline,,,,,DEFERRED_PROPERTY_CALCULATION,P/h property output must be exported and calculated in physical units
AL-0553,DCS2,HRSG,dcs2.csv,ABB_HRSG_BOP,HRSG,IP HRSG,IP Superheater 1 Cell 4,M-V_DIRECT,TSP.MV.IP_SUPERHEATER_1.WS.P_4,IP_SuperHeater_1.TwoPhaseFlowPipe.P[4],P,H,IP Superheater 1 Cell 4 압력 고(H),IP_SuperHeater_1.TwoPhaseFlowPipe.P[4] > 105 Pa,ABSOLUTE_MODEL_VALUE,105,Pa,HIGH,5,1 Pa,3,MEDIUM,노랑,#FFD60A,FALSE,TRUE,TRUE,NONE,TRUE,TRUE,A-L,VIRTUAL_MODEL_PRETRIP_CALIBRATION,MODEL_SIGNAL_VERIFIED_ABSOLUTE_THRESHOLD_CALIBRATED,READY_ABSOLUTE_MODEL_VALUE,https://build.openmodelica.org/Documentation/ThermoSysPro.WaterSteam.HeatExchangers.DynamicTwoPhaseFlowPipe.html,원시 변수명은 공개 빌드 로그로 확인. 임계값·지연·히스테리시스는 시연용 A-L 가정이며 현장 기준으로 교체 필요.,DCS2,HRSG,P > PRE_EVENT_BASELINE * 1.05,PRE_EVENT_BASELINE_RATIO,1.05,ratio_to_baseline,IP_SuperHeater_1.TwoPhaseFlowPipe.P[4],100,GT_TRIP_RAW_DATA_0.1s_0-40s.csv,0-10,CALIBRATED_MODEL_DIRECT,Direct model quantity and physical unit available
AL-0554,DCS2,HRSG,dcs2.csv,ABB_HRSG_BOP,HRSG,IP HRSG,IP Superheater 1 Cell 4,M-V_DIRECT,TSP.MV.IP_SUPERHEATER_1.WS.P_4,IP_SuperHeater_1.TwoPhaseFlowPipe.P[4],P,L,IP Superheater 1 Cell 4 압력 저(L),IP_SuperHeater_1.TwoPhaseFlowPipe.P[4] < 95 Pa,ABSOLUTE_MODEL_VALUE,95,Pa,LOW,5,1 Pa,3,MEDIUM,노랑,#FFD60A,FALSE,TRUE,TRUE,NONE,TRUE,TRUE,A-L,VIRTUAL_MODEL_PRETRIP_CALIBRATION,MODEL_SIGNAL_VERIFIED_ABSOLUTE_THRESHOLD_CALIBRATED,READY_ABSOLUTE_MODEL_VALUE,https://build.openmodelica.org/Documentation/ThermoSysPro.WaterSteam.HeatExchangers.DynamicTwoPhaseFlowPipe.html,원시 변수명은 공개 빌드 로그로 확인. 임계값·지연·히스테리시스는 시연용 A-L 가정이며 현장 기준으로 교체 필요.,DCS2,HRSG,P < PRE_EVENT_BASELINE * 0.95,PRE_EVENT_BASELINE_RATIO,0.95,ratio_to_baseline,IP_SuperHeater_1.TwoPhaseFlowPipe.P[4],100,GT_TRIP_RAW_DATA_0.1s_0-40s.csv,0-10,CALIBRATED_MODEL_DIRECT,Direct model quantity and physical unit available
AL-0555,DCS2,HRSG,dcs2.csv,ABB_HRSG_BOP,HRSG,IP HRSG,IP Superheater 1 Cell 4,M-V_CALCULATED,TSP.MV.IP_SUPERHEATER_1.WS.P_4;TSP.MV.IP_SUPERHEATER_1.WS.H_4,IP_SuperHeater_1.TwoPhaseFlowPipe.P[4];IP_SuperHeater_1.TwoPhaseFlowPipe.h[4],"T_ph(P,h)",H,IP Superheater 1 Cell 4 유체온도 고(H),DISABLED_UNTIL_ABSOLUTE_PHYSICAL_SIGNAL_AVAILABLE,ABSOLUTE_VALUE_PENDING,,,HIGH,5,0.01 ratio,3,MEDIUM,노랑,#FFD60A,FALSE,TRUE,TRUE,NONE,FALSE,TRUE,A-L,THERMOSYSPRO_MODEL+ASSUMED_LOGIC,ABSOLUTE_PHYSICAL_VALUE_NOT_AVAILABLE,DISABLED_PENDING_PHYSICAL_OUTPUT,https://build.openmodelica.org/Documentation/ThermoSysPro.WaterSteam.HeatExchangers.DynamicTwoPhaseFlowPipe.html,원시 변수명은 공개 빌드 로그로 확인. 임계값·지연·히스테리시스는 시연용 A-L 가정이며 현장 기준으로 교체 필요.,DCS2,HRSG,"T_ph(P,h) > PRE_EVENT_BASELINE * 1.03",PRE_EVENT_BASELINE_RATIO,1.03,ratio_to_baseline,,,,,DEFERRED_PROPERTY_CALCULATION,P/h property output must be exported and calculated in physical units
AL-0556,DCS2,HRSG,dcs2.csv,ABB_HRSG_BOP,HRSG,IP HRSG,IP Superheater 1 Cell 4,M-V_CALCULATED,TSP.MV.IP_SUPERHEATER_1.WS.P_4;TSP.MV.IP_SUPERHEATER_1.WS.H_4,IP_SuperHeater_1.TwoPhaseFlowPipe.P[4];IP_SuperHeater_1.TwoPhaseFlowPipe.h[4],"T_ph(P,h)",L,IP Superheater 1 Cell 4 유체온도 저(L),DISABLED_UNTIL_ABSOLUTE_PHYSICAL_SIGNAL_AVAILABLE,ABSOLUTE_VALUE_PENDING,,,LOW,5,0.01 ratio,3,MEDIUM,노랑,#FFD60A,FALSE,TRUE,TRUE,NONE,FALSE,TRUE,A-L,THERMOSYSPRO_MODEL+ASSUMED_LOGIC,ABSOLUTE_PHYSICAL_VALUE_NOT_AVAILABLE,DISABLED_PENDING_PHYSICAL_OUTPUT,https://build.openmodelica.org/Documentation/ThermoSysPro.WaterSteam.HeatExchangers.DynamicTwoPhaseFlowPipe.html,원시 변수명은 공개 빌드 로그로 확인. 임계값·지연·히스테리시스는 시연용 A-L 가정이며 현장 기준으로 교체 필요.,DCS2,HRSG,"T_ph(P,h) < PRE_EVENT_BASELINE * 0.97",PRE_EVENT_BASELINE_RATIO,0.97,ratio_to_baseline,,,,,DEFERRED_PROPERTY_CALCULATION,P/h property output must be exported and calculated in physical units
AL-0557,DCS2,HRSG,dcs2.csv,ABB_HRSG_BOP,HRSG,IP HRSG,IP Superheater 1 Wall 1,M-V_DIRECT,TSP.MV.IP_SUPERHEATER_1.WALL.TP_1,IP_SuperHeater_1.ExchangerWall.Tp[1],Tp,H,IP Superheater 1 Wall 1 벽온도 고(H),IP_SuperHeater_1.ExchangerWall.Tp[1] > 103 K,ABSOLUTE_MODEL_VALUE,103,K,HIGH,10,1 K,3,MEDIUM,노랑,#FFD60A,FALSE,TRUE,TRUE,NONE,TRUE,TRUE,A-L,VIRTUAL_MODEL_PRETRIP_CALIBRATION,MODEL_SIGNAL_VERIFIED_ABSOLUTE_THRESHOLD_CALIBRATED,READY_ABSOLUTE_MODEL_VALUE,https://build.openmodelica.org/Documentation/ThermoSysPro.WaterSteam.HeatExchangers.DynamicTwoPhaseFlowPipe.html,원시 변수명은 공개 빌드 로그로 확인. 임계값·지연·히스테리시스는 시연용 A-L 가정이며 현장 기준으로 교체 필요.,DCS2,HRSG,Tp > PRE_EVENT_BASELINE * 1.03,PRE_EVENT_BASELINE_RATIO,1.03,ratio_to_baseline,IP_SuperHeater_1.ExchangerWall.Tp[1],100,GT_TRIP_RAW_DATA_0.1s_0-40s.csv,0-10,CALIBRATED_MODEL_DIRECT,Direct model quantity and physical unit available
AL-0558,DCS2,HRSG,dcs2.csv,ABB_HRSG_BOP,HRSG,IP HRSG,IP Superheater 1 Wall 2,M-V_DIRECT,TSP.MV.IP_SUPERHEATER_1.WALL.TP_2,IP_SuperHeater_1.ExchangerWall.Tp[2],Tp,H,IP Superheater 1 Wall 2 벽온도 고(H),IP_SuperHeater_1.ExchangerWall.Tp[2] > 103 K,ABSOLUTE_MODEL_VALUE,103,K,HIGH,10,1 K,3,MEDIUM,노랑,#FFD60A,FALSE,TRUE,TRUE,NONE,TRUE,TRUE,A-L,VIRTUAL_MODEL_PRETRIP_CALIBRATION,MODEL_SIGNAL_VERIFIED_ABSOLUTE_THRESHOLD_CALIBRATED,READY_ABSOLUTE_MODEL_VALUE,https://build.openmodelica.org/Documentation/ThermoSysPro.WaterSteam.HeatExchangers.DynamicTwoPhaseFlowPipe.html,원시 변수명은 공개 빌드 로그로 확인. 임계값·지연·히스테리시스는 시연용 A-L 가정이며 현장 기준으로 교체 필요.,DCS2,HRSG,Tp > PRE_EVENT_BASELINE * 1.03,PRE_EVENT_BASELINE_RATIO,1.03,ratio_to_baseline,IP_SuperHeater_1.ExchangerWall.Tp[2],100,GT_TRIP_RAW_DATA_0.1s_0-40s.csv,0-10,CALIBRATED_MODEL_DIRECT,Direct model quantity and physical unit available
AL-0559,DCS2,HRSG,dcs2.csv,ABB_HRSG_BOP,HRSG,IP HRSG,IP Superheater 1 Wall 3,M-V_DIRECT,TSP.MV.IP_SUPERHEATER_1.WALL.TP_3,IP_SuperHeater_1.ExchangerWall.Tp[3],Tp,H,IP Superheater 1 Wall 3 벽온도 고(H),IP_SuperHeater_1.ExchangerWall.Tp[3] > 103 K,ABSOLUTE_MODEL_VALUE,103,K,HIGH,10,1 K,3,MEDIUM,노랑,#FFD60A,FALSE,TRUE,TRUE,NONE,TRUE,TRUE,A-L,VIRTUAL_MODEL_PRETRIP_CALIBRATION,MODEL_SIGNAL_VERIFIED_ABSOLUTE_THRESHOLD_CALIBRATED,READY_ABSOLUTE_MODEL_VALUE,https://build.openmodelica.org/Documentation/ThermoSysPro.WaterSteam.HeatExchangers.DynamicTwoPhaseFlowPipe.html,원시 변수명은 공개 빌드 로그로 확인. 임계값·지연·히스테리시스는 시연용 A-L 가정이며 현장 기준으로 교체 필요.,DCS2,HRSG,Tp > PRE_EVENT_BASELINE * 1.03,PRE_EVENT_BASELINE_RATIO,1.03,ratio_to_baseline,IP_SuperHeater_1.ExchangerWall.Tp[3],100,GT_TRIP_RAW_DATA_0.1s_0-40s.csv,0-10,CALIBRATED_MODEL_DIRECT,Direct model quantity and physical unit available
AL-0560,DCS2,HRSG,dcs2.csv,ABB_HRSG_BOP,HRSG,IP HRSG,IP Superheater 2 Cell 1,M-V_DIRECT,TSP.MV.IP_SUPERHEATER_2.WS.Q_1,IP_SuperHeater_2.TwoPhaseFlowPipe.Q[1],Q,L,IP Superheater 2 Cell 1 유량 저(L),IP_SuperHeater_2.TwoPhaseFlowPipe.Q[1] < 75 kg/s,ABSOLUTE_MODEL_VALUE,75,kg/s,LOW,5,5 kg/s,3,MEDIUM,노랑,#FFD60A,FALSE,TRUE,TRUE,NONE,TRUE,TRUE,A-L,VIRTUAL_MODEL_PRETRIP_CALIBRATION,MODEL_SIGNAL_VERIFIED_ABSOLUTE_THRESHOLD_CALIBRATED,READY_ABSOLUTE_MODEL_VALUE,https://build.openmodelica.org/Documentation/ThermoSysPro.WaterSteam.HeatExchangers.DynamicTwoPhaseFlowPipe.html,원시 변수명은 공개 빌드 로그로 확인. 임계값·지연·히스테리시스는 시연용 A-L 가정이며 현장 기준으로 교체 필요.,DCS2,HRSG,Q < PRE_EVENT_BASELINE * 0.75,PRE_EVENT_BASELINE_RATIO,0.75,ratio_to_baseline,IP_SuperHeater_2.TwoPhaseFlowPipe.Q[1],100,GT_TRIP_RAW_DATA_0.1s_0-40s.csv,0-10,CALIBRATED_MODEL_DIRECT,Direct model quantity and physical unit available
AL-0561,DCS2,HRSG,dcs2.csv,ABB_HRSG_BOP,HRSG,IP HRSG,IP Superheater 2 Cell 2,M-V_DIRECT,TSP.MV.IP_SUPERHEATER_2.WS.P_2,IP_SuperHeater_2.TwoPhaseFlowPipe.P[2],P,H,IP Superheater 2 Cell 2 압력 고(H),IP_SuperHeater_2.TwoPhaseFlowPipe.P[2] > 105 Pa,ABSOLUTE_MODEL_VALUE,105,Pa,HIGH,5,1 Pa,3,MEDIUM,노랑,#FFD60A,FALSE,TRUE,TRUE,NONE,TRUE,TRUE,A-L,VIRTUAL_MODEL_PRETRIP_CALIBRATION,MODEL_SIGNAL_VERIFIED_ABSOLUTE_THRESHOLD_CALIBRATED,READY_ABSOLUTE_MODEL_VALUE,https://build.openmodelica.org/Documentation/ThermoSysPro.WaterSteam.HeatExchangers.DynamicTwoPhaseFlowPipe.html,원시 변수명은 공개 빌드 로그로 확인. 임계값·지연·히스테리시스는 시연용 A-L 가정이며 현장 기준으로 교체 필요.,DCS2,HRSG,P > PRE_EVENT_BASELINE * 1.05,PRE_EVENT_BASELINE_RATIO,1.05,ratio_to_baseline,IP_SuperHeater_2.TwoPhaseFlowPipe.P[2],100,GT_TRIP_RAW_DATA_0.1s_0-40s.csv,0-10,CALIBRATED_MODEL_DIRECT,Direct model quantity and physical unit available
AL-0562,DCS2,HRSG,dcs2.csv,ABB_HRSG_BOP,HRSG,IP HRSG,IP Superheater 2 Cell 2,M-V_DIRECT,TSP.MV.IP_SUPERHEATER_2.WS.P_2,IP_SuperHeater_2.TwoPhaseFlowPipe.P[2],P,L,IP Superheater 2 Cell 2 압력 저(L),IP_SuperHeater_2.TwoPhaseFlowPipe.P[2] < 95 Pa,ABSOLUTE_MODEL_VALUE,95,Pa,LOW,5,1 Pa,3,MEDIUM,노랑,#FFD60A,FALSE,TRUE,TRUE,NONE,TRUE,TRUE,A-L,VIRTUAL_MODEL_PRETRIP_CALIBRATION,MODEL_SIGNAL_VERIFIED_ABSOLUTE_THRESHOLD_CALIBRATED,READY_ABSOLUTE_MODEL_VALUE,https://build.openmodelica.org/Documentation/ThermoSysPro.WaterSteam.HeatExchangers.DynamicTwoPhaseFlowPipe.html,원시 변수명은 공개 빌드 로그로 확인. 임계값·지연·히스테리시스는 시연용 A-L 가정이며 현장 기준으로 교체 필요.,DCS2,HRSG,P < PRE_EVENT_BASELINE * 0.95,PRE_EVENT_BASELINE_RATIO,0.95,ratio_to_baseline,IP_SuperHeater_2.TwoPhaseFlowPipe.P[2],100,GT_TRIP_RAW_DATA_0.1s_0-40s.csv,0-10,CALIBRATED_MODEL_DIRECT,Direct model quantity and physical unit available
AL-0563,DCS2,HRSG,dcs2.csv,ABB_HRSG_BOP,HRSG,IP HRSG,IP Superheater 2 Cell 2,M-V_DIRECT,TSP.MV.IP_SUPERHEATER_2.WS.Q_2,IP_SuperHeater_2.TwoPhaseFlowPipe.Q[2],Q,L,IP Superheater 2 Cell 2 유량 저(L),IP_SuperHeater_2.TwoPhaseFlowPipe.Q[2] < 75 kg/s,ABSOLUTE_MODEL_VALUE,75,kg/s,LOW,5,5 kg/s,3,MEDIUM,노랑,#FFD60A,FALSE,TRUE,TRUE,NONE,TRUE,TRUE,A-L,VIRTUAL_MODEL_PRETRIP_CALIBRATION,MODEL_SIGNAL_VERIFIED_ABSOLUTE_THRESHOLD_CALIBRATED,READY_ABSOLUTE_MODEL_VALUE,https://build.openmodelica.org/Documentation/ThermoSysPro.WaterSteam.HeatExchangers.DynamicTwoPhaseFlowPipe.html,원시 변수명은 공개 빌드 로그로 확인. 임계값·지연·히스테리시스는 시연용 A-L 가정이며 현장 기준으로 교체 필요.,DCS2,HRSG,Q < PRE_EVENT_BASELINE * 0.75,PRE_EVENT_BASELINE_RATIO,0.75,ratio_to_baseline,IP_SuperHeater_2.TwoPhaseFlowPipe.Q[2],100,GT_TRIP_RAW_DATA_0.1s_0-40s.csv,0-10,CALIBRATED_MODEL_DIRECT,Direct model quantity and physical unit available
AL-0564,DCS2,HRSG,dcs2.csv,ABB_HRSG_BOP,HRSG,IP HRSG,IP Superheater 2 Cell 2,M-V_CALCULATED,TSP.MV.IP_SUPERHEATER_2.WS.P_2;TSP.MV.IP_SUPERHEATER_2.WS.H_2,IP_SuperHeater_2.TwoPhaseFlowPipe.P[2];IP_SuperHeater_2.TwoPhaseFlowPipe.h[2],"T_ph(P,h)",H,IP Superheater 2 Cell 2 유체온도 고(H),DISABLED_UNTIL_ABSOLUTE_PHYSICAL_SIGNAL_AVAILABLE,ABSOLUTE_VALUE_PENDING,,,HIGH,5,0.01 ratio,3,MEDIUM,노랑,#FFD60A,FALSE,TRUE,TRUE,NONE,FALSE,TRUE,A-L,THERMOSYSPRO_MODEL+ASSUMED_LOGIC,ABSOLUTE_PHYSICAL_VALUE_NOT_AVAILABLE,DISABLED_PENDING_PHYSICAL_OUTPUT,https://build.openmodelica.org/Documentation/ThermoSysPro.WaterSteam.HeatExchangers.DynamicTwoPhaseFlowPipe.html,원시 변수명은 공개 빌드 로그로 확인. 임계값·지연·히스테리시스는 시연용 A-L 가정이며 현장 기준으로 교체 필요.,DCS2,HRSG,"T_ph(P,h) > PRE_EVENT_BASELINE * 1.03",PRE_EVENT_BASELINE_RATIO,1.03,ratio_to_baseline,,,,,DEFERRED_PROPERTY_CALCULATION,P/h property output must be exported and calculated in physical units
AL-0565,DCS2,HRSG,dcs2.csv,ABB_HRSG_BOP,HRSG,IP HRSG,IP Superheater 2 Cell 2,M-V_CALCULATED,TSP.MV.IP_SUPERHEATER_2.WS.P_2;TSP.MV.IP_SUPERHEATER_2.WS.H_2,IP_SuperHeater_2.TwoPhaseFlowPipe.P[2];IP_SuperHeater_2.TwoPhaseFlowPipe.h[2],"T_ph(P,h)",L,IP Superheater 2 Cell 2 유체온도 저(L),DISABLED_UNTIL_ABSOLUTE_PHYSICAL_SIGNAL_AVAILABLE,ABSOLUTE_VALUE_PENDING,,,LOW,5,0.01 ratio,3,MEDIUM,노랑,#FFD60A,FALSE,TRUE,TRUE,NONE,FALSE,TRUE,A-L,THERMOSYSPRO_MODEL+ASSUMED_LOGIC,ABSOLUTE_PHYSICAL_VALUE_NOT_AVAILABLE,DISABLED_PENDING_PHYSICAL_OUTPUT,https://build.openmodelica.org/Documentation/ThermoSysPro.WaterSteam.HeatExchangers.DynamicTwoPhaseFlowPipe.html,원시 변수명은 공개 빌드 로그로 확인. 임계값·지연·히스테리시스는 시연용 A-L 가정이며 현장 기준으로 교체 필요.,DCS2,HRSG,"T_ph(P,h) < PRE_EVENT_BASELINE * 0.97",PRE_EVENT_BASELINE_RATIO,0.97,ratio_to_baseline,,,,,DEFERRED_PROPERTY_CALCULATION,P/h property output must be exported and calculated in physical units
AL-0566,DCS2,HRSG,dcs2.csv,ABB_HRSG_BOP,HRSG,IP HRSG,IP Superheater 2 Cell 3,M-V_DIRECT,TSP.MV.IP_SUPERHEATER_2.WS.P_3,IP_SuperHeater_2.TwoPhaseFlowPipe.P[3],P,H,IP Superheater 2 Cell 3 압력 고(H),IP_SuperHeater_2.TwoPhaseFlowPipe.P[3] > 105 Pa,ABSOLUTE_MODEL_VALUE,105,Pa,HIGH,5,1 Pa,3,MEDIUM,노랑,#FFD60A,FALSE,TRUE,TRUE,NONE,TRUE,TRUE,A-L,VIRTUAL_MODEL_PRETRIP_CALIBRATION,MODEL_SIGNAL_VERIFIED_ABSOLUTE_THRESHOLD_CALIBRATED,READY_ABSOLUTE_MODEL_VALUE,https://build.openmodelica.org/Documentation/ThermoSysPro.WaterSteam.HeatExchangers.DynamicTwoPhaseFlowPipe.html,원시 변수명은 공개 빌드 로그로 확인. 임계값·지연·히스테리시스는 시연용 A-L 가정이며 현장 기준으로 교체 필요.,DCS2,HRSG,P > PRE_EVENT_BASELINE * 1.05,PRE_EVENT_BASELINE_RATIO,1.05,ratio_to_baseline,IP_SuperHeater_2.TwoPhaseFlowPipe.P[3],100,GT_TRIP_RAW_DATA_0.1s_0-40s.csv,0-10,CALIBRATED_MODEL_DIRECT,Direct model quantity and physical unit available
AL-0567,DCS2,HRSG,dcs2.csv,ABB_HRSG_BOP,HRSG,IP HRSG,IP Superheater 2 Cell 3,M-V_DIRECT,TSP.MV.IP_SUPERHEATER_2.WS.P_3,IP_SuperHeater_2.TwoPhaseFlowPipe.P[3],P,L,IP Superheater 2 Cell 3 압력 저(L),IP_SuperHeater_2.TwoPhaseFlowPipe.P[3] < 95 Pa,ABSOLUTE_MODEL_VALUE,95,Pa,LOW,5,1 Pa,3,MEDIUM,노랑,#FFD60A,FALSE,TRUE,TRUE,NONE,TRUE,TRUE,A-L,VIRTUAL_MODEL_PRETRIP_CALIBRATION,MODEL_SIGNAL_VERIFIED_ABSOLUTE_THRESHOLD_CALIBRATED,READY_ABSOLUTE_MODEL_VALUE,https://build.openmodelica.org/Documentation/ThermoSysPro.WaterSteam.HeatExchangers.DynamicTwoPhaseFlowPipe.html,원시 변수명은 공개 빌드 로그로 확인. 임계값·지연·히스테리시스는 시연용 A-L 가정이며 현장 기준으로 교체 필요.,DCS2,HRSG,P < PRE_EVENT_BASELINE * 0.95,PRE_EVENT_BASELINE_RATIO,0.95,ratio_to_baseline,IP_SuperHeater_2.TwoPhaseFlowPipe.P[3],100,GT_TRIP_RAW_DATA_0.1s_0-40s.csv,0-10,CALIBRATED_MODEL_DIRECT,Direct model quantity and physical unit available
AL-0568,DCS2,HRSG,dcs2.csv,ABB_HRSG_BOP,HRSG,IP HRSG,IP Superheater 2 Cell 3,M-V_DIRECT,TSP.MV.IP_SUPERHEATER_2.WS.Q_3,IP_SuperHeater_2.TwoPhaseFlowPipe.Q[3],Q,L,IP Superheater 2 Cell 3 유량 저(L),IP_SuperHeater_2.TwoPhaseFlowPipe.Q[3] < 75 kg/s,ABSOLUTE_MODEL_VALUE,75,kg/s,LOW,5,5 kg/s,3,MEDIUM,노랑,#FFD60A,FALSE,TRUE,TRUE,NONE,TRUE,TRUE,A-L,VIRTUAL_MODEL_PRETRIP_CALIBRATION,MODEL_SIGNAL_VERIFIED_ABSOLUTE_THRESHOLD_CALIBRATED,READY_ABSOLUTE_MODEL_VALUE,https://build.openmodelica.org/Documentation/ThermoSysPro.WaterSteam.HeatExchangers.DynamicTwoPhaseFlowPipe.html,원시 변수명은 공개 빌드 로그로 확인. 임계값·지연·히스테리시스는 시연용 A-L 가정이며 현장 기준으로 교체 필요.,DCS2,HRSG,Q < PRE_EVENT_BASELINE * 0.75,PRE_EVENT_BASELINE_RATIO,0.75,ratio_to_baseline,IP_SuperHeater_2.TwoPhaseFlowPipe.Q[3],100,GT_TRIP_RAW_DATA_0.1s_0-40s.csv,0-10,CALIBRATED_MODEL_DIRECT,Direct model quantity and physical unit available
AL-0569,DCS2,HRSG,dcs2.csv,ABB_HRSG_BOP,HRSG,IP HRSG,IP Superheater 2 Cell 3,M-V_CALCULATED,TSP.MV.IP_SUPERHEATER_2.WS.P_3;TSP.MV.IP_SUPERHEATER_2.WS.H_3,IP_SuperHeater_2.TwoPhaseFlowPipe.P[3];IP_SuperHeater_2.TwoPhaseFlowPipe.h[3],"T_ph(P,h)",H,IP Superheater 2 Cell 3 유체온도 고(H),DISABLED_UNTIL_ABSOLUTE_PHYSICAL_SIGNAL_AVAILABLE,ABSOLUTE_VALUE_PENDING,,,HIGH,5,0.01 ratio,3,MEDIUM,노랑,#FFD60A,FALSE,TRUE,TRUE,NONE,FALSE,TRUE,A-L,THERMOSYSPRO_MODEL+ASSUMED_LOGIC,ABSOLUTE_PHYSICAL_VALUE_NOT_AVAILABLE,DISABLED_PENDING_PHYSICAL_OUTPUT,https://build.openmodelica.org/Documentation/ThermoSysPro.WaterSteam.HeatExchangers.DynamicTwoPhaseFlowPipe.html,원시 변수명은 공개 빌드 로그로 확인. 임계값·지연·히스테리시스는 시연용 A-L 가정이며 현장 기준으로 교체 필요.,DCS2,HRSG,"T_ph(P,h) > PRE_EVENT_BASELINE * 1.03",PRE_EVENT_BASELINE_RATIO,1.03,ratio_to_baseline,,,,,DEFERRED_PROPERTY_CALCULATION,P/h property output must be exported and calculated in physical units
AL-0570,DCS2,HRSG,dcs2.csv,ABB_HRSG_BOP,HRSG,IP HRSG,IP Superheater 2 Cell 3,M-V_CALCULATED,TSP.MV.IP_SUPERHEATER_2.WS.P_3;TSP.MV.IP_SUPERHEATER_2.WS.H_3,IP_SuperHeater_2.TwoPhaseFlowPipe.P[3];IP_SuperHeater_2.TwoPhaseFlowPipe.h[3],"T_ph(P,h)",L,IP Superheater 2 Cell 3 유체온도 저(L),DISABLED_UNTIL_ABSOLUTE_PHYSICAL_SIGNAL_AVAILABLE,ABSOLUTE_VALUE_PENDING,,,LOW,5,0.01 ratio,3,MEDIUM,노랑,#FFD60A,FALSE,TRUE,TRUE,NONE,FALSE,TRUE,A-L,THERMOSYSPRO_MODEL+ASSUMED_LOGIC,ABSOLUTE_PHYSICAL_VALUE_NOT_AVAILABLE,DISABLED_PENDING_PHYSICAL_OUTPUT,https://build.openmodelica.org/Documentation/ThermoSysPro.WaterSteam.HeatExchangers.DynamicTwoPhaseFlowPipe.html,원시 변수명은 공개 빌드 로그로 확인. 임계값·지연·히스테리시스는 시연용 A-L 가정이며 현장 기준으로 교체 필요.,DCS2,HRSG,"T_ph(P,h) < PRE_EVENT_BASELINE * 0.97",PRE_EVENT_BASELINE_RATIO,0.97,ratio_to_baseline,,,,,DEFERRED_PROPERTY_CALCULATION,P/h property output must be exported and calculated in physical units
AL-0571,DCS2,HRSG,dcs2.csv,ABB_HRSG_BOP,HRSG,IP HRSG,IP Superheater 2 Cell 4,M-V_DIRECT,TSP.MV.IP_SUPERHEATER_2.WS.P_4,IP_SuperHeater_2.TwoPhaseFlowPipe.P[4],P,H,IP Superheater 2 Cell 4 압력 고(H),IP_SuperHeater_2.TwoPhaseFlowPipe.P[4] > 105 Pa,ABSOLUTE_MODEL_VALUE,105,Pa,HIGH,5,1 Pa,3,MEDIUM,노랑,#FFD60A,FALSE,TRUE,TRUE,NONE,TRUE,TRUE,A-L,VIRTUAL_MODEL_PRETRIP_CALIBRATION,MODEL_SIGNAL_VERIFIED_ABSOLUTE_THRESHOLD_CALIBRATED,READY_ABSOLUTE_MODEL_VALUE,https://build.openmodelica.org/Documentation/ThermoSysPro.WaterSteam.HeatExchangers.DynamicTwoPhaseFlowPipe.html,원시 변수명은 공개 빌드 로그로 확인. 임계값·지연·히스테리시스는 시연용 A-L 가정이며 현장 기준으로 교체 필요.,DCS2,HRSG,P > PRE_EVENT_BASELINE * 1.05,PRE_EVENT_BASELINE_RATIO,1.05,ratio_to_baseline,IP_SuperHeater_2.TwoPhaseFlowPipe.P[4],100,GT_TRIP_RAW_DATA_0.1s_0-40s.csv,0-10,CALIBRATED_MODEL_DIRECT,Direct model quantity and physical unit available
AL-0572,DCS2,HRSG,dcs2.csv,ABB_HRSG_BOP,HRSG,IP HRSG,IP Superheater 2 Cell 4,M-V_DIRECT,TSP.MV.IP_SUPERHEATER_2.WS.P_4,IP_SuperHeater_2.TwoPhaseFlowPipe.P[4],P,L,IP Superheater 2 Cell 4 압력 저(L),IP_SuperHeater_2.TwoPhaseFlowPipe.P[4] < 95 Pa,ABSOLUTE_MODEL_VALUE,95,Pa,LOW,5,1 Pa,3,MEDIUM,노랑,#FFD60A,FALSE,TRUE,TRUE,NONE,TRUE,TRUE,A-L,VIRTUAL_MODEL_PRETRIP_CALIBRATION,MODEL_SIGNAL_VERIFIED_ABSOLUTE_THRESHOLD_CALIBRATED,READY_ABSOLUTE_MODEL_VALUE,https://build.openmodelica.org/Documentation/ThermoSysPro.WaterSteam.HeatExchangers.DynamicTwoPhaseFlowPipe.html,원시 변수명은 공개 빌드 로그로 확인. 임계값·지연·히스테리시스는 시연용 A-L 가정이며 현장 기준으로 교체 필요.,DCS2,HRSG,P < PRE_EVENT_BASELINE * 0.95,PRE_EVENT_BASELINE_RATIO,0.95,ratio_to_baseline,IP_SuperHeater_2.TwoPhaseFlowPipe.P[4],100,GT_TRIP_RAW_DATA_0.1s_0-40s.csv,0-10,CALIBRATED_MODEL_DIRECT,Direct model quantity and physical unit available
AL-0573,DCS2,HRSG,dcs2.csv,ABB_HRSG_BOP,HRSG,IP HRSG,IP Superheater 2 Cell 4,M-V_DIRECT,TSP.MV.IP_SUPERHEATER_2.WS.Q_4,IP_SuperHeater_2.TwoPhaseFlowPipe.Q[4],Q,L,IP Superheater 2 Cell 4 유량 저(L),IP_SuperHeater_2.TwoPhaseFlowPipe.Q[4] < 75 kg/s,ABSOLUTE_MODEL_VALUE,75,kg/s,LOW,5,5 kg/s,3,MEDIUM,노랑,#FFD60A,FALSE,TRUE,TRUE,NONE,TRUE,TRUE,A-L,VIRTUAL_MODEL_PRETRIP_CALIBRATION,MODEL_SIGNAL_VERIFIED_ABSOLUTE_THRESHOLD_CALIBRATED,READY_ABSOLUTE_MODEL_VALUE,https://build.openmodelica.org/Documentation/ThermoSysPro.WaterSteam.HeatExchangers.DynamicTwoPhaseFlowPipe.html,원시 변수명은 공개 빌드 로그로 확인. 임계값·지연·히스테리시스는 시연용 A-L 가정이며 현장 기준으로 교체 필요.,DCS2,HRSG,Q < PRE_EVENT_BASELINE * 0.75,PRE_EVENT_BASELINE_RATIO,0.75,ratio_to_baseline,IP_SuperHeater_2.TwoPhaseFlowPipe.Q[4],100,GT_TRIP_RAW_DATA_0.1s_0-40s.csv,0-10,CALIBRATED_MODEL_DIRECT,Direct model quantity and physical unit available
AL-0574,DCS2,HRSG,dcs2.csv,ABB_HRSG_BOP,HRSG,IP HRSG,IP Superheater 2 Cell 4,M-V_CALCULATED,TSP.MV.IP_SUPERHEATER_2.WS.P_4;TSP.MV.IP_SUPERHEATER_2.WS.H_4,IP_SuperHeater_2.TwoPhaseFlowPipe.P[4];IP_SuperHeater_2.TwoPhaseFlowPipe.h[4],"T_ph(P,h)",H,IP Superheater 2 Cell 4 유체온도 고(H),DISABLED_UNTIL_ABSOLUTE_PHYSICAL_SIGNAL_AVAILABLE,ABSOLUTE_VALUE_PENDING,,,HIGH,5,0.01 ratio,3,MEDIUM,노랑,#FFD60A,FALSE,TRUE,TRUE,NONE,FALSE,TRUE,A-L,THERMOSYSPRO_MODEL+ASSUMED_LOGIC,ABSOLUTE_PHYSICAL_VALUE_NOT_AVAILABLE,DISABLED_PENDING_PHYSICAL_OUTPUT,https://build.openmodelica.org/Documentation/ThermoSysPro.WaterSteam.HeatExchangers.DynamicTwoPhaseFlowPipe.html,원시 변수명은 공개 빌드 로그로 확인. 임계값·지연·히스테리시스는 시연용 A-L 가정이며 현장 기준으로 교체 필요.,DCS2,HRSG,"T_ph(P,h) > PRE_EVENT_BASELINE * 1.03",PRE_EVENT_BASELINE_RATIO,1.03,ratio_to_baseline,,,,,DEFERRED_PROPERTY_CALCULATION,P/h property output must be exported and calculated in physical units
AL-0575,DCS2,HRSG,dcs2.csv,ABB_HRSG_BOP,HRSG,IP HRSG,IP Superheater 2 Cell 4,M-V_CALCULATED,TSP.MV.IP_SUPERHEATER_2.WS.P_4;TSP.MV.IP_SUPERHEATER_2.WS.H_4,IP_SuperHeater_2.TwoPhaseFlowPipe.P[4];IP_SuperHeater_2.TwoPhaseFlowPipe.h[4],"T_ph(P,h)",L,IP Superheater 2 Cell 4 유체온도 저(L),DISABLED_UNTIL_ABSOLUTE_PHYSICAL_SIGNAL_AVAILABLE,ABSOLUTE_VALUE_PENDING,,,LOW,5,0.01 ratio,3,MEDIUM,노랑,#FFD60A,FALSE,TRUE,TRUE,NONE,FALSE,TRUE,A-L,THERMOSYSPRO_MODEL+ASSUMED_LOGIC,ABSOLUTE_PHYSICAL_VALUE_NOT_AVAILABLE,DISABLED_PENDING_PHYSICAL_OUTPUT,https://build.openmodelica.org/Documentation/ThermoSysPro.WaterSteam.HeatExchangers.DynamicTwoPhaseFlowPipe.html,원시 변수명은 공개 빌드 로그로 확인. 임계값·지연·히스테리시스는 시연용 A-L 가정이며 현장 기준으로 교체 필요.,DCS2,HRSG,"T_ph(P,h) < PRE_EVENT_BASELINE * 0.97",PRE_EVENT_BASELINE_RATIO,0.97,ratio_to_baseline,,,,,DEFERRED_PROPERTY_CALCULATION,P/h property output must be exported and calculated in physical units
AL-0576,DCS2,HRSG,dcs2.csv,ABB_HRSG_BOP,HRSG,IP HRSG,IP Superheater 2 Wall 1,M-V_DIRECT,TSP.MV.IP_SUPERHEATER_2.WALL.TP_1,IP_SuperHeater_2.ExchangerWall.Tp[1],Tp,H,IP Superheater 2 Wall 1 벽온도 고(H),IP_SuperHeater_2.ExchangerWall.Tp[1] > 103 K,ABSOLUTE_MODEL_VALUE,103,K,HIGH,10,1 K,3,MEDIUM,노랑,#FFD60A,FALSE,TRUE,TRUE,NONE,TRUE,TRUE,A-L,VIRTUAL_MODEL_PRETRIP_CALIBRATION,MODEL_SIGNAL_VERIFIED_ABSOLUTE_THRESHOLD_CALIBRATED,READY_ABSOLUTE_MODEL_VALUE,https://build.openmodelica.org/Documentation/ThermoSysPro.WaterSteam.HeatExchangers.DynamicTwoPhaseFlowPipe.html,원시 변수명은 공개 빌드 로그로 확인. 임계값·지연·히스테리시스는 시연용 A-L 가정이며 현장 기준으로 교체 필요.,DCS2,HRSG,Tp > PRE_EVENT_BASELINE * 1.03,PRE_EVENT_BASELINE_RATIO,1.03,ratio_to_baseline,IP_SuperHeater_2.ExchangerWall.Tp[1],100,GT_TRIP_RAW_DATA_0.1s_0-40s.csv,0-10,CALIBRATED_MODEL_DIRECT,Direct model quantity and physical unit available
AL-0577,DCS2,HRSG,dcs2.csv,ABB_HRSG_BOP,HRSG,IP HRSG,IP Superheater 2 Wall 2,M-V_DIRECT,TSP.MV.IP_SUPERHEATER_2.WALL.TP_2,IP_SuperHeater_2.ExchangerWall.Tp[2],Tp,H,IP Superheater 2 Wall 2 벽온도 고(H),IP_SuperHeater_2.ExchangerWall.Tp[2] > 103 K,ABSOLUTE_MODEL_VALUE,103,K,HIGH,10,1 K,3,MEDIUM,노랑,#FFD60A,FALSE,TRUE,TRUE,NONE,TRUE,TRUE,A-L,VIRTUAL_MODEL_PRETRIP_CALIBRATION,MODEL_SIGNAL_VERIFIED_ABSOLUTE_THRESHOLD_CALIBRATED,READY_ABSOLUTE_MODEL_VALUE,https://build.openmodelica.org/Documentation/ThermoSysPro.WaterSteam.HeatExchangers.DynamicTwoPhaseFlowPipe.html,원시 변수명은 공개 빌드 로그로 확인. 임계값·지연·히스테리시스는 시연용 A-L 가정이며 현장 기준으로 교체 필요.,DCS2,HRSG,Tp > PRE_EVENT_BASELINE * 1.03,PRE_EVENT_BASELINE_RATIO,1.03,ratio_to_baseline,IP_SuperHeater_2.ExchangerWall.Tp[2],100,GT_TRIP_RAW_DATA_0.1s_0-40s.csv,0-10,CALIBRATED_MODEL_DIRECT,Direct model quantity and physical unit available
AL-0578,DCS2,HRSG,dcs2.csv,ABB_HRSG_BOP,HRSG,IP HRSG,IP Superheater 2 Wall 3,M-V_DIRECT,TSP.MV.IP_SUPERHEATER_2.WALL.TP_3,IP_SuperHeater_2.ExchangerWall.Tp[3],Tp,H,IP Superheater 2 Wall 3 벽온도 고(H),IP_SuperHeater_2.ExchangerWall.Tp[3] > 103 K,ABSOLUTE_MODEL_VALUE,103,K,HIGH,10,1 K,3,MEDIUM,노랑,#FFD60A,FALSE,TRUE,TRUE,NONE,TRUE,TRUE,A-L,VIRTUAL_MODEL_PRETRIP_CALIBRATION,MODEL_SIGNAL_VERIFIED_ABSOLUTE_THRESHOLD_CALIBRATED,READY_ABSOLUTE_MODEL_VALUE,https://build.openmodelica.org/Documentation/ThermoSysPro.WaterSteam.HeatExchangers.DynamicTwoPhaseFlowPipe.html,원시 변수명은 공개 빌드 로그로 확인. 임계값·지연·히스테리시스는 시연용 A-L 가정이며 현장 기준으로 교체 필요.,DCS2,HRSG,Tp > PRE_EVENT_BASELINE * 1.03,PRE_EVENT_BASELINE_RATIO,1.03,ratio_to_baseline,IP_SuperHeater_2.ExchangerWall.Tp[3],100,GT_TRIP_RAW_DATA_0.1s_0-40s.csv,0-10,CALIBRATED_MODEL_DIRECT,Direct model quantity and physical unit available
AL-0579,DCS2,HRSG,dcs2.csv,ABB_HRSG_BOP,HRSG,IP HRSG,IP Superheater 3 Cell 2,M-V_DIRECT,TSP.MV.IP_SUPERHEATER_3.WS.P_2,IP_SuperHeater_3.TwoPhaseFlowPipe.P[2],P,H,IP Superheater 3 Cell 2 압력 고(H),IP_SuperHeater_3.TwoPhaseFlowPipe.P[2] > 105 Pa,ABSOLUTE_MODEL_VALUE,105,Pa,HIGH,5,1 Pa,3,MEDIUM,노랑,#FFD60A,FALSE,TRUE,TRUE,NONE,TRUE,TRUE,A-L,VIRTUAL_MODEL_PRETRIP_CALIBRATION,MODEL_SIGNAL_VERIFIED_ABSOLUTE_THRESHOLD_CALIBRATED,READY_ABSOLUTE_MODEL_VALUE,https://build.openmodelica.org/Documentation/ThermoSysPro.WaterSteam.HeatExchangers.DynamicTwoPhaseFlowPipe.html,원시 변수명은 공개 빌드 로그로 확인. 임계값·지연·히스테리시스는 시연용 A-L 가정이며 현장 기준으로 교체 필요.,DCS2,HRSG,P > PRE_EVENT_BASELINE * 1.05,PRE_EVENT_BASELINE_RATIO,1.05,ratio_to_baseline,IP_SuperHeater_3.TwoPhaseFlowPipe.P[2],100,GT_TRIP_RAW_DATA_0.1s_0-40s.csv,0-10,CALIBRATED_MODEL_DIRECT,Direct model quantity and physical unit available
AL-0580,DCS2,HRSG,dcs2.csv,ABB_HRSG_BOP,HRSG,IP HRSG,IP Superheater 3 Cell 2,M-V_DIRECT,TSP.MV.IP_SUPERHEATER_3.WS.P_2,IP_SuperHeater_3.TwoPhaseFlowPipe.P[2],P,L,IP Superheater 3 Cell 2 압력 저(L),IP_SuperHeater_3.TwoPhaseFlowPipe.P[2] < 95 Pa,ABSOLUTE_MODEL_VALUE,95,Pa,LOW,5,1 Pa,3,MEDIUM,노랑,#FFD60A,FALSE,TRUE,TRUE,NONE,TRUE,TRUE,A-L,VIRTUAL_MODEL_PRETRIP_CALIBRATION,MODEL_SIGNAL_VERIFIED_ABSOLUTE_THRESHOLD_CALIBRATED,READY_ABSOLUTE_MODEL_VALUE,https://build.openmodelica.org/Documentation/ThermoSysPro.WaterSteam.HeatExchangers.DynamicTwoPhaseFlowPipe.html,원시 변수명은 공개 빌드 로그로 확인. 임계값·지연·히스테리시스는 시연용 A-L 가정이며 현장 기준으로 교체 필요.,DCS2,HRSG,P < PRE_EVENT_BASELINE * 0.95,PRE_EVENT_BASELINE_RATIO,0.95,ratio_to_baseline,IP_SuperHeater_3.TwoPhaseFlowPipe.P[2],100,GT_TRIP_RAW_DATA_0.1s_0-40s.csv,0-10,CALIBRATED_MODEL_DIRECT,Direct model quantity and physical unit available
AL-0581,DCS2,HRSG,dcs2.csv,ABB_HRSG_BOP,HRSG,IP HRSG,IP Superheater 3 Cell 2,M-V_DIRECT,TSP.MV.IP_SUPERHEATER_3.WS.Q_2,IP_SuperHeater_3.TwoPhaseFlowPipe.Q[2],Q,L,IP Superheater 3 Cell 2 유량 저(L),IP_SuperHeater_3.TwoPhaseFlowPipe.Q[2] < 75 kg/s,ABSOLUTE_MODEL_VALUE,75,kg/s,LOW,5,5 kg/s,3,MEDIUM,노랑,#FFD60A,FALSE,TRUE,TRUE,NONE,TRUE,TRUE,A-L,VIRTUAL_MODEL_PRETRIP_CALIBRATION,MODEL_SIGNAL_VERIFIED_ABSOLUTE_THRESHOLD_CALIBRATED,READY_ABSOLUTE_MODEL_VALUE,https://build.openmodelica.org/Documentation/ThermoSysPro.WaterSteam.HeatExchangers.DynamicTwoPhaseFlowPipe.html,원시 변수명은 공개 빌드 로그로 확인. 임계값·지연·히스테리시스는 시연용 A-L 가정이며 현장 기준으로 교체 필요.,DCS2,HRSG,Q < PRE_EVENT_BASELINE * 0.75,PRE_EVENT_BASELINE_RATIO,0.75,ratio_to_baseline,IP_SuperHeater_3.TwoPhaseFlowPipe.Q[2],100,GT_TRIP_RAW_DATA_0.1s_0-40s.csv,0-10,CALIBRATED_MODEL_DIRECT,Direct model quantity and physical unit available
AL-0582,DCS2,HRSG,dcs2.csv,ABB_HRSG_BOP,HRSG,IP HRSG,IP Superheater 3 Cell 2,M-V_CALCULATED,TSP.MV.IP_SUPERHEATER_3.WS.P_2;TSP.MV.IP_SUPERHEATER_3.WS.H_2,IP_SuperHeater_3.TwoPhaseFlowPipe.P[2];IP_SuperHeater_3.TwoPhaseFlowPipe.h[2],"T_ph(P,h)",H,IP Superheater 3 Cell 2 유체온도 고(H),DISABLED_UNTIL_ABSOLUTE_PHYSICAL_SIGNAL_AVAILABLE,ABSOLUTE_VALUE_PENDING,,,HIGH,5,0.01 ratio,3,MEDIUM,노랑,#FFD60A,FALSE,TRUE,TRUE,NONE,FALSE,TRUE,A-L,THERMOSYSPRO_MODEL+ASSUMED_LOGIC,ABSOLUTE_PHYSICAL_VALUE_NOT_AVAILABLE,DISABLED_PENDING_PHYSICAL_OUTPUT,https://build.openmodelica.org/Documentation/ThermoSysPro.WaterSteam.HeatExchangers.DynamicTwoPhaseFlowPipe.html,원시 변수명은 공개 빌드 로그로 확인. 임계값·지연·히스테리시스는 시연용 A-L 가정이며 현장 기준으로 교체 필요.,DCS2,HRSG,"T_ph(P,h) > PRE_EVENT_BASELINE * 1.03",PRE_EVENT_BASELINE_RATIO,1.03,ratio_to_baseline,,,,,DEFERRED_PROPERTY_CALCULATION,P/h property output must be exported and calculated in physical units
AL-0583,DCS2,HRSG,dcs2.csv,ABB_HRSG_BOP,HRSG,IP HRSG,IP Superheater 3 Cell 2,M-V_CALCULATED,TSP.MV.IP_SUPERHEATER_3.WS.P_2;TSP.MV.IP_SUPERHEATER_3.WS.H_2,IP_SuperHeater_3.TwoPhaseFlowPipe.P[2];IP_SuperHeater_3.TwoPhaseFlowPipe.h[2],"T_ph(P,h)",L,IP Superheater 3 Cell 2 유체온도 저(L),DISABLED_UNTIL_ABSOLUTE_PHYSICAL_SIGNAL_AVAILABLE,ABSOLUTE_VALUE_PENDING,,,LOW,5,0.01 ratio,3,MEDIUM,노랑,#FFD60A,FALSE,TRUE,TRUE,NONE,FALSE,TRUE,A-L,THERMOSYSPRO_MODEL+ASSUMED_LOGIC,ABSOLUTE_PHYSICAL_VALUE_NOT_AVAILABLE,DISABLED_PENDING_PHYSICAL_OUTPUT,https://build.openmodelica.org/Documentation/ThermoSysPro.WaterSteam.HeatExchangers.DynamicTwoPhaseFlowPipe.html,원시 변수명은 공개 빌드 로그로 확인. 임계값·지연·히스테리시스는 시연용 A-L 가정이며 현장 기준으로 교체 필요.,DCS2,HRSG,"T_ph(P,h) < PRE_EVENT_BASELINE * 0.97",PRE_EVENT_BASELINE_RATIO,0.97,ratio_to_baseline,,,,,DEFERRED_PROPERTY_CALCULATION,P/h property output must be exported and calculated in physical units
AL-0584,DCS2,HRSG,dcs2.csv,ABB_HRSG_BOP,HRSG,IP HRSG,IP Superheater 3 Cell 3,M-V_DIRECT,TSP.MV.IP_SUPERHEATER_3.WS.P_3,IP_SuperHeater_3.TwoPhaseFlowPipe.P[3],P,H,IP Superheater 3 Cell 3 압력 고(H),IP_SuperHeater_3.TwoPhaseFlowPipe.P[3] > 105 Pa,ABSOLUTE_MODEL_VALUE,105,Pa,HIGH,5,1 Pa,3,MEDIUM,노랑,#FFD60A,FALSE,TRUE,TRUE,NONE,TRUE,TRUE,A-L,VIRTUAL_MODEL_PRETRIP_CALIBRATION,MODEL_SIGNAL_VERIFIED_ABSOLUTE_THRESHOLD_CALIBRATED,READY_ABSOLUTE_MODEL_VALUE,https://build.openmodelica.org/Documentation/ThermoSysPro.WaterSteam.HeatExchangers.DynamicTwoPhaseFlowPipe.html,원시 변수명은 공개 빌드 로그로 확인. 임계값·지연·히스테리시스는 시연용 A-L 가정이며 현장 기준으로 교체 필요.,DCS2,HRSG,P > PRE_EVENT_BASELINE * 1.05,PRE_EVENT_BASELINE_RATIO,1.05,ratio_to_baseline,IP_SuperHeater_3.TwoPhaseFlowPipe.P[3],100,GT_TRIP_RAW_DATA_0.1s_0-40s.csv,0-10,CALIBRATED_MODEL_DIRECT,Direct model quantity and physical unit available
AL-0585,DCS2,HRSG,dcs2.csv,ABB_HRSG_BOP,HRSG,IP HRSG,IP Superheater 3 Cell 3,M-V_DIRECT,TSP.MV.IP_SUPERHEATER_3.WS.P_3,IP_SuperHeater_3.TwoPhaseFlowPipe.P[3],P,L,IP Superheater 3 Cell 3 압력 저(L),IP_SuperHeater_3.TwoPhaseFlowPipe.P[3] < 95 Pa,ABSOLUTE_MODEL_VALUE,95,Pa,LOW,5,1 Pa,3,MEDIUM,노랑,#FFD60A,FALSE,TRUE,TRUE,NONE,TRUE,TRUE,A-L,VIRTUAL_MODEL_PRETRIP_CALIBRATION,MODEL_SIGNAL_VERIFIED_ABSOLUTE_THRESHOLD_CALIBRATED,READY_ABSOLUTE_MODEL_VALUE,https://build.openmodelica.org/Documentation/ThermoSysPro.WaterSteam.HeatExchangers.DynamicTwoPhaseFlowPipe.html,원시 변수명은 공개 빌드 로그로 확인. 임계값·지연·히스테리시스는 시연용 A-L 가정이며 현장 기준으로 교체 필요.,DCS2,HRSG,P < PRE_EVENT_BASELINE * 0.95,PRE_EVENT_BASELINE_RATIO,0.95,ratio_to_baseline,IP_SuperHeater_3.TwoPhaseFlowPipe.P[3],100,GT_TRIP_RAW_DATA_0.1s_0-40s.csv,0-10,CALIBRATED_MODEL_DIRECT,Direct model quantity and physical unit available
AL-0586,DCS2,HRSG,dcs2.csv,ABB_HRSG_BOP,HRSG,IP HRSG,IP Superheater 3 Cell 3,M-V_DIRECT,TSP.MV.IP_SUPERHEATER_3.WS.Q_3,IP_SuperHeater_3.TwoPhaseFlowPipe.Q[3],Q,L,IP Superheater 3 Cell 3 유량 저(L),IP_SuperHeater_3.TwoPhaseFlowPipe.Q[3] < 75 kg/s,ABSOLUTE_MODEL_VALUE,75,kg/s,LOW,5,5 kg/s,3,MEDIUM,노랑,#FFD60A,FALSE,TRUE,TRUE,NONE,TRUE,TRUE,A-L,VIRTUAL_MODEL_PRETRIP_CALIBRATION,MODEL_SIGNAL_VERIFIED_ABSOLUTE_THRESHOLD_CALIBRATED,READY_ABSOLUTE_MODEL_VALUE,https://build.openmodelica.org/Documentation/ThermoSysPro.WaterSteam.HeatExchangers.DynamicTwoPhaseFlowPipe.html,원시 변수명은 공개 빌드 로그로 확인. 임계값·지연·히스테리시스는 시연용 A-L 가정이며 현장 기준으로 교체 필요.,DCS2,HRSG,Q < PRE_EVENT_BASELINE * 0.75,PRE_EVENT_BASELINE_RATIO,0.75,ratio_to_baseline,IP_SuperHeater_3.TwoPhaseFlowPipe.Q[3],100,GT_TRIP_RAW_DATA_0.1s_0-40s.csv,0-10,CALIBRATED_MODEL_DIRECT,Direct model quantity and physical unit available
AL-0587,DCS2,HRSG,dcs2.csv,ABB_HRSG_BOP,HRSG,IP HRSG,IP Superheater 3 Cell 3,M-V_CALCULATED,TSP.MV.IP_SUPERHEATER_3.WS.P_3;TSP.MV.IP_SUPERHEATER_3.WS.H_3,IP_SuperHeater_3.TwoPhaseFlowPipe.P[3];IP_SuperHeater_3.TwoPhaseFlowPipe.h[3],"T_ph(P,h)",H,IP Superheater 3 Cell 3 유체온도 고(H),DISABLED_UNTIL_ABSOLUTE_PHYSICAL_SIGNAL_AVAILABLE,ABSOLUTE_VALUE_PENDING,,,HIGH,5,0.01 ratio,3,MEDIUM,노랑,#FFD60A,FALSE,TRUE,TRUE,NONE,FALSE,TRUE,A-L,THERMOSYSPRO_MODEL+ASSUMED_LOGIC,ABSOLUTE_PHYSICAL_VALUE_NOT_AVAILABLE,DISABLED_PENDING_PHYSICAL_OUTPUT,https://build.openmodelica.org/Documentation/ThermoSysPro.WaterSteam.HeatExchangers.DynamicTwoPhaseFlowPipe.html,원시 변수명은 공개 빌드 로그로 확인. 임계값·지연·히스테리시스는 시연용 A-L 가정이며 현장 기준으로 교체 필요.,DCS2,HRSG,"T_ph(P,h) > PRE_EVENT_BASELINE * 1.03",PRE_EVENT_BASELINE_RATIO,1.03,ratio_to_baseline,,,,,DEFERRED_PROPERTY_CALCULATION,P/h property output must be exported and calculated in physical units
AL-0588,DCS2,HRSG,dcs2.csv,ABB_HRSG_BOP,HRSG,IP HRSG,IP Superheater 3 Cell 3,M-V_CALCULATED,TSP.MV.IP_SUPERHEATER_3.WS.P_3;TSP.MV.IP_SUPERHEATER_3.WS.H_3,IP_SuperHeater_3.TwoPhaseFlowPipe.P[3];IP_SuperHeater_3.TwoPhaseFlowPipe.h[3],"T_ph(P,h)",L,IP Superheater 3 Cell 3 유체온도 저(L),DISABLED_UNTIL_ABSOLUTE_PHYSICAL_SIGNAL_AVAILABLE,ABSOLUTE_VALUE_PENDING,,,LOW,5,0.01 ratio,3,MEDIUM,노랑,#FFD60A,FALSE,TRUE,TRUE,NONE,FALSE,TRUE,A-L,THERMOSYSPRO_MODEL+ASSUMED_LOGIC,ABSOLUTE_PHYSICAL_VALUE_NOT_AVAILABLE,DISABLED_PENDING_PHYSICAL_OUTPUT,https://build.openmodelica.org/Documentation/ThermoSysPro.WaterSteam.HeatExchangers.DynamicTwoPhaseFlowPipe.html,원시 변수명은 공개 빌드 로그로 확인. 임계값·지연·히스테리시스는 시연용 A-L 가정이며 현장 기준으로 교체 필요.,DCS2,HRSG,"T_ph(P,h) < PRE_EVENT_BASELINE * 0.97",PRE_EVENT_BASELINE_RATIO,0.97,ratio_to_baseline,,,,,DEFERRED_PROPERTY_CALCULATION,P/h property output must be exported and calculated in physical units
AL-0589,DCS2,HRSG,dcs2.csv,ABB_HRSG_BOP,HRSG,IP HRSG,IP Superheater 3 Cell 4,M-V_DIRECT,TSP.MV.IP_SUPERHEATER_3.WS.P_4,IP_SuperHeater_3.TwoPhaseFlowPipe.P[4],P,H,IP Superheater 3 Cell 4 압력 고(H),IP_SuperHeater_3.TwoPhaseFlowPipe.P[4] > 105 Pa,ABSOLUTE_MODEL_VALUE,105,Pa,HIGH,5,1 Pa,3,MEDIUM,노랑,#FFD60A,FALSE,TRUE,TRUE,NONE,TRUE,TRUE,A-L,VIRTUAL_MODEL_PRETRIP_CALIBRATION,MODEL_SIGNAL_VERIFIED_ABSOLUTE_THRESHOLD_CALIBRATED,READY_ABSOLUTE_MODEL_VALUE,https://build.openmodelica.org/Documentation/ThermoSysPro.WaterSteam.HeatExchangers.DynamicTwoPhaseFlowPipe.html,원시 변수명은 공개 빌드 로그로 확인. 임계값·지연·히스테리시스는 시연용 A-L 가정이며 현장 기준으로 교체 필요.,DCS2,HRSG,P > PRE_EVENT_BASELINE * 1.05,PRE_EVENT_BASELINE_RATIO,1.05,ratio_to_baseline,IP_SuperHeater_3.TwoPhaseFlowPipe.P[4],100,GT_TRIP_RAW_DATA_0.1s_0-40s.csv,0-10,CALIBRATED_MODEL_DIRECT,Direct model quantity and physical unit available
AL-0590,DCS2,HRSG,dcs2.csv,ABB_HRSG_BOP,HRSG,IP HRSG,IP Superheater 3 Cell 4,M-V_DIRECT,TSP.MV.IP_SUPERHEATER_3.WS.P_4,IP_SuperHeater_3.TwoPhaseFlowPipe.P[4],P,L,IP Superheater 3 Cell 4 압력 저(L),IP_SuperHeater_3.TwoPhaseFlowPipe.P[4] < 95 Pa,ABSOLUTE_MODEL_VALUE,95,Pa,LOW,5,1 Pa,3,MEDIUM,노랑,#FFD60A,FALSE,TRUE,TRUE,NONE,TRUE,TRUE,A-L,VIRTUAL_MODEL_PRETRIP_CALIBRATION,MODEL_SIGNAL_VERIFIED_ABSOLUTE_THRESHOLD_CALIBRATED,READY_ABSOLUTE_MODEL_VALUE,https://build.openmodelica.org/Documentation/ThermoSysPro.WaterSteam.HeatExchangers.DynamicTwoPhaseFlowPipe.html,원시 변수명은 공개 빌드 로그로 확인. 임계값·지연·히스테리시스는 시연용 A-L 가정이며 현장 기준으로 교체 필요.,DCS2,HRSG,P < PRE_EVENT_BASELINE * 0.95,PRE_EVENT_BASELINE_RATIO,0.95,ratio_to_baseline,IP_SuperHeater_3.TwoPhaseFlowPipe.P[4],100,GT_TRIP_RAW_DATA_0.1s_0-40s.csv,0-10,CALIBRATED_MODEL_DIRECT,Direct model quantity and physical unit available
AL-0591,DCS2,HRSG,dcs2.csv,ABB_HRSG_BOP,HRSG,IP HRSG,IP Superheater 3 Cell 4,M-V_DIRECT,TSP.MV.IP_SUPERHEATER_3.WS.Q_4,IP_SuperHeater_3.TwoPhaseFlowPipe.Q[4],Q,L,IP Superheater 3 Cell 4 유량 저(L),IP_SuperHeater_3.TwoPhaseFlowPipe.Q[4] < 75 kg/s,ABSOLUTE_MODEL_VALUE,75,kg/s,LOW,5,5 kg/s,3,MEDIUM,노랑,#FFD60A,FALSE,TRUE,TRUE,NONE,TRUE,TRUE,A-L,VIRTUAL_MODEL_PRETRIP_CALIBRATION,MODEL_SIGNAL_VERIFIED_ABSOLUTE_THRESHOLD_CALIBRATED,READY_ABSOLUTE_MODEL_VALUE,https://build.openmodelica.org/Documentation/ThermoSysPro.WaterSteam.HeatExchangers.DynamicTwoPhaseFlowPipe.html,원시 변수명은 공개 빌드 로그로 확인. 임계값·지연·히스테리시스는 시연용 A-L 가정이며 현장 기준으로 교체 필요.,DCS2,HRSG,Q < PRE_EVENT_BASELINE * 0.75,PRE_EVENT_BASELINE_RATIO,0.75,ratio_to_baseline,IP_SuperHeater_3.TwoPhaseFlowPipe.Q[4],100,GT_TRIP_RAW_DATA_0.1s_0-40s.csv,0-10,CALIBRATED_MODEL_DIRECT,Direct model quantity and physical unit available
AL-0592,DCS2,HRSG,dcs2.csv,ABB_HRSG_BOP,HRSG,IP HRSG,IP Superheater 3 Cell 4,M-V_CALCULATED,TSP.MV.IP_SUPERHEATER_3.WS.P_4;TSP.MV.IP_SUPERHEATER_3.WS.H_4,IP_SuperHeater_3.TwoPhaseFlowPipe.P[4];IP_SuperHeater_3.TwoPhaseFlowPipe.h[4],"T_ph(P,h)",H,IP Superheater 3 Cell 4 유체온도 고(H),DISABLED_UNTIL_ABSOLUTE_PHYSICAL_SIGNAL_AVAILABLE,ABSOLUTE_VALUE_PENDING,,,HIGH,5,0.01 ratio,3,MEDIUM,노랑,#FFD60A,FALSE,TRUE,TRUE,NONE,FALSE,TRUE,A-L,THERMOSYSPRO_MODEL+ASSUMED_LOGIC,ABSOLUTE_PHYSICAL_VALUE_NOT_AVAILABLE,DISABLED_PENDING_PHYSICAL_OUTPUT,https://build.openmodelica.org/Documentation/ThermoSysPro.WaterSteam.HeatExchangers.DynamicTwoPhaseFlowPipe.html,원시 변수명은 공개 빌드 로그로 확인. 임계값·지연·히스테리시스는 시연용 A-L 가정이며 현장 기준으로 교체 필요.,DCS2,HRSG,"T_ph(P,h) > PRE_EVENT_BASELINE * 1.03",PRE_EVENT_BASELINE_RATIO,1.03,ratio_to_baseline,,,,,DEFERRED_PROPERTY_CALCULATION,P/h property output must be exported and calculated in physical units
AL-0593,DCS2,HRSG,dcs2.csv,ABB_HRSG_BOP,HRSG,IP HRSG,IP Superheater 3 Cell 4,M-V_CALCULATED,TSP.MV.IP_SUPERHEATER_3.WS.P_4;TSP.MV.IP_SUPERHEATER_3.WS.H_4,IP_SuperHeater_3.TwoPhaseFlowPipe.P[4];IP_SuperHeater_3.TwoPhaseFlowPipe.h[4],"T_ph(P,h)",L,IP Superheater 3 Cell 4 유체온도 저(L),DISABLED_UNTIL_ABSOLUTE_PHYSICAL_SIGNAL_AVAILABLE,ABSOLUTE_VALUE_PENDING,,,LOW,5,0.01 ratio,3,MEDIUM,노랑,#FFD60A,FALSE,TRUE,TRUE,NONE,FALSE,TRUE,A-L,THERMOSYSPRO_MODEL+ASSUMED_LOGIC,ABSOLUTE_PHYSICAL_VALUE_NOT_AVAILABLE,DISABLED_PENDING_PHYSICAL_OUTPUT,https://build.openmodelica.org/Documentation/ThermoSysPro.WaterSteam.HeatExchangers.DynamicTwoPhaseFlowPipe.html,원시 변수명은 공개 빌드 로그로 확인. 임계값·지연·히스테리시스는 시연용 A-L 가정이며 현장 기준으로 교체 필요.,DCS2,HRSG,"T_ph(P,h) < PRE_EVENT_BASELINE * 0.97",PRE_EVENT_BASELINE_RATIO,0.97,ratio_to_baseline,,,,,DEFERRED_PROPERTY_CALCULATION,P/h property output must be exported and calculated in physical units
AL-0594,DCS2,HRSG,dcs2.csv,ABB_HRSG_BOP,HRSG,IP HRSG,IP Superheater 3 Wall 1,M-V_DIRECT,TSP.MV.IP_SUPERHEATER_3.WALL.TP_1,IP_SuperHeater_3.ExchangerWall.Tp[1],Tp,H,IP Superheater 3 Wall 1 벽온도 고(H),IP_SuperHeater_3.ExchangerWall.Tp[1] > 103 K,ABSOLUTE_MODEL_VALUE,103,K,HIGH,10,1 K,3,MEDIUM,노랑,#FFD60A,FALSE,TRUE,TRUE,NONE,TRUE,TRUE,A-L,VIRTUAL_MODEL_PRETRIP_CALIBRATION,MODEL_SIGNAL_VERIFIED_ABSOLUTE_THRESHOLD_CALIBRATED,READY_ABSOLUTE_MODEL_VALUE,https://build.openmodelica.org/Documentation/ThermoSysPro.WaterSteam.HeatExchangers.DynamicTwoPhaseFlowPipe.html,원시 변수명은 공개 빌드 로그로 확인. 임계값·지연·히스테리시스는 시연용 A-L 가정이며 현장 기준으로 교체 필요.,DCS2,HRSG,Tp > PRE_EVENT_BASELINE * 1.03,PRE_EVENT_BASELINE_RATIO,1.03,ratio_to_baseline,IP_SuperHeater_3.ExchangerWall.Tp[1],100,GT_TRIP_RAW_DATA_0.1s_0-40s.csv,0-10,CALIBRATED_MODEL_DIRECT,Direct model quantity and physical unit available
AL-0595,DCS2,HRSG,dcs2.csv,ABB_HRSG_BOP,HRSG,IP HRSG,IP Superheater 3 Wall 2,M-V_DIRECT,TSP.MV.IP_SUPERHEATER_3.WALL.TP_2,IP_SuperHeater_3.ExchangerWall.Tp[2],Tp,H,IP Superheater 3 Wall 2 벽온도 고(H),IP_SuperHeater_3.ExchangerWall.Tp[2] > 103 K,ABSOLUTE_MODEL_VALUE,103,K,HIGH,10,1 K,3,MEDIUM,노랑,#FFD60A,FALSE,TRUE,TRUE,NONE,TRUE,TRUE,A-L,VIRTUAL_MODEL_PRETRIP_CALIBRATION,MODEL_SIGNAL_VERIFIED_ABSOLUTE_THRESHOLD_CALIBRATED,READY_ABSOLUTE_MODEL_VALUE,https://build.openmodelica.org/Documentation/ThermoSysPro.WaterSteam.HeatExchangers.DynamicTwoPhaseFlowPipe.html,원시 변수명은 공개 빌드 로그로 확인. 임계값·지연·히스테리시스는 시연용 A-L 가정이며 현장 기준으로 교체 필요.,DCS2,HRSG,Tp > PRE_EVENT_BASELINE * 1.03,PRE_EVENT_BASELINE_RATIO,1.03,ratio_to_baseline,IP_SuperHeater_3.ExchangerWall.Tp[2],100,GT_TRIP_RAW_DATA_0.1s_0-40s.csv,0-10,CALIBRATED_MODEL_DIRECT,Direct model quantity and physical unit available
AL-0596,DCS2,HRSG,dcs2.csv,ABB_HRSG_BOP,HRSG,IP HRSG,IP Superheater 3 Wall 3,M-V_DIRECT,TSP.MV.IP_SUPERHEATER_3.WALL.TP_3,IP_SuperHeater_3.ExchangerWall.Tp[3],Tp,H,IP Superheater 3 Wall 3 벽온도 고(H),IP_SuperHeater_3.ExchangerWall.Tp[3] > 103 K,ABSOLUTE_MODEL_VALUE,103,K,HIGH,10,1 K,3,MEDIUM,노랑,#FFD60A,FALSE,TRUE,TRUE,NONE,TRUE,TRUE,A-L,VIRTUAL_MODEL_PRETRIP_CALIBRATION,MODEL_SIGNAL_VERIFIED_ABSOLUTE_THRESHOLD_CALIBRATED,READY_ABSOLUTE_MODEL_VALUE,https://build.openmodelica.org/Documentation/ThermoSysPro.WaterSteam.HeatExchangers.DynamicTwoPhaseFlowPipe.html,원시 변수명은 공개 빌드 로그로 확인. 임계값·지연·히스테리시스는 시연용 A-L 가정이며 현장 기준으로 교체 필요.,DCS2,HRSG,Tp > PRE_EVENT_BASELINE * 1.03,PRE_EVENT_BASELINE_RATIO,1.03,ratio_to_baseline,IP_SuperHeater_3.ExchangerWall.Tp[3],100,GT_TRIP_RAW_DATA_0.1s_0-40s.csv,0-10,CALIBRATED_MODEL_DIRECT,Direct model quantity and physical unit available
AL-0597,DCS2,HRSG,dcs2.csv,ABB_HRSG_BOP,HRSG,LP HRSG,LP Drum,M-V_DIRECT,TSP.DRUM.LP.LEVEL,BallonBP.zl,lp_drum_level_mm,H,LP Drum 레벨 고(H),lp_drum_level_mm > 1850.117791 mm,ABSOLUTE_MODEL_LEVEL,1850.117791,mm,HIGH,5,20 mm,3,MEDIUM,노랑,#FFD60A,FALSE,TRUE,TRUE,NONE,TRUE,TRUE,A-L,THERMOSYSPRO_DIRECT_LEVEL_CALIBRATION,MODEL_LEVEL_VERIFIED_ABSOLUTE_THRESHOLD_CALIBRATED,READY_AFTER_M_TO_MM_ADAPTER,https://build.openmodelica.org/Documentation/ThermoSysPro.WaterSteam.Volumes.DynamicDrum.html,원시 변수명은 공개 빌드 로그로 확인. 임계값·지연·히스테리시스는 시연용 A-L 가정이며 현장 기준으로 교체 필요.,DCS2,HRSG,normalized_level(Vl) > 0.7,NORMALIZED_SPAN,0.7,fraction_of_span,BallonBP.zl,1750.117791,LOCAL_thermosyspro-raw.csv,0-50,CALIBRATED_MODEL_LEVEL_MM,Direct ThermoSysPro drum level converted from m to mm
AL-0598,DCS2,HRSG,dcs2.csv,ABB_HRSG_BOP,HRSG,LP HRSG,LP Drum,M-V_DIRECT,TSP.DRUM.LP.LEVEL,BallonBP.zl,lp_drum_level_mm,L,LP Drum 레벨 저(L),lp_drum_level_mm < 1650.117791 mm,ABSOLUTE_MODEL_LEVEL,1650.117791,mm,LOW,5,20 mm,3,MEDIUM,노랑,#FFD60A,FALSE,TRUE,TRUE,NONE,TRUE,TRUE,A-L,THERMOSYSPRO_DIRECT_LEVEL_CALIBRATION,MODEL_LEVEL_VERIFIED_ABSOLUTE_THRESHOLD_CALIBRATED,READY_AFTER_M_TO_MM_ADAPTER,https://build.openmodelica.org/Documentation/ThermoSysPro.WaterSteam.Volumes.DynamicDrum.html,원시 변수명은 공개 빌드 로그로 확인. 임계값·지연·히스테리시스는 시연용 A-L 가정이며 현장 기준으로 교체 필요.,DCS2,HRSG,normalized_level(Vl) < 0.3,NORMALIZED_SPAN,0.3,fraction_of_span,BallonBP.zl,1750.117791,LOCAL_thermosyspro-raw.csv,0-50,CALIBRATED_MODEL_LEVEL_MM,Direct ThermoSysPro drum level converted from m to mm
AL-0599,DCS2,HRSG,dcs2.csv,ABB_HRSG_BOP,HRSG,LP HRSG,LP Drum,M-V_DIRECT,TSP.MV.LP_DRUM.TP,LP_Drum.Tp,Tp,H,LP Drum 벽온도 고(H),LP_Drum.Tp > 669.5 K,ABSOLUTE_MODEL_VALUE,669.5,K,HIGH,10,6.5 K,3,MEDIUM,노랑,#FFD60A,FALSE,TRUE,TRUE,NONE,TRUE,TRUE,A-L,VIRTUAL_MODEL_PRETRIP_CALIBRATION,MODEL_SIGNAL_VERIFIED_ABSOLUTE_THRESHOLD_CALIBRATED,READY_ABSOLUTE_MODEL_VALUE,https://build.openmodelica.org/Documentation/ThermoSysPro.WaterSteam.Volumes.DynamicDrum.html,원시 변수명은 공개 빌드 로그로 확인. 임계값·지연·히스테리시스는 시연용 A-L 가정이며 현장 기준으로 교체 필요.,DCS2,HRSG,Tp > PRE_EVENT_BASELINE * 1.03,PRE_EVENT_BASELINE_RATIO,1.03,ratio_to_baseline,LP_Drum.Tp,650,GT_TRIP_RAW_DATA_0.1s_0-40s.csv,0-10,CALIBRATED_MODEL_DIRECT,Direct model quantity and physical unit available
AL-0600,DCS2,HRSG,dcs2.csv,ABB_HRSG_BOP,HRSG,LP HRSG,LP Drum,M-V_DIRECT,TSP.MV.LP_DRUM.P,LP_Drum.P,P,H,LP Drum 압력 고(H),LP_Drum.P > 420000 Pa,ABSOLUTE_MODEL_VALUE,420000,Pa,HIGH,5,4000 Pa,3,MEDIUM,노랑,#FFD60A,FALSE,TRUE,TRUE,NONE,TRUE,TRUE,A-L,VIRTUAL_MODEL_PRETRIP_CALIBRATION,MODEL_SIGNAL_VERIFIED_ABSOLUTE_THRESHOLD_CALIBRATED,READY_ABSOLUTE_MODEL_VALUE,https://build.openmodelica.org/Documentation/ThermoSysPro.WaterSteam.Volumes.DynamicDrum.html,원시 변수명은 공개 빌드 로그로 확인. 임계값·지연·히스테리시스는 시연용 A-L 가정이며 현장 기준으로 교체 필요.,DCS2,HRSG,P > PRE_EVENT_BASELINE * 1.05,PRE_EVENT_BASELINE_RATIO,1.05,ratio_to_baseline,LP_Drum.P,400000,GT_TRIP_RAW_DATA_0.1s_0-40s.csv,0-10,CALIBRATED_MODEL_DIRECT,Direct model quantity and physical unit available
AL-0601,DCS2,HRSG,dcs2.csv,ABB_HRSG_BOP,HRSG,LP HRSG,LP Drum,M-V_DIRECT,TSP.MV.LP_DRUM.P,LP_Drum.P,P,L,LP Drum 압력 저(L),LP_Drum.P < 380000 Pa,ABSOLUTE_MODEL_VALUE,380000,Pa,LOW,5,4000 Pa,3,MEDIUM,노랑,#FFD60A,FALSE,TRUE,TRUE,NONE,TRUE,TRUE,A-L,VIRTUAL_MODEL_PRETRIP_CALIBRATION,MODEL_SIGNAL_VERIFIED_ABSOLUTE_THRESHOLD_CALIBRATED,READY_ABSOLUTE_MODEL_VALUE,https://build.openmodelica.org/Documentation/ThermoSysPro.WaterSteam.Volumes.DynamicDrum.html,원시 변수명은 공개 빌드 로그로 확인. 임계값·지연·히스테리시스는 시연용 A-L 가정이며 현장 기준으로 교체 필요.,DCS2,HRSG,P < PRE_EVENT_BASELINE * 0.95,PRE_EVENT_BASELINE_RATIO,0.95,ratio_to_baseline,LP_Drum.P,400000,GT_TRIP_RAW_DATA_0.1s_0-40s.csv,0-10,CALIBRATED_MODEL_DIRECT,Direct model quantity and physical unit available
AL-0602,DCS2,HRSG,dcs2.csv,ABB_HRSG_BOP,HRSG,LP HRSG,LP Economizer Cell 1,M-V_DIRECT,TSP.MV.LP_ECONOMIZER.WS.Q_1,LP_Economizer.TwoPhaseFlowPipe.Q[1],Q,L,LP Economizer Cell 1 유량 저(L),LP_Economizer.TwoPhaseFlowPipe.Q[1] < 75 kg/s,ABSOLUTE_MODEL_VALUE,75,kg/s,LOW,5,5 kg/s,3,MEDIUM,노랑,#FFD60A,FALSE,TRUE,TRUE,NONE,TRUE,TRUE,A-L,VIRTUAL_MODEL_PRETRIP_CALIBRATION,MODEL_SIGNAL_VERIFIED_ABSOLUTE_THRESHOLD_CALIBRATED,READY_ABSOLUTE_MODEL_VALUE,https://build.openmodelica.org/Documentation/ThermoSysPro.WaterSteam.HeatExchangers.DynamicTwoPhaseFlowPipe.html,원시 변수명은 공개 빌드 로그로 확인. 임계값·지연·히스테리시스는 시연용 A-L 가정이며 현장 기준으로 교체 필요.,DCS2,HRSG,Q < PRE_EVENT_BASELINE * 0.75,PRE_EVENT_BASELINE_RATIO,0.75,ratio_to_baseline,LP_Economizer.TwoPhaseFlowPipe.Q[1],100,GT_TRIP_RAW_DATA_0.1s_0-40s.csv,0-10,CALIBRATED_MODEL_DIRECT,Direct model quantity and physical unit available
AL-0603,DCS2,HRSG,dcs2.csv,ABB_HRSG_BOP,HRSG,LP HRSG,LP Economizer Cell 2,M-V_DIRECT,TSP.MV.LP_ECONOMIZER.WS.P_2,LP_Economizer.TwoPhaseFlowPipe.P[2],P,H,LP Economizer Cell 2 압력 고(H),LP_Economizer.TwoPhaseFlowPipe.P[2] > 420000 Pa,ABSOLUTE_MODEL_VALUE,420000,Pa,HIGH,5,4000 Pa,3,MEDIUM,노랑,#FFD60A,FALSE,TRUE,TRUE,NONE,TRUE,TRUE,A-L,VIRTUAL_MODEL_PRETRIP_CALIBRATION,MODEL_SIGNAL_VERIFIED_ABSOLUTE_THRESHOLD_CALIBRATED,READY_ABSOLUTE_MODEL_VALUE,https://build.openmodelica.org/Documentation/ThermoSysPro.WaterSteam.HeatExchangers.DynamicTwoPhaseFlowPipe.html,원시 변수명은 공개 빌드 로그로 확인. 임계값·지연·히스테리시스는 시연용 A-L 가정이며 현장 기준으로 교체 필요.,DCS2,HRSG,P > PRE_EVENT_BASELINE * 1.05,PRE_EVENT_BASELINE_RATIO,1.05,ratio_to_baseline,LP_Economizer.TwoPhaseFlowPipe.P[2],400000,GT_TRIP_RAW_DATA_0.1s_0-40s.csv,0-10,CALIBRATED_MODEL_DIRECT,Direct model quantity and physical unit available
AL-0604,DCS2,HRSG,dcs2.csv,ABB_HRSG_BOP,HRSG,LP HRSG,LP Economizer Cell 2,M-V_DIRECT,TSP.MV.LP_ECONOMIZER.WS.P_2,LP_Economizer.TwoPhaseFlowPipe.P[2],P,L,LP Economizer Cell 2 압력 저(L),LP_Economizer.TwoPhaseFlowPipe.P[2] < 380000 Pa,ABSOLUTE_MODEL_VALUE,380000,Pa,LOW,5,4000 Pa,3,MEDIUM,노랑,#FFD60A,FALSE,TRUE,TRUE,NONE,TRUE,TRUE,A-L,VIRTUAL_MODEL_PRETRIP_CALIBRATION,MODEL_SIGNAL_VERIFIED_ABSOLUTE_THRESHOLD_CALIBRATED,READY_ABSOLUTE_MODEL_VALUE,https://build.openmodelica.org/Documentation/ThermoSysPro.WaterSteam.HeatExchangers.DynamicTwoPhaseFlowPipe.html,원시 변수명은 공개 빌드 로그로 확인. 임계값·지연·히스테리시스는 시연용 A-L 가정이며 현장 기준으로 교체 필요.,DCS2,HRSG,P < PRE_EVENT_BASELINE * 0.95,PRE_EVENT_BASELINE_RATIO,0.95,ratio_to_baseline,LP_Economizer.TwoPhaseFlowPipe.P[2],400000,GT_TRIP_RAW_DATA_0.1s_0-40s.csv,0-10,CALIBRATED_MODEL_DIRECT,Direct model quantity and physical unit available
AL-0605,DCS2,HRSG,dcs2.csv,ABB_HRSG_BOP,HRSG,LP HRSG,LP Economizer Cell 2,M-V_DIRECT,TSP.MV.LP_ECONOMIZER.WS.Q_2,LP_Economizer.TwoPhaseFlowPipe.Q[2],Q,L,LP Economizer Cell 2 유량 저(L),LP_Economizer.TwoPhaseFlowPipe.Q[2] < 75 kg/s,ABSOLUTE_MODEL_VALUE,75,kg/s,LOW,5,5 kg/s,3,MEDIUM,노랑,#FFD60A,FALSE,TRUE,TRUE,NONE,TRUE,TRUE,A-L,VIRTUAL_MODEL_PRETRIP_CALIBRATION,MODEL_SIGNAL_VERIFIED_ABSOLUTE_THRESHOLD_CALIBRATED,READY_ABSOLUTE_MODEL_VALUE,https://build.openmodelica.org/Documentation/ThermoSysPro.WaterSteam.HeatExchangers.DynamicTwoPhaseFlowPipe.html,원시 변수명은 공개 빌드 로그로 확인. 임계값·지연·히스테리시스는 시연용 A-L 가정이며 현장 기준으로 교체 필요.,DCS2,HRSG,Q < PRE_EVENT_BASELINE * 0.75,PRE_EVENT_BASELINE_RATIO,0.75,ratio_to_baseline,LP_Economizer.TwoPhaseFlowPipe.Q[2],100,GT_TRIP_RAW_DATA_0.1s_0-40s.csv,0-10,CALIBRATED_MODEL_DIRECT,Direct model quantity and physical unit available
AL-0606,DCS2,HRSG,dcs2.csv,ABB_HRSG_BOP,HRSG,LP HRSG,LP Economizer Cell 2,M-V_CALCULATED,TSP.MV.LP_ECONOMIZER.WS.P_2;TSP.MV.LP_ECONOMIZER.WS.H_2,LP_Economizer.TwoPhaseFlowPipe.P[2];LP_Economizer.TwoPhaseFlowPipe.h[2],"T_ph(P,h)",H,LP Economizer Cell 2 유체온도 고(H),DISABLED_UNTIL_ABSOLUTE_PHYSICAL_SIGNAL_AVAILABLE,ABSOLUTE_VALUE_PENDING,,,HIGH,5,0.01 ratio,3,MEDIUM,노랑,#FFD60A,FALSE,TRUE,TRUE,NONE,FALSE,TRUE,A-L,THERMOSYSPRO_MODEL+ASSUMED_LOGIC,ABSOLUTE_PHYSICAL_VALUE_NOT_AVAILABLE,DISABLED_PENDING_PHYSICAL_OUTPUT,https://build.openmodelica.org/Documentation/ThermoSysPro.WaterSteam.HeatExchangers.DynamicTwoPhaseFlowPipe.html,원시 변수명은 공개 빌드 로그로 확인. 임계값·지연·히스테리시스는 시연용 A-L 가정이며 현장 기준으로 교체 필요.,DCS2,HRSG,"T_ph(P,h) > PRE_EVENT_BASELINE * 1.03",PRE_EVENT_BASELINE_RATIO,1.03,ratio_to_baseline,,,,,DEFERRED_PROPERTY_CALCULATION,P/h property output must be exported and calculated in physical units
AL-0607,DCS2,HRSG,dcs2.csv,ABB_HRSG_BOP,HRSG,LP HRSG,LP Economizer Cell 2,M-V_CALCULATED,TSP.MV.LP_ECONOMIZER.WS.P_2;TSP.MV.LP_ECONOMIZER.WS.H_2,LP_Economizer.TwoPhaseFlowPipe.P[2];LP_Economizer.TwoPhaseFlowPipe.h[2],"T_ph(P,h)",L,LP Economizer Cell 2 유체온도 저(L),DISABLED_UNTIL_ABSOLUTE_PHYSICAL_SIGNAL_AVAILABLE,ABSOLUTE_VALUE_PENDING,,,LOW,5,0.01 ratio,3,MEDIUM,노랑,#FFD60A,FALSE,TRUE,TRUE,NONE,FALSE,TRUE,A-L,THERMOSYSPRO_MODEL+ASSUMED_LOGIC,ABSOLUTE_PHYSICAL_VALUE_NOT_AVAILABLE,DISABLED_PENDING_PHYSICAL_OUTPUT,https://build.openmodelica.org/Documentation/ThermoSysPro.WaterSteam.HeatExchangers.DynamicTwoPhaseFlowPipe.html,원시 변수명은 공개 빌드 로그로 확인. 임계값·지연·히스테리시스는 시연용 A-L 가정이며 현장 기준으로 교체 필요.,DCS2,HRSG,"T_ph(P,h) < PRE_EVENT_BASELINE * 0.97",PRE_EVENT_BASELINE_RATIO,0.97,ratio_to_baseline,,,,,DEFERRED_PROPERTY_CALCULATION,P/h property output must be exported and calculated in physical units
AL-0608,DCS2,HRSG,dcs2.csv,ABB_HRSG_BOP,HRSG,LP HRSG,LP Economizer Cell 3,M-V_DIRECT,TSP.MV.LP_ECONOMIZER.WS.P_3,LP_Economizer.TwoPhaseFlowPipe.P[3],P,H,LP Economizer Cell 3 압력 고(H),LP_Economizer.TwoPhaseFlowPipe.P[3] > 420000 Pa,ABSOLUTE_MODEL_VALUE,420000,Pa,HIGH,5,4000 Pa,3,MEDIUM,노랑,#FFD60A,FALSE,TRUE,TRUE,NONE,TRUE,TRUE,A-L,VIRTUAL_MODEL_PRETRIP_CALIBRATION,MODEL_SIGNAL_VERIFIED_ABSOLUTE_THRESHOLD_CALIBRATED,READY_ABSOLUTE_MODEL_VALUE,https://build.openmodelica.org/Documentation/ThermoSysPro.WaterSteam.HeatExchangers.DynamicTwoPhaseFlowPipe.html,원시 변수명은 공개 빌드 로그로 확인. 임계값·지연·히스테리시스는 시연용 A-L 가정이며 현장 기준으로 교체 필요.,DCS2,HRSG,P > PRE_EVENT_BASELINE * 1.05,PRE_EVENT_BASELINE_RATIO,1.05,ratio_to_baseline,LP_Economizer.TwoPhaseFlowPipe.P[3],400000,GT_TRIP_RAW_DATA_0.1s_0-40s.csv,0-10,CALIBRATED_MODEL_DIRECT,Direct model quantity and physical unit available
AL-0609,DCS2,HRSG,dcs2.csv,ABB_HRSG_BOP,HRSG,LP HRSG,LP Economizer Cell 3,M-V_DIRECT,TSP.MV.LP_ECONOMIZER.WS.P_3,LP_Economizer.TwoPhaseFlowPipe.P[3],P,L,LP Economizer Cell 3 압력 저(L),LP_Economizer.TwoPhaseFlowPipe.P[3] < 380000 Pa,ABSOLUTE_MODEL_VALUE,380000,Pa,LOW,5,4000 Pa,3,MEDIUM,노랑,#FFD60A,FALSE,TRUE,TRUE,NONE,TRUE,TRUE,A-L,VIRTUAL_MODEL_PRETRIP_CALIBRATION,MODEL_SIGNAL_VERIFIED_ABSOLUTE_THRESHOLD_CALIBRATED,READY_ABSOLUTE_MODEL_VALUE,https://build.openmodelica.org/Documentation/ThermoSysPro.WaterSteam.HeatExchangers.DynamicTwoPhaseFlowPipe.html,원시 변수명은 공개 빌드 로그로 확인. 임계값·지연·히스테리시스는 시연용 A-L 가정이며 현장 기준으로 교체 필요.,DCS2,HRSG,P < PRE_EVENT_BASELINE * 0.95,PRE_EVENT_BASELINE_RATIO,0.95,ratio_to_baseline,LP_Economizer.TwoPhaseFlowPipe.P[3],400000,GT_TRIP_RAW_DATA_0.1s_0-40s.csv,0-10,CALIBRATED_MODEL_DIRECT,Direct model quantity and physical unit available
AL-0610,DCS2,HRSG,dcs2.csv,ABB_HRSG_BOP,HRSG,LP HRSG,LP Economizer Cell 3,M-V_DIRECT,TSP.MV.LP_ECONOMIZER.WS.Q_3,LP_Economizer.TwoPhaseFlowPipe.Q[3],Q,L,LP Economizer Cell 3 유량 저(L),LP_Economizer.TwoPhaseFlowPipe.Q[3] < 75 kg/s,ABSOLUTE_MODEL_VALUE,75,kg/s,LOW,5,5 kg/s,3,MEDIUM,노랑,#FFD60A,FALSE,TRUE,TRUE,NONE,TRUE,TRUE,A-L,VIRTUAL_MODEL_PRETRIP_CALIBRATION,MODEL_SIGNAL_VERIFIED_ABSOLUTE_THRESHOLD_CALIBRATED,READY_ABSOLUTE_MODEL_VALUE,https://build.openmodelica.org/Documentation/ThermoSysPro.WaterSteam.HeatExchangers.DynamicTwoPhaseFlowPipe.html,원시 변수명은 공개 빌드 로그로 확인. 임계값·지연·히스테리시스는 시연용 A-L 가정이며 현장 기준으로 교체 필요.,DCS2,HRSG,Q < PRE_EVENT_BASELINE * 0.75,PRE_EVENT_BASELINE_RATIO,0.75,ratio_to_baseline,LP_Economizer.TwoPhaseFlowPipe.Q[3],100,GT_TRIP_RAW_DATA_0.1s_0-40s.csv,0-10,CALIBRATED_MODEL_DIRECT,Direct model quantity and physical unit available
AL-0611,DCS2,HRSG,dcs2.csv,ABB_HRSG_BOP,HRSG,LP HRSG,LP Economizer Cell 3,M-V_CALCULATED,TSP.MV.LP_ECONOMIZER.WS.P_3;TSP.MV.LP_ECONOMIZER.WS.H_3,LP_Economizer.TwoPhaseFlowPipe.P[3];LP_Economizer.TwoPhaseFlowPipe.h[3],"T_ph(P,h)",H,LP Economizer Cell 3 유체온도 고(H),DISABLED_UNTIL_ABSOLUTE_PHYSICAL_SIGNAL_AVAILABLE,ABSOLUTE_VALUE_PENDING,,,HIGH,5,0.01 ratio,3,MEDIUM,노랑,#FFD60A,FALSE,TRUE,TRUE,NONE,FALSE,TRUE,A-L,THERMOSYSPRO_MODEL+ASSUMED_LOGIC,ABSOLUTE_PHYSICAL_VALUE_NOT_AVAILABLE,DISABLED_PENDING_PHYSICAL_OUTPUT,https://build.openmodelica.org/Documentation/ThermoSysPro.WaterSteam.HeatExchangers.DynamicTwoPhaseFlowPipe.html,원시 변수명은 공개 빌드 로그로 확인. 임계값·지연·히스테리시스는 시연용 A-L 가정이며 현장 기준으로 교체 필요.,DCS2,HRSG,"T_ph(P,h) > PRE_EVENT_BASELINE * 1.03",PRE_EVENT_BASELINE_RATIO,1.03,ratio_to_baseline,,,,,DEFERRED_PROPERTY_CALCULATION,P/h property output must be exported and calculated in physical units
AL-0612,DCS2,HRSG,dcs2.csv,ABB_HRSG_BOP,HRSG,LP HRSG,LP Economizer Cell 3,M-V_CALCULATED,TSP.MV.LP_ECONOMIZER.WS.P_3;TSP.MV.LP_ECONOMIZER.WS.H_3,LP_Economizer.TwoPhaseFlowPipe.P[3];LP_Economizer.TwoPhaseFlowPipe.h[3],"T_ph(P,h)",L,LP Economizer Cell 3 유체온도 저(L),DISABLED_UNTIL_ABSOLUTE_PHYSICAL_SIGNAL_AVAILABLE,ABSOLUTE_VALUE_PENDING,,,LOW,5,0.01 ratio,3,MEDIUM,노랑,#FFD60A,FALSE,TRUE,TRUE,NONE,FALSE,TRUE,A-L,THERMOSYSPRO_MODEL+ASSUMED_LOGIC,ABSOLUTE_PHYSICAL_VALUE_NOT_AVAILABLE,DISABLED_PENDING_PHYSICAL_OUTPUT,https://build.openmodelica.org/Documentation/ThermoSysPro.WaterSteam.HeatExchangers.DynamicTwoPhaseFlowPipe.html,원시 변수명은 공개 빌드 로그로 확인. 임계값·지연·히스테리시스는 시연용 A-L 가정이며 현장 기준으로 교체 필요.,DCS2,HRSG,"T_ph(P,h) < PRE_EVENT_BASELINE * 0.97",PRE_EVENT_BASELINE_RATIO,0.97,ratio_to_baseline,,,,,DEFERRED_PROPERTY_CALCULATION,P/h property output must be exported and calculated in physical units
AL-0613,DCS2,HRSG,dcs2.csv,ABB_HRSG_BOP,HRSG,LP HRSG,LP Economizer Cell 4,M-V_DIRECT,TSP.MV.LP_ECONOMIZER.WS.P_4,LP_Economizer.TwoPhaseFlowPipe.P[4],P,H,LP Economizer Cell 4 압력 고(H),LP_Economizer.TwoPhaseFlowPipe.P[4] > 420000 Pa,ABSOLUTE_MODEL_VALUE,420000,Pa,HIGH,5,4000 Pa,3,MEDIUM,노랑,#FFD60A,FALSE,TRUE,TRUE,NONE,TRUE,TRUE,A-L,VIRTUAL_MODEL_PRETRIP_CALIBRATION,MODEL_SIGNAL_VERIFIED_ABSOLUTE_THRESHOLD_CALIBRATED,READY_ABSOLUTE_MODEL_VALUE,https://build.openmodelica.org/Documentation/ThermoSysPro.WaterSteam.HeatExchangers.DynamicTwoPhaseFlowPipe.html,원시 변수명은 공개 빌드 로그로 확인. 임계값·지연·히스테리시스는 시연용 A-L 가정이며 현장 기준으로 교체 필요.,DCS2,HRSG,P > PRE_EVENT_BASELINE * 1.05,PRE_EVENT_BASELINE_RATIO,1.05,ratio_to_baseline,LP_Economizer.TwoPhaseFlowPipe.P[4],400000,GT_TRIP_RAW_DATA_0.1s_0-40s.csv,0-10,CALIBRATED_MODEL_DIRECT,Direct model quantity and physical unit available
AL-0614,DCS2,HRSG,dcs2.csv,ABB_HRSG_BOP,HRSG,LP HRSG,LP Economizer Cell 4,M-V_DIRECT,TSP.MV.LP_ECONOMIZER.WS.P_4,LP_Economizer.TwoPhaseFlowPipe.P[4],P,L,LP Economizer Cell 4 압력 저(L),LP_Economizer.TwoPhaseFlowPipe.P[4] < 380000 Pa,ABSOLUTE_MODEL_VALUE,380000,Pa,LOW,5,4000 Pa,3,MEDIUM,노랑,#FFD60A,FALSE,TRUE,TRUE,NONE,TRUE,TRUE,A-L,VIRTUAL_MODEL_PRETRIP_CALIBRATION,MODEL_SIGNAL_VERIFIED_ABSOLUTE_THRESHOLD_CALIBRATED,READY_ABSOLUTE_MODEL_VALUE,https://build.openmodelica.org/Documentation/ThermoSysPro.WaterSteam.HeatExchangers.DynamicTwoPhaseFlowPipe.html,원시 변수명은 공개 빌드 로그로 확인. 임계값·지연·히스테리시스는 시연용 A-L 가정이며 현장 기준으로 교체 필요.,DCS2,HRSG,P < PRE_EVENT_BASELINE * 0.95,PRE_EVENT_BASELINE_RATIO,0.95,ratio_to_baseline,LP_Economizer.TwoPhaseFlowPipe.P[4],400000,GT_TRIP_RAW_DATA_0.1s_0-40s.csv,0-10,CALIBRATED_MODEL_DIRECT,Direct model quantity and physical unit available
AL-0615,DCS2,HRSG,dcs2.csv,ABB_HRSG_BOP,HRSG,LP HRSG,LP Economizer Cell 4,M-V_DIRECT,TSP.MV.LP_ECONOMIZER.WS.Q_4,LP_Economizer.TwoPhaseFlowPipe.Q[4],Q,L,LP Economizer Cell 4 유량 저(L),LP_Economizer.TwoPhaseFlowPipe.Q[4] < 75 kg/s,ABSOLUTE_MODEL_VALUE,75,kg/s,LOW,5,5 kg/s,3,MEDIUM,노랑,#FFD60A,FALSE,TRUE,TRUE,NONE,TRUE,TRUE,A-L,VIRTUAL_MODEL_PRETRIP_CALIBRATION,MODEL_SIGNAL_VERIFIED_ABSOLUTE_THRESHOLD_CALIBRATED,READY_ABSOLUTE_MODEL_VALUE,https://build.openmodelica.org/Documentation/ThermoSysPro.WaterSteam.HeatExchangers.DynamicTwoPhaseFlowPipe.html,원시 변수명은 공개 빌드 로그로 확인. 임계값·지연·히스테리시스는 시연용 A-L 가정이며 현장 기준으로 교체 필요.,DCS2,HRSG,Q < PRE_EVENT_BASELINE * 0.75,PRE_EVENT_BASELINE_RATIO,0.75,ratio_to_baseline,LP_Economizer.TwoPhaseFlowPipe.Q[4],100,GT_TRIP_RAW_DATA_0.1s_0-40s.csv,0-10,CALIBRATED_MODEL_DIRECT,Direct model quantity and physical unit available
AL-0616,DCS2,HRSG,dcs2.csv,ABB_HRSG_BOP,HRSG,LP HRSG,LP Economizer Cell 4,M-V_CALCULATED,TSP.MV.LP_ECONOMIZER.WS.P_4;TSP.MV.LP_ECONOMIZER.WS.H_4,LP_Economizer.TwoPhaseFlowPipe.P[4];LP_Economizer.TwoPhaseFlowPipe.h[4],"T_ph(P,h)",H,LP Economizer Cell 4 유체온도 고(H),DISABLED_UNTIL_ABSOLUTE_PHYSICAL_SIGNAL_AVAILABLE,ABSOLUTE_VALUE_PENDING,,,HIGH,5,0.01 ratio,3,MEDIUM,노랑,#FFD60A,FALSE,TRUE,TRUE,NONE,FALSE,TRUE,A-L,THERMOSYSPRO_MODEL+ASSUMED_LOGIC,ABSOLUTE_PHYSICAL_VALUE_NOT_AVAILABLE,DISABLED_PENDING_PHYSICAL_OUTPUT,https://build.openmodelica.org/Documentation/ThermoSysPro.WaterSteam.HeatExchangers.DynamicTwoPhaseFlowPipe.html,원시 변수명은 공개 빌드 로그로 확인. 임계값·지연·히스테리시스는 시연용 A-L 가정이며 현장 기준으로 교체 필요.,DCS2,HRSG,"T_ph(P,h) > PRE_EVENT_BASELINE * 1.03",PRE_EVENT_BASELINE_RATIO,1.03,ratio_to_baseline,,,,,DEFERRED_PROPERTY_CALCULATION,P/h property output must be exported and calculated in physical units
AL-0617,DCS2,HRSG,dcs2.csv,ABB_HRSG_BOP,HRSG,LP HRSG,LP Economizer Cell 4,M-V_CALCULATED,TSP.MV.LP_ECONOMIZER.WS.P_4;TSP.MV.LP_ECONOMIZER.WS.H_4,LP_Economizer.TwoPhaseFlowPipe.P[4];LP_Economizer.TwoPhaseFlowPipe.h[4],"T_ph(P,h)",L,LP Economizer Cell 4 유체온도 저(L),DISABLED_UNTIL_ABSOLUTE_PHYSICAL_SIGNAL_AVAILABLE,ABSOLUTE_VALUE_PENDING,,,LOW,5,0.01 ratio,3,MEDIUM,노랑,#FFD60A,FALSE,TRUE,TRUE,NONE,FALSE,TRUE,A-L,THERMOSYSPRO_MODEL+ASSUMED_LOGIC,ABSOLUTE_PHYSICAL_VALUE_NOT_AVAILABLE,DISABLED_PENDING_PHYSICAL_OUTPUT,https://build.openmodelica.org/Documentation/ThermoSysPro.WaterSteam.HeatExchangers.DynamicTwoPhaseFlowPipe.html,원시 변수명은 공개 빌드 로그로 확인. 임계값·지연·히스테리시스는 시연용 A-L 가정이며 현장 기준으로 교체 필요.,DCS2,HRSG,"T_ph(P,h) < PRE_EVENT_BASELINE * 0.97",PRE_EVENT_BASELINE_RATIO,0.97,ratio_to_baseline,,,,,DEFERRED_PROPERTY_CALCULATION,P/h property output must be exported and calculated in physical units
AL-0618,DCS2,HRSG,dcs2.csv,ABB_HRSG_BOP,HRSG,LP HRSG,LP Economizer Wall 1,M-V_DIRECT,TSP.MV.LP_ECONOMIZER.WALL.TP_1,LP_Economizer.ExchangerWall.Tp[1],Tp,H,LP Economizer Wall 1 벽온도 고(H),LP_Economizer.ExchangerWall.Tp[1] > 669.5 K,ABSOLUTE_MODEL_VALUE,669.5,K,HIGH,10,6.5 K,3,MEDIUM,노랑,#FFD60A,FALSE,TRUE,TRUE,NONE,TRUE,TRUE,A-L,VIRTUAL_MODEL_PRETRIP_CALIBRATION,MODEL_SIGNAL_VERIFIED_ABSOLUTE_THRESHOLD_CALIBRATED,READY_ABSOLUTE_MODEL_VALUE,https://build.openmodelica.org/Documentation/ThermoSysPro.WaterSteam.HeatExchangers.DynamicTwoPhaseFlowPipe.html,원시 변수명은 공개 빌드 로그로 확인. 임계값·지연·히스테리시스는 시연용 A-L 가정이며 현장 기준으로 교체 필요.,DCS2,HRSG,Tp > PRE_EVENT_BASELINE * 1.03,PRE_EVENT_BASELINE_RATIO,1.03,ratio_to_baseline,LP_Economizer.ExchangerWall.Tp[1],650,GT_TRIP_RAW_DATA_0.1s_0-40s.csv,0-10,CALIBRATED_MODEL_DIRECT,Direct model quantity and physical unit available
AL-0619,DCS2,HRSG,dcs2.csv,ABB_HRSG_BOP,HRSG,LP HRSG,LP Economizer Wall 2,M-V_DIRECT,TSP.MV.LP_ECONOMIZER.WALL.TP_2,LP_Economizer.ExchangerWall.Tp[2],Tp,H,LP Economizer Wall 2 벽온도 고(H),LP_Economizer.ExchangerWall.Tp[2] > 669.5 K,ABSOLUTE_MODEL_VALUE,669.5,K,HIGH,10,6.5 K,3,MEDIUM,노랑,#FFD60A,FALSE,TRUE,TRUE,NONE,TRUE,TRUE,A-L,VIRTUAL_MODEL_PRETRIP_CALIBRATION,MODEL_SIGNAL_VERIFIED_ABSOLUTE_THRESHOLD_CALIBRATED,READY_ABSOLUTE_MODEL_VALUE,https://build.openmodelica.org/Documentation/ThermoSysPro.WaterSteam.HeatExchangers.DynamicTwoPhaseFlowPipe.html,원시 변수명은 공개 빌드 로그로 확인. 임계값·지연·히스테리시스는 시연용 A-L 가정이며 현장 기준으로 교체 필요.,DCS2,HRSG,Tp > PRE_EVENT_BASELINE * 1.03,PRE_EVENT_BASELINE_RATIO,1.03,ratio_to_baseline,LP_Economizer.ExchangerWall.Tp[2],650,GT_TRIP_RAW_DATA_0.1s_0-40s.csv,0-10,CALIBRATED_MODEL_DIRECT,Direct model quantity and physical unit available
AL-0620,DCS2,HRSG,dcs2.csv,ABB_HRSG_BOP,HRSG,LP HRSG,LP Economizer Wall 3,M-V_DIRECT,TSP.MV.LP_ECONOMIZER.WALL.TP_3,LP_Economizer.ExchangerWall.Tp[3],Tp,H,LP Economizer Wall 3 벽온도 고(H),LP_Economizer.ExchangerWall.Tp[3] > 669.5 K,ABSOLUTE_MODEL_VALUE,669.5,K,HIGH,10,6.5 K,3,MEDIUM,노랑,#FFD60A,FALSE,TRUE,TRUE,NONE,TRUE,TRUE,A-L,VIRTUAL_MODEL_PRETRIP_CALIBRATION,MODEL_SIGNAL_VERIFIED_ABSOLUTE_THRESHOLD_CALIBRATED,READY_ABSOLUTE_MODEL_VALUE,https://build.openmodelica.org/Documentation/ThermoSysPro.WaterSteam.HeatExchangers.DynamicTwoPhaseFlowPipe.html,원시 변수명은 공개 빌드 로그로 확인. 임계값·지연·히스테리시스는 시연용 A-L 가정이며 현장 기준으로 교체 필요.,DCS2,HRSG,Tp > PRE_EVENT_BASELINE * 1.03,PRE_EVENT_BASELINE_RATIO,1.03,ratio_to_baseline,LP_Economizer.ExchangerWall.Tp[3],650,GT_TRIP_RAW_DATA_0.1s_0-40s.csv,0-10,CALIBRATED_MODEL_DIRECT,Direct model quantity and physical unit available
AL-0621,DCS2,HRSG,dcs2.csv,ABB_HRSG_BOP,HRSG,LP HRSG,LP Evaporator Cell 1,M-V_DIRECT,TSP.MV.LP_EVAPORATOR.WS.Q_1,LP_Evaporator.TwoPhaseFlowPipe.Q[1],Q,L,LP Evaporator Cell 1 유량 저(L),LP_Evaporator.TwoPhaseFlowPipe.Q[1] < 75 kg/s,ABSOLUTE_MODEL_VALUE,75,kg/s,LOW,5,5 kg/s,3,MEDIUM,노랑,#FFD60A,FALSE,TRUE,TRUE,NONE,TRUE,TRUE,A-L,VIRTUAL_MODEL_PRETRIP_CALIBRATION,MODEL_SIGNAL_VERIFIED_ABSOLUTE_THRESHOLD_CALIBRATED,READY_ABSOLUTE_MODEL_VALUE,https://build.openmodelica.org/Documentation/ThermoSysPro.WaterSteam.HeatExchangers.DynamicTwoPhaseFlowPipe.html,원시 변수명은 공개 빌드 로그로 확인. 임계값·지연·히스테리시스는 시연용 A-L 가정이며 현장 기준으로 교체 필요.,DCS2,HRSG,Q < PRE_EVENT_BASELINE * 0.75,PRE_EVENT_BASELINE_RATIO,0.75,ratio_to_baseline,LP_Evaporator.TwoPhaseFlowPipe.Q[1],100,GT_TRIP_RAW_DATA_0.1s_0-40s.csv,0-10,CALIBRATED_MODEL_DIRECT,Direct model quantity and physical unit available
AL-0622,DCS2,HRSG,dcs2.csv,ABB_HRSG_BOP,HRSG,LP HRSG,LP Evaporator Cell 2,M-V_DIRECT,TSP.MV.LP_EVAPORATOR.WS.P_2,LP_Evaporator.TwoPhaseFlowPipe.P[2],P,H,LP Evaporator Cell 2 압력 고(H),LP_Evaporator.TwoPhaseFlowPipe.P[2] > 105 Pa,ABSOLUTE_MODEL_VALUE,105,Pa,HIGH,5,1 Pa,3,MEDIUM,노랑,#FFD60A,FALSE,TRUE,TRUE,NONE,TRUE,TRUE,A-L,VIRTUAL_MODEL_PRETRIP_CALIBRATION,MODEL_SIGNAL_VERIFIED_ABSOLUTE_THRESHOLD_CALIBRATED,READY_ABSOLUTE_MODEL_VALUE,https://build.openmodelica.org/Documentation/ThermoSysPro.WaterSteam.HeatExchangers.DynamicTwoPhaseFlowPipe.html,원시 변수명은 공개 빌드 로그로 확인. 임계값·지연·히스테리시스는 시연용 A-L 가정이며 현장 기준으로 교체 필요.,DCS2,HRSG,P > PRE_EVENT_BASELINE * 1.05,PRE_EVENT_BASELINE_RATIO,1.05,ratio_to_baseline,LP_Evaporator.TwoPhaseFlowPipe.P[2],100,GT_TRIP_RAW_DATA_0.1s_0-40s.csv,0-10,CALIBRATED_MODEL_DIRECT,Direct model quantity and physical unit available
AL-0623,DCS2,HRSG,dcs2.csv,ABB_HRSG_BOP,HRSG,LP HRSG,LP Evaporator Cell 2,M-V_DIRECT,TSP.MV.LP_EVAPORATOR.WS.P_2,LP_Evaporator.TwoPhaseFlowPipe.P[2],P,L,LP Evaporator Cell 2 압력 저(L),LP_Evaporator.TwoPhaseFlowPipe.P[2] < 95 Pa,ABSOLUTE_MODEL_VALUE,95,Pa,LOW,5,1 Pa,3,MEDIUM,노랑,#FFD60A,FALSE,TRUE,TRUE,NONE,TRUE,TRUE,A-L,VIRTUAL_MODEL_PRETRIP_CALIBRATION,MODEL_SIGNAL_VERIFIED_ABSOLUTE_THRESHOLD_CALIBRATED,READY_ABSOLUTE_MODEL_VALUE,https://build.openmodelica.org/Documentation/ThermoSysPro.WaterSteam.HeatExchangers.DynamicTwoPhaseFlowPipe.html,원시 변수명은 공개 빌드 로그로 확인. 임계값·지연·히스테리시스는 시연용 A-L 가정이며 현장 기준으로 교체 필요.,DCS2,HRSG,P < PRE_EVENT_BASELINE * 0.95,PRE_EVENT_BASELINE_RATIO,0.95,ratio_to_baseline,LP_Evaporator.TwoPhaseFlowPipe.P[2],100,GT_TRIP_RAW_DATA_0.1s_0-40s.csv,0-10,CALIBRATED_MODEL_DIRECT,Direct model quantity and physical unit available
AL-0624,DCS2,HRSG,dcs2.csv,ABB_HRSG_BOP,HRSG,LP HRSG,LP Evaporator Cell 2,M-V_DIRECT,TSP.MV.LP_EVAPORATOR.WS.Q_2,LP_Evaporator.TwoPhaseFlowPipe.Q[2],Q,L,LP Evaporator Cell 2 유량 저(L),LP_Evaporator.TwoPhaseFlowPipe.Q[2] < 75 kg/s,ABSOLUTE_MODEL_VALUE,75,kg/s,LOW,5,5 kg/s,3,MEDIUM,노랑,#FFD60A,FALSE,TRUE,TRUE,NONE,TRUE,TRUE,A-L,VIRTUAL_MODEL_PRETRIP_CALIBRATION,MODEL_SIGNAL_VERIFIED_ABSOLUTE_THRESHOLD_CALIBRATED,READY_ABSOLUTE_MODEL_VALUE,https://build.openmodelica.org/Documentation/ThermoSysPro.WaterSteam.HeatExchangers.DynamicTwoPhaseFlowPipe.html,원시 변수명은 공개 빌드 로그로 확인. 임계값·지연·히스테리시스는 시연용 A-L 가정이며 현장 기준으로 교체 필요.,DCS2,HRSG,Q < PRE_EVENT_BASELINE * 0.75,PRE_EVENT_BASELINE_RATIO,0.75,ratio_to_baseline,LP_Evaporator.TwoPhaseFlowPipe.Q[2],100,GT_TRIP_RAW_DATA_0.1s_0-40s.csv,0-10,CALIBRATED_MODEL_DIRECT,Direct model quantity and physical unit available
AL-0625,DCS2,HRSG,dcs2.csv,ABB_HRSG_BOP,HRSG,LP HRSG,LP Evaporator Cell 2,M-V_CALCULATED,TSP.MV.LP_EVAPORATOR.WS.P_2;TSP.MV.LP_EVAPORATOR.WS.H_2,LP_Evaporator.TwoPhaseFlowPipe.P[2];LP_Evaporator.TwoPhaseFlowPipe.h[2],"T_ph(P,h)",H,LP Evaporator Cell 2 유체온도 고(H),DISABLED_UNTIL_ABSOLUTE_PHYSICAL_SIGNAL_AVAILABLE,ABSOLUTE_VALUE_PENDING,,,HIGH,5,0.01 ratio,3,MEDIUM,노랑,#FFD60A,FALSE,TRUE,TRUE,NONE,FALSE,TRUE,A-L,THERMOSYSPRO_MODEL+ASSUMED_LOGIC,ABSOLUTE_PHYSICAL_VALUE_NOT_AVAILABLE,DISABLED_PENDING_PHYSICAL_OUTPUT,https://build.openmodelica.org/Documentation/ThermoSysPro.WaterSteam.HeatExchangers.DynamicTwoPhaseFlowPipe.html,원시 변수명은 공개 빌드 로그로 확인. 임계값·지연·히스테리시스는 시연용 A-L 가정이며 현장 기준으로 교체 필요.,DCS2,HRSG,"T_ph(P,h) > PRE_EVENT_BASELINE * 1.03",PRE_EVENT_BASELINE_RATIO,1.03,ratio_to_baseline,,,,,DEFERRED_PROPERTY_CALCULATION,P/h property output must be exported and calculated in physical units
AL-0626,DCS2,HRSG,dcs2.csv,ABB_HRSG_BOP,HRSG,LP HRSG,LP Evaporator Cell 2,M-V_CALCULATED,TSP.MV.LP_EVAPORATOR.WS.P_2;TSP.MV.LP_EVAPORATOR.WS.H_2,LP_Evaporator.TwoPhaseFlowPipe.P[2];LP_Evaporator.TwoPhaseFlowPipe.h[2],"T_ph(P,h)",L,LP Evaporator Cell 2 유체온도 저(L),DISABLED_UNTIL_ABSOLUTE_PHYSICAL_SIGNAL_AVAILABLE,ABSOLUTE_VALUE_PENDING,,,LOW,5,0.01 ratio,3,MEDIUM,노랑,#FFD60A,FALSE,TRUE,TRUE,NONE,FALSE,TRUE,A-L,THERMOSYSPRO_MODEL+ASSUMED_LOGIC,ABSOLUTE_PHYSICAL_VALUE_NOT_AVAILABLE,DISABLED_PENDING_PHYSICAL_OUTPUT,https://build.openmodelica.org/Documentation/ThermoSysPro.WaterSteam.HeatExchangers.DynamicTwoPhaseFlowPipe.html,원시 변수명은 공개 빌드 로그로 확인. 임계값·지연·히스테리시스는 시연용 A-L 가정이며 현장 기준으로 교체 필요.,DCS2,HRSG,"T_ph(P,h) < PRE_EVENT_BASELINE * 0.97",PRE_EVENT_BASELINE_RATIO,0.97,ratio_to_baseline,,,,,DEFERRED_PROPERTY_CALCULATION,P/h property output must be exported and calculated in physical units
AL-0627,DCS2,HRSG,dcs2.csv,ABB_HRSG_BOP,HRSG,LP HRSG,LP Evaporator Cell 3,M-V_DIRECT,TSP.MV.LP_EVAPORATOR.WS.P_3,LP_Evaporator.TwoPhaseFlowPipe.P[3],P,H,LP Evaporator Cell 3 압력 고(H),LP_Evaporator.TwoPhaseFlowPipe.P[3] > 105 Pa,ABSOLUTE_MODEL_VALUE,105,Pa,HIGH,5,1 Pa,3,MEDIUM,노랑,#FFD60A,FALSE,TRUE,TRUE,NONE,TRUE,TRUE,A-L,VIRTUAL_MODEL_PRETRIP_CALIBRATION,MODEL_SIGNAL_VERIFIED_ABSOLUTE_THRESHOLD_CALIBRATED,READY_ABSOLUTE_MODEL_VALUE,https://build.openmodelica.org/Documentation/ThermoSysPro.WaterSteam.HeatExchangers.DynamicTwoPhaseFlowPipe.html,원시 변수명은 공개 빌드 로그로 확인. 임계값·지연·히스테리시스는 시연용 A-L 가정이며 현장 기준으로 교체 필요.,DCS2,HRSG,P > PRE_EVENT_BASELINE * 1.05,PRE_EVENT_BASELINE_RATIO,1.05,ratio_to_baseline,LP_Evaporator.TwoPhaseFlowPipe.P[3],100,GT_TRIP_RAW_DATA_0.1s_0-40s.csv,0-10,CALIBRATED_MODEL_DIRECT,Direct model quantity and physical unit available
AL-0628,DCS2,HRSG,dcs2.csv,ABB_HRSG_BOP,HRSG,LP HRSG,LP Evaporator Cell 3,M-V_DIRECT,TSP.MV.LP_EVAPORATOR.WS.P_3,LP_Evaporator.TwoPhaseFlowPipe.P[3],P,L,LP Evaporator Cell 3 압력 저(L),LP_Evaporator.TwoPhaseFlowPipe.P[3] < 95 Pa,ABSOLUTE_MODEL_VALUE,95,Pa,LOW,5,1 Pa,3,MEDIUM,노랑,#FFD60A,FALSE,TRUE,TRUE,NONE,TRUE,TRUE,A-L,VIRTUAL_MODEL_PRETRIP_CALIBRATION,MODEL_SIGNAL_VERIFIED_ABSOLUTE_THRESHOLD_CALIBRATED,READY_ABSOLUTE_MODEL_VALUE,https://build.openmodelica.org/Documentation/ThermoSysPro.WaterSteam.HeatExchangers.DynamicTwoPhaseFlowPipe.html,원시 변수명은 공개 빌드 로그로 확인. 임계값·지연·히스테리시스는 시연용 A-L 가정이며 현장 기준으로 교체 필요.,DCS2,HRSG,P < PRE_EVENT_BASELINE * 0.95,PRE_EVENT_BASELINE_RATIO,0.95,ratio_to_baseline,LP_Evaporator.TwoPhaseFlowPipe.P[3],100,GT_TRIP_RAW_DATA_0.1s_0-40s.csv,0-10,CALIBRATED_MODEL_DIRECT,Direct model quantity and physical unit available
AL-0629,DCS2,HRSG,dcs2.csv,ABB_HRSG_BOP,HRSG,LP HRSG,LP Evaporator Cell 3,M-V_DIRECT,TSP.MV.LP_EVAPORATOR.WS.Q_3,LP_Evaporator.TwoPhaseFlowPipe.Q[3],Q,L,LP Evaporator Cell 3 유량 저(L),LP_Evaporator.TwoPhaseFlowPipe.Q[3] < 75 kg/s,ABSOLUTE_MODEL_VALUE,75,kg/s,LOW,5,5 kg/s,3,MEDIUM,노랑,#FFD60A,FALSE,TRUE,TRUE,NONE,TRUE,TRUE,A-L,VIRTUAL_MODEL_PRETRIP_CALIBRATION,MODEL_SIGNAL_VERIFIED_ABSOLUTE_THRESHOLD_CALIBRATED,READY_ABSOLUTE_MODEL_VALUE,https://build.openmodelica.org/Documentation/ThermoSysPro.WaterSteam.HeatExchangers.DynamicTwoPhaseFlowPipe.html,원시 변수명은 공개 빌드 로그로 확인. 임계값·지연·히스테리시스는 시연용 A-L 가정이며 현장 기준으로 교체 필요.,DCS2,HRSG,Q < PRE_EVENT_BASELINE * 0.75,PRE_EVENT_BASELINE_RATIO,0.75,ratio_to_baseline,LP_Evaporator.TwoPhaseFlowPipe.Q[3],100,GT_TRIP_RAW_DATA_0.1s_0-40s.csv,0-10,CALIBRATED_MODEL_DIRECT,Direct model quantity and physical unit available
AL-0630,DCS2,HRSG,dcs2.csv,ABB_HRSG_BOP,HRSG,LP HRSG,LP Evaporator Cell 3,M-V_CALCULATED,TSP.MV.LP_EVAPORATOR.WS.P_3;TSP.MV.LP_EVAPORATOR.WS.H_3,LP_Evaporator.TwoPhaseFlowPipe.P[3];LP_Evaporator.TwoPhaseFlowPipe.h[3],"T_ph(P,h)",H,LP Evaporator Cell 3 유체온도 고(H),DISABLED_UNTIL_ABSOLUTE_PHYSICAL_SIGNAL_AVAILABLE,ABSOLUTE_VALUE_PENDING,,,HIGH,5,0.01 ratio,3,MEDIUM,노랑,#FFD60A,FALSE,TRUE,TRUE,NONE,FALSE,TRUE,A-L,THERMOSYSPRO_MODEL+ASSUMED_LOGIC,ABSOLUTE_PHYSICAL_VALUE_NOT_AVAILABLE,DISABLED_PENDING_PHYSICAL_OUTPUT,https://build.openmodelica.org/Documentation/ThermoSysPro.WaterSteam.HeatExchangers.DynamicTwoPhaseFlowPipe.html,원시 변수명은 공개 빌드 로그로 확인. 임계값·지연·히스테리시스는 시연용 A-L 가정이며 현장 기준으로 교체 필요.,DCS2,HRSG,"T_ph(P,h) > PRE_EVENT_BASELINE * 1.03",PRE_EVENT_BASELINE_RATIO,1.03,ratio_to_baseline,,,,,DEFERRED_PROPERTY_CALCULATION,P/h property output must be exported and calculated in physical units
AL-0631,DCS2,HRSG,dcs2.csv,ABB_HRSG_BOP,HRSG,LP HRSG,LP Evaporator Cell 3,M-V_CALCULATED,TSP.MV.LP_EVAPORATOR.WS.P_3;TSP.MV.LP_EVAPORATOR.WS.H_3,LP_Evaporator.TwoPhaseFlowPipe.P[3];LP_Evaporator.TwoPhaseFlowPipe.h[3],"T_ph(P,h)",L,LP Evaporator Cell 3 유체온도 저(L),DISABLED_UNTIL_ABSOLUTE_PHYSICAL_SIGNAL_AVAILABLE,ABSOLUTE_VALUE_PENDING,,,LOW,5,0.01 ratio,3,MEDIUM,노랑,#FFD60A,FALSE,TRUE,TRUE,NONE,FALSE,TRUE,A-L,THERMOSYSPRO_MODEL+ASSUMED_LOGIC,ABSOLUTE_PHYSICAL_VALUE_NOT_AVAILABLE,DISABLED_PENDING_PHYSICAL_OUTPUT,https://build.openmodelica.org/Documentation/ThermoSysPro.WaterSteam.HeatExchangers.DynamicTwoPhaseFlowPipe.html,원시 변수명은 공개 빌드 로그로 확인. 임계값·지연·히스테리시스는 시연용 A-L 가정이며 현장 기준으로 교체 필요.,DCS2,HRSG,"T_ph(P,h) < PRE_EVENT_BASELINE * 0.97",PRE_EVENT_BASELINE_RATIO,0.97,ratio_to_baseline,,,,,DEFERRED_PROPERTY_CALCULATION,P/h property output must be exported and calculated in physical units
AL-0632,DCS2,HRSG,dcs2.csv,ABB_HRSG_BOP,HRSG,LP HRSG,LP Evaporator Cell 4,M-V_DIRECT,TSP.MV.LP_EVAPORATOR.WS.P_4,LP_Evaporator.TwoPhaseFlowPipe.P[4],P,H,LP Evaporator Cell 4 압력 고(H),LP_Evaporator.TwoPhaseFlowPipe.P[4] > 105 Pa,ABSOLUTE_MODEL_VALUE,105,Pa,HIGH,5,1 Pa,3,MEDIUM,노랑,#FFD60A,FALSE,TRUE,TRUE,NONE,TRUE,TRUE,A-L,VIRTUAL_MODEL_PRETRIP_CALIBRATION,MODEL_SIGNAL_VERIFIED_ABSOLUTE_THRESHOLD_CALIBRATED,READY_ABSOLUTE_MODEL_VALUE,https://build.openmodelica.org/Documentation/ThermoSysPro.WaterSteam.HeatExchangers.DynamicTwoPhaseFlowPipe.html,원시 변수명은 공개 빌드 로그로 확인. 임계값·지연·히스테리시스는 시연용 A-L 가정이며 현장 기준으로 교체 필요.,DCS2,HRSG,P > PRE_EVENT_BASELINE * 1.05,PRE_EVENT_BASELINE_RATIO,1.05,ratio_to_baseline,LP_Evaporator.TwoPhaseFlowPipe.P[4],100,GT_TRIP_RAW_DATA_0.1s_0-40s.csv,0-10,CALIBRATED_MODEL_DIRECT,Direct model quantity and physical unit available
AL-0633,DCS2,HRSG,dcs2.csv,ABB_HRSG_BOP,HRSG,LP HRSG,LP Evaporator Cell 4,M-V_DIRECT,TSP.MV.LP_EVAPORATOR.WS.P_4,LP_Evaporator.TwoPhaseFlowPipe.P[4],P,L,LP Evaporator Cell 4 압력 저(L),LP_Evaporator.TwoPhaseFlowPipe.P[4] < 95 Pa,ABSOLUTE_MODEL_VALUE,95,Pa,LOW,5,1 Pa,3,MEDIUM,노랑,#FFD60A,FALSE,TRUE,TRUE,NONE,TRUE,TRUE,A-L,VIRTUAL_MODEL_PRETRIP_CALIBRATION,MODEL_SIGNAL_VERIFIED_ABSOLUTE_THRESHOLD_CALIBRATED,READY_ABSOLUTE_MODEL_VALUE,https://build.openmodelica.org/Documentation/ThermoSysPro.WaterSteam.HeatExchangers.DynamicTwoPhaseFlowPipe.html,원시 변수명은 공개 빌드 로그로 확인. 임계값·지연·히스테리시스는 시연용 A-L 가정이며 현장 기준으로 교체 필요.,DCS2,HRSG,P < PRE_EVENT_BASELINE * 0.95,PRE_EVENT_BASELINE_RATIO,0.95,ratio_to_baseline,LP_Evaporator.TwoPhaseFlowPipe.P[4],100,GT_TRIP_RAW_DATA_0.1s_0-40s.csv,0-10,CALIBRATED_MODEL_DIRECT,Direct model quantity and physical unit available
AL-0634,DCS2,HRSG,dcs2.csv,ABB_HRSG_BOP,HRSG,LP HRSG,LP Evaporator Cell 4,M-V_DIRECT,TSP.MV.LP_EVAPORATOR.WS.Q_4,LP_Evaporator.TwoPhaseFlowPipe.Q[4],Q,L,LP Evaporator Cell 4 유량 저(L),LP_Evaporator.TwoPhaseFlowPipe.Q[4] < 75 kg/s,ABSOLUTE_MODEL_VALUE,75,kg/s,LOW,5,5 kg/s,3,MEDIUM,노랑,#FFD60A,FALSE,TRUE,TRUE,NONE,TRUE,TRUE,A-L,VIRTUAL_MODEL_PRETRIP_CALIBRATION,MODEL_SIGNAL_VERIFIED_ABSOLUTE_THRESHOLD_CALIBRATED,READY_ABSOLUTE_MODEL_VALUE,https://build.openmodelica.org/Documentation/ThermoSysPro.WaterSteam.HeatExchangers.DynamicTwoPhaseFlowPipe.html,원시 변수명은 공개 빌드 로그로 확인. 임계값·지연·히스테리시스는 시연용 A-L 가정이며 현장 기준으로 교체 필요.,DCS2,HRSG,Q < PRE_EVENT_BASELINE * 0.75,PRE_EVENT_BASELINE_RATIO,0.75,ratio_to_baseline,LP_Evaporator.TwoPhaseFlowPipe.Q[4],100,GT_TRIP_RAW_DATA_0.1s_0-40s.csv,0-10,CALIBRATED_MODEL_DIRECT,Direct model quantity and physical unit available
AL-0635,DCS2,HRSG,dcs2.csv,ABB_HRSG_BOP,HRSG,LP HRSG,LP Evaporator Cell 4,M-V_CALCULATED,TSP.MV.LP_EVAPORATOR.WS.P_4;TSP.MV.LP_EVAPORATOR.WS.H_4,LP_Evaporator.TwoPhaseFlowPipe.P[4];LP_Evaporator.TwoPhaseFlowPipe.h[4],"T_ph(P,h)",H,LP Evaporator Cell 4 유체온도 고(H),DISABLED_UNTIL_ABSOLUTE_PHYSICAL_SIGNAL_AVAILABLE,ABSOLUTE_VALUE_PENDING,,,HIGH,5,0.01 ratio,3,MEDIUM,노랑,#FFD60A,FALSE,TRUE,TRUE,NONE,FALSE,TRUE,A-L,THERMOSYSPRO_MODEL+ASSUMED_LOGIC,ABSOLUTE_PHYSICAL_VALUE_NOT_AVAILABLE,DISABLED_PENDING_PHYSICAL_OUTPUT,https://build.openmodelica.org/Documentation/ThermoSysPro.WaterSteam.HeatExchangers.DynamicTwoPhaseFlowPipe.html,원시 변수명은 공개 빌드 로그로 확인. 임계값·지연·히스테리시스는 시연용 A-L 가정이며 현장 기준으로 교체 필요.,DCS2,HRSG,"T_ph(P,h) > PRE_EVENT_BASELINE * 1.03",PRE_EVENT_BASELINE_RATIO,1.03,ratio_to_baseline,,,,,DEFERRED_PROPERTY_CALCULATION,P/h property output must be exported and calculated in physical units
AL-0636,DCS2,HRSG,dcs2.csv,ABB_HRSG_BOP,HRSG,LP HRSG,LP Evaporator Cell 4,M-V_CALCULATED,TSP.MV.LP_EVAPORATOR.WS.P_4;TSP.MV.LP_EVAPORATOR.WS.H_4,LP_Evaporator.TwoPhaseFlowPipe.P[4];LP_Evaporator.TwoPhaseFlowPipe.h[4],"T_ph(P,h)",L,LP Evaporator Cell 4 유체온도 저(L),DISABLED_UNTIL_ABSOLUTE_PHYSICAL_SIGNAL_AVAILABLE,ABSOLUTE_VALUE_PENDING,,,LOW,5,0.01 ratio,3,MEDIUM,노랑,#FFD60A,FALSE,TRUE,TRUE,NONE,FALSE,TRUE,A-L,THERMOSYSPRO_MODEL+ASSUMED_LOGIC,ABSOLUTE_PHYSICAL_VALUE_NOT_AVAILABLE,DISABLED_PENDING_PHYSICAL_OUTPUT,https://build.openmodelica.org/Documentation/ThermoSysPro.WaterSteam.HeatExchangers.DynamicTwoPhaseFlowPipe.html,원시 변수명은 공개 빌드 로그로 확인. 임계값·지연·히스테리시스는 시연용 A-L 가정이며 현장 기준으로 교체 필요.,DCS2,HRSG,"T_ph(P,h) < PRE_EVENT_BASELINE * 0.97",PRE_EVENT_BASELINE_RATIO,0.97,ratio_to_baseline,,,,,DEFERRED_PROPERTY_CALCULATION,P/h property output must be exported and calculated in physical units
AL-0637,DCS2,HRSG,dcs2.csv,ABB_HRSG_BOP,HRSG,LP HRSG,LP Evaporator Wall 1,M-V_DIRECT,TSP.MV.LP_EVAPORATOR.WALL.TP_1,LP_Evaporator.ExchangerWall.Tp[1],Tp,H,LP Evaporator Wall 1 벽온도 고(H),LP_Evaporator.ExchangerWall.Tp[1] > 103 K,ABSOLUTE_MODEL_VALUE,103,K,HIGH,10,1 K,3,MEDIUM,노랑,#FFD60A,FALSE,TRUE,TRUE,NONE,TRUE,TRUE,A-L,VIRTUAL_MODEL_PRETRIP_CALIBRATION,MODEL_SIGNAL_VERIFIED_ABSOLUTE_THRESHOLD_CALIBRATED,READY_ABSOLUTE_MODEL_VALUE,https://build.openmodelica.org/Documentation/ThermoSysPro.WaterSteam.HeatExchangers.DynamicTwoPhaseFlowPipe.html,원시 변수명은 공개 빌드 로그로 확인. 임계값·지연·히스테리시스는 시연용 A-L 가정이며 현장 기준으로 교체 필요.,DCS2,HRSG,Tp > PRE_EVENT_BASELINE * 1.03,PRE_EVENT_BASELINE_RATIO,1.03,ratio_to_baseline,LP_Evaporator.ExchangerWall.Tp[1],100,GT_TRIP_RAW_DATA_0.1s_0-40s.csv,0-10,CALIBRATED_MODEL_DIRECT,Direct model quantity and physical unit available
AL-0638,DCS2,HRSG,dcs2.csv,ABB_HRSG_BOP,HRSG,LP HRSG,LP Evaporator Wall 2,M-V_DIRECT,TSP.MV.LP_EVAPORATOR.WALL.TP_2,LP_Evaporator.ExchangerWall.Tp[2],Tp,H,LP Evaporator Wall 2 벽온도 고(H),LP_Evaporator.ExchangerWall.Tp[2] > 103 K,ABSOLUTE_MODEL_VALUE,103,K,HIGH,10,1 K,3,MEDIUM,노랑,#FFD60A,FALSE,TRUE,TRUE,NONE,TRUE,TRUE,A-L,VIRTUAL_MODEL_PRETRIP_CALIBRATION,MODEL_SIGNAL_VERIFIED_ABSOLUTE_THRESHOLD_CALIBRATED,READY_ABSOLUTE_MODEL_VALUE,https://build.openmodelica.org/Documentation/ThermoSysPro.WaterSteam.HeatExchangers.DynamicTwoPhaseFlowPipe.html,원시 변수명은 공개 빌드 로그로 확인. 임계값·지연·히스테리시스는 시연용 A-L 가정이며 현장 기준으로 교체 필요.,DCS2,HRSG,Tp > PRE_EVENT_BASELINE * 1.03,PRE_EVENT_BASELINE_RATIO,1.03,ratio_to_baseline,LP_Evaporator.ExchangerWall.Tp[2],100,GT_TRIP_RAW_DATA_0.1s_0-40s.csv,0-10,CALIBRATED_MODEL_DIRECT,Direct model quantity and physical unit available
AL-0639,DCS2,HRSG,dcs2.csv,ABB_HRSG_BOP,HRSG,LP HRSG,LP Evaporator Wall 3,M-V_DIRECT,TSP.MV.LP_EVAPORATOR.WALL.TP_3,LP_Evaporator.ExchangerWall.Tp[3],Tp,H,LP Evaporator Wall 3 벽온도 고(H),LP_Evaporator.ExchangerWall.Tp[3] > 103 K,ABSOLUTE_MODEL_VALUE,103,K,HIGH,10,1 K,3,MEDIUM,노랑,#FFD60A,FALSE,TRUE,TRUE,NONE,TRUE,TRUE,A-L,VIRTUAL_MODEL_PRETRIP_CALIBRATION,MODEL_SIGNAL_VERIFIED_ABSOLUTE_THRESHOLD_CALIBRATED,READY_ABSOLUTE_MODEL_VALUE,https://build.openmodelica.org/Documentation/ThermoSysPro.WaterSteam.HeatExchangers.DynamicTwoPhaseFlowPipe.html,원시 변수명은 공개 빌드 로그로 확인. 임계값·지연·히스테리시스는 시연용 A-L 가정이며 현장 기준으로 교체 필요.,DCS2,HRSG,Tp > PRE_EVENT_BASELINE * 1.03,PRE_EVENT_BASELINE_RATIO,1.03,ratio_to_baseline,LP_Evaporator.ExchangerWall.Tp[3],100,GT_TRIP_RAW_DATA_0.1s_0-40s.csv,0-10,CALIBRATED_MODEL_DIRECT,Direct model quantity and physical unit available
AL-0640,DCS2,HRSG,dcs2.csv,ABB_HRSG_BOP,HRSG,LP HRSG,LP Superheater Cell 2,M-V_DIRECT,TSP.MV.LP_SUPERHEATER.WS.P_2,LP_SuperHeater.TwoPhaseFlowPipe.P[2],P,H,LP Superheater Cell 2 압력 고(H),LP_SuperHeater.TwoPhaseFlowPipe.P[2] > 105 Pa,ABSOLUTE_MODEL_VALUE,105,Pa,HIGH,5,1 Pa,3,MEDIUM,노랑,#FFD60A,FALSE,TRUE,TRUE,NONE,TRUE,TRUE,A-L,VIRTUAL_MODEL_PRETRIP_CALIBRATION,MODEL_SIGNAL_VERIFIED_ABSOLUTE_THRESHOLD_CALIBRATED,READY_ABSOLUTE_MODEL_VALUE,https://build.openmodelica.org/Documentation/ThermoSysPro.WaterSteam.HeatExchangers.DynamicTwoPhaseFlowPipe.html,원시 변수명은 공개 빌드 로그로 확인. 임계값·지연·히스테리시스는 시연용 A-L 가정이며 현장 기준으로 교체 필요.,DCS2,HRSG,P > PRE_EVENT_BASELINE * 1.05,PRE_EVENT_BASELINE_RATIO,1.05,ratio_to_baseline,LP_SuperHeater.TwoPhaseFlowPipe.P[2],100,GT_TRIP_RAW_DATA_0.1s_0-40s.csv,0-10,CALIBRATED_MODEL_DIRECT,Direct model quantity and physical unit available
AL-0641,DCS2,HRSG,dcs2.csv,ABB_HRSG_BOP,HRSG,LP HRSG,LP Superheater Cell 2,M-V_DIRECT,TSP.MV.LP_SUPERHEATER.WS.P_2,LP_SuperHeater.TwoPhaseFlowPipe.P[2],P,L,LP Superheater Cell 2 압력 저(L),LP_SuperHeater.TwoPhaseFlowPipe.P[2] < 95 Pa,ABSOLUTE_MODEL_VALUE,95,Pa,LOW,5,1 Pa,3,MEDIUM,노랑,#FFD60A,FALSE,TRUE,TRUE,NONE,TRUE,TRUE,A-L,VIRTUAL_MODEL_PRETRIP_CALIBRATION,MODEL_SIGNAL_VERIFIED_ABSOLUTE_THRESHOLD_CALIBRATED,READY_ABSOLUTE_MODEL_VALUE,https://build.openmodelica.org/Documentation/ThermoSysPro.WaterSteam.HeatExchangers.DynamicTwoPhaseFlowPipe.html,원시 변수명은 공개 빌드 로그로 확인. 임계값·지연·히스테리시스는 시연용 A-L 가정이며 현장 기준으로 교체 필요.,DCS2,HRSG,P < PRE_EVENT_BASELINE * 0.95,PRE_EVENT_BASELINE_RATIO,0.95,ratio_to_baseline,LP_SuperHeater.TwoPhaseFlowPipe.P[2],100,GT_TRIP_RAW_DATA_0.1s_0-40s.csv,0-10,CALIBRATED_MODEL_DIRECT,Direct model quantity and physical unit available
AL-0642,DCS2,HRSG,dcs2.csv,ABB_HRSG_BOP,HRSG,LP HRSG,LP Superheater Cell 2,M-V_CALCULATED,TSP.MV.LP_SUPERHEATER.WS.P_2;TSP.MV.LP_SUPERHEATER.WS.H_2,LP_SuperHeater.TwoPhaseFlowPipe.P[2];LP_SuperHeater.TwoPhaseFlowPipe.h[2],"T_ph(P,h)",H,LP Superheater Cell 2 유체온도 고(H),DISABLED_UNTIL_ABSOLUTE_PHYSICAL_SIGNAL_AVAILABLE,ABSOLUTE_VALUE_PENDING,,,HIGH,5,0.01 ratio,3,MEDIUM,노랑,#FFD60A,FALSE,TRUE,TRUE,NONE,FALSE,TRUE,A-L,THERMOSYSPRO_MODEL+ASSUMED_LOGIC,ABSOLUTE_PHYSICAL_VALUE_NOT_AVAILABLE,DISABLED_PENDING_PHYSICAL_OUTPUT,https://build.openmodelica.org/Documentation/ThermoSysPro.WaterSteam.HeatExchangers.DynamicTwoPhaseFlowPipe.html,원시 변수명은 공개 빌드 로그로 확인. 임계값·지연·히스테리시스는 시연용 A-L 가정이며 현장 기준으로 교체 필요.,DCS2,HRSG,"T_ph(P,h) > PRE_EVENT_BASELINE * 1.03",PRE_EVENT_BASELINE_RATIO,1.03,ratio_to_baseline,,,,,DEFERRED_PROPERTY_CALCULATION,P/h property output must be exported and calculated in physical units
AL-0643,DCS2,HRSG,dcs2.csv,ABB_HRSG_BOP,HRSG,LP HRSG,LP Superheater Cell 2,M-V_CALCULATED,TSP.MV.LP_SUPERHEATER.WS.P_2;TSP.MV.LP_SUPERHEATER.WS.H_2,LP_SuperHeater.TwoPhaseFlowPipe.P[2];LP_SuperHeater.TwoPhaseFlowPipe.h[2],"T_ph(P,h)",L,LP Superheater Cell 2 유체온도 저(L),DISABLED_UNTIL_ABSOLUTE_PHYSICAL_SIGNAL_AVAILABLE,ABSOLUTE_VALUE_PENDING,,,LOW,5,0.01 ratio,3,MEDIUM,노랑,#FFD60A,FALSE,TRUE,TRUE,NONE,FALSE,TRUE,A-L,THERMOSYSPRO_MODEL+ASSUMED_LOGIC,ABSOLUTE_PHYSICAL_VALUE_NOT_AVAILABLE,DISABLED_PENDING_PHYSICAL_OUTPUT,https://build.openmodelica.org/Documentation/ThermoSysPro.WaterSteam.HeatExchangers.DynamicTwoPhaseFlowPipe.html,원시 변수명은 공개 빌드 로그로 확인. 임계값·지연·히스테리시스는 시연용 A-L 가정이며 현장 기준으로 교체 필요.,DCS2,HRSG,"T_ph(P,h) < PRE_EVENT_BASELINE * 0.97",PRE_EVENT_BASELINE_RATIO,0.97,ratio_to_baseline,,,,,DEFERRED_PROPERTY_CALCULATION,P/h property output must be exported and calculated in physical units
AL-0644,DCS2,HRSG,dcs2.csv,ABB_HRSG_BOP,HRSG,LP HRSG,LP Superheater Cell 3,M-V_DIRECT,TSP.MV.LP_SUPERHEATER.WS.P_3,LP_SuperHeater.TwoPhaseFlowPipe.P[3],P,H,LP Superheater Cell 3 압력 고(H),LP_SuperHeater.TwoPhaseFlowPipe.P[3] > 105 Pa,ABSOLUTE_MODEL_VALUE,105,Pa,HIGH,5,1 Pa,3,MEDIUM,노랑,#FFD60A,FALSE,TRUE,TRUE,NONE,TRUE,TRUE,A-L,VIRTUAL_MODEL_PRETRIP_CALIBRATION,MODEL_SIGNAL_VERIFIED_ABSOLUTE_THRESHOLD_CALIBRATED,READY_ABSOLUTE_MODEL_VALUE,https://build.openmodelica.org/Documentation/ThermoSysPro.WaterSteam.HeatExchangers.DynamicTwoPhaseFlowPipe.html,원시 변수명은 공개 빌드 로그로 확인. 임계값·지연·히스테리시스는 시연용 A-L 가정이며 현장 기준으로 교체 필요.,DCS2,HRSG,P > PRE_EVENT_BASELINE * 1.05,PRE_EVENT_BASELINE_RATIO,1.05,ratio_to_baseline,LP_SuperHeater.TwoPhaseFlowPipe.P[3],100,GT_TRIP_RAW_DATA_0.1s_0-40s.csv,0-10,CALIBRATED_MODEL_DIRECT,Direct model quantity and physical unit available
AL-0645,DCS2,HRSG,dcs2.csv,ABB_HRSG_BOP,HRSG,LP HRSG,LP Superheater Cell 3,M-V_DIRECT,TSP.MV.LP_SUPERHEATER.WS.P_3,LP_SuperHeater.TwoPhaseFlowPipe.P[3],P,L,LP Superheater Cell 3 압력 저(L),LP_SuperHeater.TwoPhaseFlowPipe.P[3] < 95 Pa,ABSOLUTE_MODEL_VALUE,95,Pa,LOW,5,1 Pa,3,MEDIUM,노랑,#FFD60A,FALSE,TRUE,TRUE,NONE,TRUE,TRUE,A-L,VIRTUAL_MODEL_PRETRIP_CALIBRATION,MODEL_SIGNAL_VERIFIED_ABSOLUTE_THRESHOLD_CALIBRATED,READY_ABSOLUTE_MODEL_VALUE,https://build.openmodelica.org/Documentation/ThermoSysPro.WaterSteam.HeatExchangers.DynamicTwoPhaseFlowPipe.html,원시 변수명은 공개 빌드 로그로 확인. 임계값·지연·히스테리시스는 시연용 A-L 가정이며 현장 기준으로 교체 필요.,DCS2,HRSG,P < PRE_EVENT_BASELINE * 0.95,PRE_EVENT_BASELINE_RATIO,0.95,ratio_to_baseline,LP_SuperHeater.TwoPhaseFlowPipe.P[3],100,GT_TRIP_RAW_DATA_0.1s_0-40s.csv,0-10,CALIBRATED_MODEL_DIRECT,Direct model quantity and physical unit available
AL-0646,DCS2,HRSG,dcs2.csv,ABB_HRSG_BOP,HRSG,LP HRSG,LP Superheater Cell 3,M-V_CALCULATED,TSP.MV.LP_SUPERHEATER.WS.P_3;TSP.MV.LP_SUPERHEATER.WS.H_3,LP_SuperHeater.TwoPhaseFlowPipe.P[3];LP_SuperHeater.TwoPhaseFlowPipe.h[3],"T_ph(P,h)",H,LP Superheater Cell 3 유체온도 고(H),DISABLED_UNTIL_ABSOLUTE_PHYSICAL_SIGNAL_AVAILABLE,ABSOLUTE_VALUE_PENDING,,,HIGH,5,0.01 ratio,3,MEDIUM,노랑,#FFD60A,FALSE,TRUE,TRUE,NONE,FALSE,TRUE,A-L,THERMOSYSPRO_MODEL+ASSUMED_LOGIC,ABSOLUTE_PHYSICAL_VALUE_NOT_AVAILABLE,DISABLED_PENDING_PHYSICAL_OUTPUT,https://build.openmodelica.org/Documentation/ThermoSysPro.WaterSteam.HeatExchangers.DynamicTwoPhaseFlowPipe.html,원시 변수명은 공개 빌드 로그로 확인. 임계값·지연·히스테리시스는 시연용 A-L 가정이며 현장 기준으로 교체 필요.,DCS2,HRSG,"T_ph(P,h) > PRE_EVENT_BASELINE * 1.03",PRE_EVENT_BASELINE_RATIO,1.03,ratio_to_baseline,,,,,DEFERRED_PROPERTY_CALCULATION,P/h property output must be exported and calculated in physical units
AL-0647,DCS2,HRSG,dcs2.csv,ABB_HRSG_BOP,HRSG,LP HRSG,LP Superheater Cell 3,M-V_CALCULATED,TSP.MV.LP_SUPERHEATER.WS.P_3;TSP.MV.LP_SUPERHEATER.WS.H_3,LP_SuperHeater.TwoPhaseFlowPipe.P[3];LP_SuperHeater.TwoPhaseFlowPipe.h[3],"T_ph(P,h)",L,LP Superheater Cell 3 유체온도 저(L),DISABLED_UNTIL_ABSOLUTE_PHYSICAL_SIGNAL_AVAILABLE,ABSOLUTE_VALUE_PENDING,,,LOW,5,0.01 ratio,3,MEDIUM,노랑,#FFD60A,FALSE,TRUE,TRUE,NONE,FALSE,TRUE,A-L,THERMOSYSPRO_MODEL+ASSUMED_LOGIC,ABSOLUTE_PHYSICAL_VALUE_NOT_AVAILABLE,DISABLED_PENDING_PHYSICAL_OUTPUT,https://build.openmodelica.org/Documentation/ThermoSysPro.WaterSteam.HeatExchangers.DynamicTwoPhaseFlowPipe.html,원시 변수명은 공개 빌드 로그로 확인. 임계값·지연·히스테리시스는 시연용 A-L 가정이며 현장 기준으로 교체 필요.,DCS2,HRSG,"T_ph(P,h) < PRE_EVENT_BASELINE * 0.97",PRE_EVENT_BASELINE_RATIO,0.97,ratio_to_baseline,,,,,DEFERRED_PROPERTY_CALCULATION,P/h property output must be exported and calculated in physical units
AL-0648,DCS2,HRSG,dcs2.csv,ABB_HRSG_BOP,HRSG,LP HRSG,LP Superheater Cell 4,M-V_DIRECT,TSP.MV.LP_SUPERHEATER.WS.P_4,LP_SuperHeater.TwoPhaseFlowPipe.P[4],P,H,LP Superheater Cell 4 압력 고(H),LP_SuperHeater.TwoPhaseFlowPipe.P[4] > 105 Pa,ABSOLUTE_MODEL_VALUE,105,Pa,HIGH,5,1 Pa,3,MEDIUM,노랑,#FFD60A,FALSE,TRUE,TRUE,NONE,TRUE,TRUE,A-L,VIRTUAL_MODEL_PRETRIP_CALIBRATION,MODEL_SIGNAL_VERIFIED_ABSOLUTE_THRESHOLD_CALIBRATED,READY_ABSOLUTE_MODEL_VALUE,https://build.openmodelica.org/Documentation/ThermoSysPro.WaterSteam.HeatExchangers.DynamicTwoPhaseFlowPipe.html,원시 변수명은 공개 빌드 로그로 확인. 임계값·지연·히스테리시스는 시연용 A-L 가정이며 현장 기준으로 교체 필요.,DCS2,HRSG,P > PRE_EVENT_BASELINE * 1.05,PRE_EVENT_BASELINE_RATIO,1.05,ratio_to_baseline,LP_SuperHeater.TwoPhaseFlowPipe.P[4],100,GT_TRIP_RAW_DATA_0.1s_0-40s.csv,0-10,CALIBRATED_MODEL_DIRECT,Direct model quantity and physical unit available
AL-0649,DCS2,HRSG,dcs2.csv,ABB_HRSG_BOP,HRSG,LP HRSG,LP Superheater Cell 4,M-V_DIRECT,TSP.MV.LP_SUPERHEATER.WS.P_4,LP_SuperHeater.TwoPhaseFlowPipe.P[4],P,L,LP Superheater Cell 4 압력 저(L),LP_SuperHeater.TwoPhaseFlowPipe.P[4] < 95 Pa,ABSOLUTE_MODEL_VALUE,95,Pa,LOW,5,1 Pa,3,MEDIUM,노랑,#FFD60A,FALSE,TRUE,TRUE,NONE,TRUE,TRUE,A-L,VIRTUAL_MODEL_PRETRIP_CALIBRATION,MODEL_SIGNAL_VERIFIED_ABSOLUTE_THRESHOLD_CALIBRATED,READY_ABSOLUTE_MODEL_VALUE,https://build.openmodelica.org/Documentation/ThermoSysPro.WaterSteam.HeatExchangers.DynamicTwoPhaseFlowPipe.html,원시 변수명은 공개 빌드 로그로 확인. 임계값·지연·히스테리시스는 시연용 A-L 가정이며 현장 기준으로 교체 필요.,DCS2,HRSG,P < PRE_EVENT_BASELINE * 0.95,PRE_EVENT_BASELINE_RATIO,0.95,ratio_to_baseline,LP_SuperHeater.TwoPhaseFlowPipe.P[4],100,GT_TRIP_RAW_DATA_0.1s_0-40s.csv,0-10,CALIBRATED_MODEL_DIRECT,Direct model quantity and physical unit available
AL-0650,DCS2,HRSG,dcs2.csv,ABB_HRSG_BOP,HRSG,LP HRSG,LP Superheater Cell 4,M-V_CALCULATED,TSP.MV.LP_SUPERHEATER.WS.P_4;TSP.MV.LP_SUPERHEATER.WS.H_4,LP_SuperHeater.TwoPhaseFlowPipe.P[4];LP_SuperHeater.TwoPhaseFlowPipe.h[4],"T_ph(P,h)",H,LP Superheater Cell 4 유체온도 고(H),DISABLED_UNTIL_ABSOLUTE_PHYSICAL_SIGNAL_AVAILABLE,ABSOLUTE_VALUE_PENDING,,,HIGH,5,0.01 ratio,3,MEDIUM,노랑,#FFD60A,FALSE,TRUE,TRUE,NONE,FALSE,TRUE,A-L,THERMOSYSPRO_MODEL+ASSUMED_LOGIC,ABSOLUTE_PHYSICAL_VALUE_NOT_AVAILABLE,DISABLED_PENDING_PHYSICAL_OUTPUT,https://build.openmodelica.org/Documentation/ThermoSysPro.WaterSteam.HeatExchangers.DynamicTwoPhaseFlowPipe.html,원시 변수명은 공개 빌드 로그로 확인. 임계값·지연·히스테리시스는 시연용 A-L 가정이며 현장 기준으로 교체 필요.,DCS2,HRSG,"T_ph(P,h) > PRE_EVENT_BASELINE * 1.03",PRE_EVENT_BASELINE_RATIO,1.03,ratio_to_baseline,,,,,DEFERRED_PROPERTY_CALCULATION,P/h property output must be exported and calculated in physical units
AL-0651,DCS2,HRSG,dcs2.csv,ABB_HRSG_BOP,HRSG,LP HRSG,LP Superheater Cell 4,M-V_CALCULATED,TSP.MV.LP_SUPERHEATER.WS.P_4;TSP.MV.LP_SUPERHEATER.WS.H_4,LP_SuperHeater.TwoPhaseFlowPipe.P[4];LP_SuperHeater.TwoPhaseFlowPipe.h[4],"T_ph(P,h)",L,LP Superheater Cell 4 유체온도 저(L),DISABLED_UNTIL_ABSOLUTE_PHYSICAL_SIGNAL_AVAILABLE,ABSOLUTE_VALUE_PENDING,,,LOW,5,0.01 ratio,3,MEDIUM,노랑,#FFD60A,FALSE,TRUE,TRUE,NONE,FALSE,TRUE,A-L,THERMOSYSPRO_MODEL+ASSUMED_LOGIC,ABSOLUTE_PHYSICAL_VALUE_NOT_AVAILABLE,DISABLED_PENDING_PHYSICAL_OUTPUT,https://build.openmodelica.org/Documentation/ThermoSysPro.WaterSteam.HeatExchangers.DynamicTwoPhaseFlowPipe.html,원시 변수명은 공개 빌드 로그로 확인. 임계값·지연·히스테리시스는 시연용 A-L 가정이며 현장 기준으로 교체 필요.,DCS2,HRSG,"T_ph(P,h) < PRE_EVENT_BASELINE * 0.97",PRE_EVENT_BASELINE_RATIO,0.97,ratio_to_baseline,,,,,DEFERRED_PROPERTY_CALCULATION,P/h property output must be exported and calculated in physical units
AL-0652,DCS2,HRSG,dcs2.csv,ABB_HRSG_BOP,HRSG,LP HRSG,LP Superheater Wall 1,M-V_DIRECT,TSP.MV.LP_SUPERHEATER.WALL.TP_1,LP_SuperHeater.ExchangerWall.Tp[1],Tp,H,LP Superheater Wall 1 벽온도 고(H),LP_SuperHeater.ExchangerWall.Tp[1] > 103 K,ABSOLUTE_MODEL_VALUE,103,K,HIGH,10,1 K,3,MEDIUM,노랑,#FFD60A,FALSE,TRUE,TRUE,NONE,TRUE,TRUE,A-L,VIRTUAL_MODEL_PRETRIP_CALIBRATION,MODEL_SIGNAL_VERIFIED_ABSOLUTE_THRESHOLD_CALIBRATED,READY_ABSOLUTE_MODEL_VALUE,https://build.openmodelica.org/Documentation/ThermoSysPro.WaterSteam.HeatExchangers.DynamicTwoPhaseFlowPipe.html,원시 변수명은 공개 빌드 로그로 확인. 임계값·지연·히스테리시스는 시연용 A-L 가정이며 현장 기준으로 교체 필요.,DCS2,HRSG,Tp > PRE_EVENT_BASELINE * 1.03,PRE_EVENT_BASELINE_RATIO,1.03,ratio_to_baseline,LP_SuperHeater.ExchangerWall.Tp[1],100,GT_TRIP_RAW_DATA_0.1s_0-40s.csv,0-10,CALIBRATED_MODEL_DIRECT,Direct model quantity and physical unit available
AL-0653,DCS2,HRSG,dcs2.csv,ABB_HRSG_BOP,HRSG,LP HRSG,LP Superheater Wall 2,M-V_DIRECT,TSP.MV.LP_SUPERHEATER.WALL.TP_2,LP_SuperHeater.ExchangerWall.Tp[2],Tp,H,LP Superheater Wall 2 벽온도 고(H),LP_SuperHeater.ExchangerWall.Tp[2] > 103 K,ABSOLUTE_MODEL_VALUE,103,K,HIGH,10,1 K,3,MEDIUM,노랑,#FFD60A,FALSE,TRUE,TRUE,NONE,TRUE,TRUE,A-L,VIRTUAL_MODEL_PRETRIP_CALIBRATION,MODEL_SIGNAL_VERIFIED_ABSOLUTE_THRESHOLD_CALIBRATED,READY_ABSOLUTE_MODEL_VALUE,https://build.openmodelica.org/Documentation/ThermoSysPro.WaterSteam.HeatExchangers.DynamicTwoPhaseFlowPipe.html,원시 변수명은 공개 빌드 로그로 확인. 임계값·지연·히스테리시스는 시연용 A-L 가정이며 현장 기준으로 교체 필요.,DCS2,HRSG,Tp > PRE_EVENT_BASELINE * 1.03,PRE_EVENT_BASELINE_RATIO,1.03,ratio_to_baseline,LP_SuperHeater.ExchangerWall.Tp[2],100,GT_TRIP_RAW_DATA_0.1s_0-40s.csv,0-10,CALIBRATED_MODEL_DIRECT,Direct model quantity and physical unit available
AL-0654,DCS2,HRSG,dcs2.csv,ABB_HRSG_BOP,HRSG,LP HRSG,LP Superheater Wall 3,M-V_DIRECT,TSP.MV.LP_SUPERHEATER.WALL.TP_3,LP_SuperHeater.ExchangerWall.Tp[3],Tp,H,LP Superheater Wall 3 벽온도 고(H),LP_SuperHeater.ExchangerWall.Tp[3] > 103 K,ABSOLUTE_MODEL_VALUE,103,K,HIGH,10,1 K,3,MEDIUM,노랑,#FFD60A,FALSE,TRUE,TRUE,NONE,TRUE,TRUE,A-L,VIRTUAL_MODEL_PRETRIP_CALIBRATION,MODEL_SIGNAL_VERIFIED_ABSOLUTE_THRESHOLD_CALIBRATED,READY_ABSOLUTE_MODEL_VALUE,https://build.openmodelica.org/Documentation/ThermoSysPro.WaterSteam.HeatExchangers.DynamicTwoPhaseFlowPipe.html,원시 변수명은 공개 빌드 로그로 확인. 임계값·지연·히스테리시스는 시연용 A-L 가정이며 현장 기준으로 교체 필요.,DCS2,HRSG,Tp > PRE_EVENT_BASELINE * 1.03,PRE_EVENT_BASELINE_RATIO,1.03,ratio_to_baseline,LP_SuperHeater.ExchangerWall.Tp[3],100,GT_TRIP_RAW_DATA_0.1s_0-40s.csv,0-10,CALIBRATED_MODEL_DIRECT,Direct model quantity and physical unit available
AL-0865,ECMS,ELECTRICAL,ECMS.csv,ECMS_SOE,Electrical,480V Bus,480V Bus Voltage,A-L_UNLINKED_OPTIONAL,ECMS.BUS.480V.VOLT,,voltage,H,480V Bus Voltage 모선전압 H 알람,EXCLUDED_UNTIL_INPUT_BOUND,ABSOLUTE_VALUE_PENDING,,,HIGH,5,0.02 ratio,3,MEDIUM,노랑,#FFD60A,FALSE,TRUE,TRUE,NONE,FALSE,TRUE,A-L,UNLINKED_CANDIDATE,EXCLUDED_MISSING_INPUT,EXCLUDED_UNTIL_INPUT_BOUND,,모델 입력 미연동으로 활성 실행·검증에서 제외. 입력·단위·절대 설정값 확보 후 복원 가능.,ECMS,Electrical,voltage > PRE_EVENT_BASELINE * 1.05,PRE_EVENT_BASELINE_RATIO,1.05,ratio_to_baseline,,,,,UNLINKED_OPTIONAL_SIGNAL,No bound model input; excluded from active and validation scope
AL-0867,ECMS,ELECTRICAL,ECMS.csv,ECMS_SOE,Electrical,480V Bus,480V Bus Voltage,A-L_UNLINKED_OPTIONAL,ECMS.BUS.480V.VOLT,,voltage,L,480V Bus Voltage 모선전압 L 알람,EXCLUDED_UNTIL_INPUT_BOUND,ABSOLUTE_VALUE_PENDING,,,LOW,5,0.02 ratio,3,MEDIUM,노랑,#FFD60A,FALSE,TRUE,TRUE,NONE,FALSE,TRUE,A-L,UNLINKED_CANDIDATE,EXCLUDED_MISSING_INPUT,EXCLUDED_UNTIL_INPUT_BOUND,,모델 입력 미연동으로 활성 실행·검증에서 제외. 입력·단위·절대 설정값 확보 후 복원 가능.,ECMS,Electrical,voltage < PRE_EVENT_BASELINE * 0.95,PRE_EVENT_BASELINE_RATIO,0.95,ratio_to_baseline,,,,,UNLINKED_OPTIONAL_SIGNAL,No bound model input; excluded from active and validation scope
AL-0861,ECMS,ELECTRICAL,ECMS.csv,ECMS_SOE,Electrical,6.9kV Bus,6.9kV Bus Voltage,A-L_UNLINKED_OPTIONAL,ECMS.BUS.6K9.VOLT,,voltage,H,6.9kV Bus Voltage 모선전압 H 알람,EXCLUDED_UNTIL_INPUT_BOUND,ABSOLUTE_VALUE_PENDING,,,HIGH,5,0.02 ratio,3,MEDIUM,노랑,#FFD60A,FALSE,TRUE,TRUE,NONE,FALSE,TRUE,A-L,UNLINKED_CANDIDATE,EXCLUDED_MISSING_INPUT,EXCLUDED_UNTIL_INPUT_BOUND,,모델 입력 미연동으로 활성 실행·검증에서 제외. 입력·단위·절대 설정값 확보 후 복원 가능.,ECMS,Electrical,voltage > PRE_EVENT_BASELINE * 1.05,PRE_EVENT_BASELINE_RATIO,1.05,ratio_to_baseline,,,,,UNLINKED_OPTIONAL_SIGNAL,No bound model input; excluded from active and validation scope
AL-0863,ECMS,ELECTRICAL,ECMS.csv,ECMS_SOE,Electrical,6.9kV Bus,6.9kV Bus Voltage,A-L_UNLINKED_OPTIONAL,ECMS.BUS.6K9.VOLT,,voltage,L,6.9kV Bus Voltage 모선전압 L 알람,EXCLUDED_UNTIL_INPUT_BOUND,ABSOLUTE_VALUE_PENDING,,,LOW,5,0.02 ratio,3,MEDIUM,노랑,#FFD60A,FALSE,TRUE,TRUE,NONE,FALSE,TRUE,A-L,UNLINKED_CANDIDATE,EXCLUDED_MISSING_INPUT,EXCLUDED_UNTIL_INPUT_BOUND,,모델 입력 미연동으로 활성 실행·검증에서 제외. 입력·단위·절대 설정값 확보 후 복원 가능.,ECMS,Electrical,voltage < PRE_EVENT_BASELINE * 0.95,PRE_EVENT_BASELINE_RATIO,0.95,ratio_to_baseline,,,,,UNLINKED_OPTIONAL_SIGNAL,No bound model input; excluded from active and validation scope
AL-0897,ECMS,ELECTRICAL,ECMS.csv,ECMS_SOE,Electrical,DC System,Battery Charge Current,A-L_UNLINKED_OPTIONAL,ECMS.DC.BATTERY_CURRENT,,current,H,Battery Charge Current 충전전류 H 알람,EXCLUDED_UNTIL_INPUT_BOUND,ABSOLUTE_VALUE_PENDING,,,HIGH,5,0.02 ratio,3,MEDIUM,노랑,#FFD60A,FALSE,TRUE,TRUE,NONE,FALSE,TRUE,A-L,UNLINKED_CANDIDATE,EXCLUDED_MISSING_INPUT,EXCLUDED_UNTIL_INPUT_BOUND,,모델 입력 미연동으로 활성 실행·검증에서 제외. 입력·단위·절대 설정값 확보 후 복원 가능.,ECMS,Electrical,current > PRE_EVENT_BASELINE * 1.1,PRE_EVENT_BASELINE_RATIO,1.1,ratio_to_baseline,,,,,UNLINKED_OPTIONAL_SIGNAL,No bound model input; excluded from active and validation scope
AL-0873,ECMS,ELECTRICAL,ECMS.csv,ECMS_SOE,Electrical,DC System,DC Bus Voltage,A-L_UNLINKED_OPTIONAL,ECMS.DC.BUS_VOLT,,voltage,H,DC Bus Voltage 직류전압 H 알람,EXCLUDED_UNTIL_INPUT_BOUND,ABSOLUTE_VALUE_PENDING,,,HIGH,5,0.02 ratio,3,MEDIUM,노랑,#FFD60A,FALSE,TRUE,TRUE,NONE,FALSE,TRUE,A-L,UNLINKED_CANDIDATE,EXCLUDED_MISSING_INPUT,EXCLUDED_UNTIL_INPUT_BOUND,,모델 입력 미연동으로 활성 실행·검증에서 제외. 입력·단위·절대 설정값 확보 후 복원 가능.,ECMS,Electrical,voltage > PRE_EVENT_BASELINE * 1.05,PRE_EVENT_BASELINE_RATIO,1.05,ratio_to_baseline,,,,,UNLINKED_OPTIONAL_SIGNAL,No bound model input; excluded from active and validation scope
AL-0875,ECMS,ELECTRICAL,ECMS.csv,ECMS_SOE,Electrical,DC System,DC Bus Voltage,A-L_UNLINKED_OPTIONAL,ECMS.DC.BUS_VOLT,,voltage,L,DC Bus Voltage 직류전압 L 알람,EXCLUDED_UNTIL_INPUT_BOUND,ABSOLUTE_VALUE_PENDING,,,LOW,5,0.02 ratio,3,MEDIUM,노랑,#FFD60A,FALSE,TRUE,TRUE,NONE,FALSE,TRUE,A-L,UNLINKED_CANDIDATE,EXCLUDED_MISSING_INPUT,EXCLUDED_UNTIL_INPUT_BOUND,,모델 입력 미연동으로 활성 실행·검증에서 제외. 입력·단위·절대 설정값 확보 후 복원 가능.,ECMS,Electrical,voltage < PRE_EVENT_BASELINE * 0.95,PRE_EVENT_BASELINE_RATIO,0.95,ratio_to_baseline,,,,,UNLINKED_OPTIONAL_SIGNAL,No bound model input; excluded from active and validation scope
AL-0869,ECMS,ELECTRICAL,ECMS.csv,ECMS_SOE,Electrical,Essential Bus,Essential Bus Voltage,A-L_UNLINKED_OPTIONAL,ECMS.BUS.ESS.VOLT,,voltage,H,Essential Bus Voltage 모선전압 H 알람,EXCLUDED_UNTIL_INPUT_BOUND,ABSOLUTE_VALUE_PENDING,,,HIGH,5,0.02 ratio,3,MEDIUM,노랑,#FFD60A,FALSE,TRUE,TRUE,NONE,FALSE,TRUE,A-L,UNLINKED_CANDIDATE,EXCLUDED_MISSING_INPUT,EXCLUDED_UNTIL_INPUT_BOUND,,모델 입력 미연동으로 활성 실행·검증에서 제외. 입력·단위·절대 설정값 확보 후 복원 가능.,ECMS,Electrical,voltage > PRE_EVENT_BASELINE * 1.05,PRE_EVENT_BASELINE_RATIO,1.05,ratio_to_baseline,,,,,UNLINKED_OPTIONAL_SIGNAL,No bound model input; excluded from active and validation scope
AL-0871,ECMS,ELECTRICAL,ECMS.csv,ECMS_SOE,Electrical,Essential Bus,Essential Bus Voltage,A-L_UNLINKED_OPTIONAL,ECMS.BUS.ESS.VOLT,,voltage,L,Essential Bus Voltage 모선전압 L 알람,EXCLUDED_UNTIL_INPUT_BOUND,ABSOLUTE_VALUE_PENDING,,,LOW,5,0.02 ratio,3,MEDIUM,노랑,#FFD60A,FALSE,TRUE,TRUE,NONE,FALSE,TRUE,A-L,UNLINKED_CANDIDATE,EXCLUDED_MISSING_INPUT,EXCLUDED_UNTIL_INPUT_BOUND,,모델 입력 미연동으로 활성 실행·검증에서 제외. 입력·단위·절대 설정값 확보 후 복원 가능.,ECMS,Electrical,voltage < PRE_EVENT_BASELINE * 0.95,PRE_EVENT_BASELINE_RATIO,0.95,ratio_to_baseline,,,,,UNLINKED_OPTIONAL_SIGNAL,No bound model input; excluded from active and validation scope
AL-0853,ECMS,ELECTRICAL,ECMS.csv,ECMS_SOE,Electrical,Generator,GEN Active Power,A-L_UNLINKED_OPTIONAL,ECMS.GEN.MW,,active_power,H,GEN Active Power 유효전력 H 알람,EXCLUDED_UNTIL_INPUT_BOUND,ABSOLUTE_VALUE_PENDING,,,HIGH,5,0.02 ratio,3,MEDIUM,노랑,#FFD60A,FALSE,TRUE,TRUE,NONE,FALSE,TRUE,A-L,UNLINKED_CANDIDATE,EXCLUDED_MISSING_INPUT,EXCLUDED_UNTIL_INPUT_BOUND,,모델 입력 미연동으로 활성 실행·검증에서 제외. 입력·단위·절대 설정값 확보 후 복원 가능.,ECMS,Electrical,active_power > PRE_EVENT_BASELINE * 1.05,PRE_EVENT_BASELINE_RATIO,1.05,ratio_to_baseline,,,,,UNLINKED_OPTIONAL_SIGNAL,No bound model input; excluded from active and validation scope
AL-0855,ECMS,ELECTRICAL,ECMS.csv,ECMS_SOE,Electrical,Generator,GEN Active Power,A-L_UNLINKED_OPTIONAL,ECMS.GEN.MW,,active_power,L,GEN Active Power 유효전력 L 알람,EXCLUDED_UNTIL_INPUT_BOUND,ABSOLUTE_VALUE_PENDING,,,LOW,5,0.02 ratio,3,MEDIUM,노랑,#FFD60A,FALSE,TRUE,TRUE,NONE,FALSE,TRUE,A-L,UNLINKED_CANDIDATE,EXCLUDED_MISSING_INPUT,EXCLUDED_UNTIL_INPUT_BOUND,,모델 입력 미연동으로 활성 실행·검증에서 제외. 입력·단위·절대 설정값 확보 후 복원 가능.,ECMS,Electrical,active_power < PRE_EVENT_BASELINE * 0.95,PRE_EVENT_BASELINE_RATIO,0.95,ratio_to_baseline,,,,,UNLINKED_OPTIONAL_SIGNAL,No bound model input; excluded from active and validation scope
AL-0889,ECMS,ELECTRICAL,ECMS.csv,ECMS_SOE,Electrical,Generator,GEN Field Current,A-L_UNLINKED_OPTIONAL,ECMS.GEN.FIELD_CURRENT,,current,H,GEN Field Current 계자전류 H 알람,EXCLUDED_UNTIL_INPUT_BOUND,ABSOLUTE_VALUE_PENDING,,,HIGH,5,0.02 ratio,3,MEDIUM,노랑,#FFD60A,FALSE,TRUE,TRUE,NONE,FALSE,TRUE,A-L,UNLINKED_CANDIDATE,EXCLUDED_MISSING_INPUT,EXCLUDED_UNTIL_INPUT_BOUND,,모델 입력 미연동으로 활성 실행·검증에서 제외. 입력·단위·절대 설정값 확보 후 복원 가능.,ECMS,Electrical,current > PRE_EVENT_BASELINE * 1.1,PRE_EVENT_BASELINE_RATIO,1.1,ratio_to_baseline,,,,,UNLINKED_OPTIONAL_SIGNAL,No bound model input; excluded from active and validation scope
AL-0849,ECMS,ELECTRICAL,ECMS.csv,ECMS_SOE,Electrical,Generator,GEN Frequency,A-L_UNLINKED_OPTIONAL,ECMS.GEN.FREQ,,frequency,H,GEN Frequency 주파수 H 알람,EXCLUDED_UNTIL_INPUT_BOUND,ABSOLUTE_VALUE_PENDING,,,HIGH,5,0.02 ratio,3,MEDIUM,노랑,#FFD60A,FALSE,TRUE,TRUE,NONE,FALSE,TRUE,A-L,UNLINKED_CANDIDATE,EXCLUDED_MISSING_INPUT,EXCLUDED_UNTIL_INPUT_BOUND,,모델 입력 미연동으로 활성 실행·검증에서 제외. 입력·단위·절대 설정값 확보 후 복원 가능.,ECMS,Electrical,frequency > PRE_EVENT_BASELINE * 1.05,PRE_EVENT_BASELINE_RATIO,1.05,ratio_to_baseline,,,,,UNLINKED_OPTIONAL_SIGNAL,No bound model input; excluded from active and validation scope
AL-0851,ECMS,ELECTRICAL,ECMS.csv,ECMS_SOE,Electrical,Generator,GEN Frequency,A-L_UNLINKED_OPTIONAL,ECMS.GEN.FREQ,,frequency,L,GEN Frequency 주파수 L 알람,EXCLUDED_UNTIL_INPUT_BOUND,ABSOLUTE_VALUE_PENDING,,,LOW,5,0.02 ratio,3,MEDIUM,노랑,#FFD60A,FALSE,TRUE,TRUE,NONE,FALSE,TRUE,A-L,UNLINKED_CANDIDATE,EXCLUDED_MISSING_INPUT,EXCLUDED_UNTIL_INPUT_BOUND,,모델 입력 미연동으로 활성 실행·검증에서 제외. 입력·단위·절대 설정값 확보 후 복원 가능.,ECMS,Electrical,frequency < PRE_EVENT_BASELINE * 0.95,PRE_EVENT_BASELINE_RATIO,0.95,ratio_to_baseline,,,,,UNLINKED_OPTIONAL_SIGNAL,No bound model input; excluded from active and validation scope
AL-0891,ECMS,ELECTRICAL,ECMS.csv,ECMS_SOE,Electrical,Generator,GEN Neutral Current,A-L_UNLINKED_OPTIONAL,ECMS.GEN.NEUTRAL_CURRENT,,current,H,GEN Neutral Current 중성점전류 H 알람,EXCLUDED_UNTIL_INPUT_BOUND,ABSOLUTE_VALUE_PENDING,,,HIGH,5,0.02 ratio,3,MEDIUM,노랑,#FFD60A,FALSE,TRUE,TRUE,NONE,FALSE,TRUE,A-L,UNLINKED_CANDIDATE,EXCLUDED_MISSING_INPUT,EXCLUDED_UNTIL_INPUT_BOUND,,모델 입력 미연동으로 활성 실행·검증에서 제외. 입력·단위·절대 설정값 확보 후 복원 가능.,ECMS,Electrical,current > PRE_EVENT_BASELINE * 1.1,PRE_EVENT_BASELINE_RATIO,1.1,ratio_to_baseline,,,,,UNLINKED_OPTIONAL_SIGNAL,No bound model input; excluded from active and validation scope
AL-0857,ECMS,ELECTRICAL,ECMS.csv,ECMS_SOE,Electrical,Generator,GEN Reactive Power,A-L_UNLINKED_OPTIONAL,ECMS.GEN.MVAR,,reactive_power,H,GEN Reactive Power 무효전력 H 알람,EXCLUDED_UNTIL_INPUT_BOUND,ABSOLUTE_VALUE_PENDING,,,HIGH,5,0.02 ratio,3,MEDIUM,노랑,#FFD60A,FALSE,TRUE,TRUE,NONE,FALSE,TRUE,A-L,UNLINKED_CANDIDATE,EXCLUDED_MISSING_INPUT,EXCLUDED_UNTIL_INPUT_BOUND,,모델 입력 미연동으로 활성 실행·검증에서 제외. 입력·단위·절대 설정값 확보 후 복원 가능.,ECMS,Electrical,reactive_power > PRE_EVENT_BASELINE * 1.05,PRE_EVENT_BASELINE_RATIO,1.05,ratio_to_baseline,,,,,UNLINKED_OPTIONAL_SIGNAL,No bound model input; excluded from active and validation scope
AL-0859,ECMS,ELECTRICAL,ECMS.csv,ECMS_SOE,Electrical,Generator,GEN Reactive Power,A-L_UNLINKED_OPTIONAL,ECMS.GEN.MVAR,,reactive_power,L,GEN Reactive Power 무효전력 L 알람,EXCLUDED_UNTIL_INPUT_BOUND,ABSOLUTE_VALUE_PENDING,,,LOW,5,0.02 ratio,3,MEDIUM,노랑,#FFD60A,FALSE,TRUE,TRUE,NONE,FALSE,TRUE,A-L,UNLINKED_CANDIDATE,EXCLUDED_MISSING_INPUT,EXCLUDED_UNTIL_INPUT_BOUND,,모델 입력 미연동으로 활성 실행·검증에서 제외. 입력·단위·절대 설정값 확보 후 복원 가능.,ECMS,Electrical,reactive_power < PRE_EVENT_BASELINE * 0.95,PRE_EVENT_BASELINE_RATIO,0.95,ratio_to_baseline,,,,,UNLINKED_OPTIONAL_SIGNAL,No bound model input; excluded from active and validation scope
AL-0885,ECMS,ELECTRICAL,ECMS.csv,ECMS_SOE,Electrical,Generator,GEN Stator Current,A-L_UNLINKED_OPTIONAL,ECMS.GEN.STATOR_CURRENT,,current,H,GEN Stator Current 고정자전류 H 알람,EXCLUDED_UNTIL_INPUT_BOUND,ABSOLUTE_VALUE_PENDING,,,HIGH,5,0.02 ratio,3,MEDIUM,노랑,#FFD60A,FALSE,TRUE,TRUE,NONE,FALSE,TRUE,A-L,UNLINKED_CANDIDATE,EXCLUDED_MISSING_INPUT,EXCLUDED_UNTIL_INPUT_BOUND,,모델 입력 미연동으로 활성 실행·검증에서 제외. 입력·단위·절대 설정값 확보 후 복원 가능.,ECMS,Electrical,current > PRE_EVENT_BASELINE * 1.1,PRE_EVENT_BASELINE_RATIO,1.1,ratio_to_baseline,,,,,UNLINKED_OPTIONAL_SIGNAL,No bound model input; excluded from active and validation scope
AL-0845,ECMS,ELECTRICAL,ECMS.csv,ECMS_SOE,Electrical,Generator,GEN Terminal Voltage,A-L_UNLINKED_OPTIONAL,ECMS.GEN.VOLT,,voltage,H,GEN Terminal Voltage 단자전압 H 알람,EXCLUDED_UNTIL_INPUT_BOUND,ABSOLUTE_VALUE_PENDING,,,HIGH,5,0.02 ratio,3,MEDIUM,노랑,#FFD60A,FALSE,TRUE,TRUE,NONE,FALSE,TRUE,A-L,UNLINKED_CANDIDATE,EXCLUDED_MISSING_INPUT,EXCLUDED_UNTIL_INPUT_BOUND,,모델 입력 미연동으로 활성 실행·검증에서 제외. 입력·단위·절대 설정값 확보 후 복원 가능.,ECMS,Electrical,voltage > PRE_EVENT_BASELINE * 1.05,PRE_EVENT_BASELINE_RATIO,1.05,ratio_to_baseline,,,,,UNLINKED_OPTIONAL_SIGNAL,No bound model input; excluded from active and validation scope
AL-0847,ECMS,ELECTRICAL,ECMS.csv,ECMS_SOE,Electrical,Generator,GEN Terminal Voltage,A-L_UNLINKED_OPTIONAL,ECMS.GEN.VOLT,,voltage,L,GEN Terminal Voltage 단자전압 L 알람,EXCLUDED_UNTIL_INPUT_BOUND,ABSOLUTE_VALUE_PENDING,,,LOW,5,0.02 ratio,3,MEDIUM,노랑,#FFD60A,FALSE,TRUE,TRUE,NONE,FALSE,TRUE,A-L,UNLINKED_CANDIDATE,EXCLUDED_MISSING_INPUT,EXCLUDED_UNTIL_INPUT_BOUND,,모델 입력 미연동으로 활성 실행·검증에서 제외. 입력·단위·절대 설정값 확보 후 복원 가능.,ECMS,Electrical,voltage < PRE_EVENT_BASELINE * 0.95,PRE_EVENT_BASELINE_RATIO,0.95,ratio_to_baseline,,,,,UNLINKED_OPTIONAL_SIGNAL,No bound model input; excluded from active and validation scope
AL-0887,ECMS,ELECTRICAL,ECMS.csv,ECMS_SOE,Electrical,Generator,GEN Winding Temperature,A-L_UNLINKED_OPTIONAL,ECMS.GEN.WIND_TEMP,,temperature,H,GEN Winding Temperature 권선온도 H 알람,EXCLUDED_UNTIL_INPUT_BOUND,ABSOLUTE_VALUE_PENDING,,,HIGH,5,0.02 ratio,3,MEDIUM,노랑,#FFD60A,FALSE,TRUE,TRUE,NONE,FALSE,TRUE,A-L,UNLINKED_CANDIDATE,EXCLUDED_MISSING_INPUT,EXCLUDED_UNTIL_INPUT_BOUND,,모델 입력 미연동으로 활성 실행·검증에서 제외. 입력·단위·절대 설정값 확보 후 복원 가능.,ECMS,Electrical,temperature > PRE_EVENT_BASELINE * 1.1,PRE_EVENT_BASELINE_RATIO,1.1,ratio_to_baseline,,,,,UNLINKED_OPTIONAL_SIGNAL,No bound model input; excluded from active and validation scope
AL-0893,ECMS,ELECTRICAL,ECMS.csv,ECMS_SOE,Electrical,Main Transformer,Main Transformer Oil Temperature,A-L_UNLINKED_OPTIONAL,ECMS.TR.MAIN.OIL_TEMP,,temperature,H,Main Transformer Oil Temperature 유온 H 알람,EXCLUDED_UNTIL_INPUT_BOUND,ABSOLUTE_VALUE_PENDING,,,HIGH,5,0.02 ratio,3,MEDIUM,노랑,#FFD60A,FALSE,TRUE,TRUE,NONE,FALSE,TRUE,A-L,UNLINKED_CANDIDATE,EXCLUDED_MISSING_INPUT,EXCLUDED_UNTIL_INPUT_BOUND,,모델 입력 미연동으로 활성 실행·검증에서 제외. 입력·단위·절대 설정값 확보 후 복원 가능.,ECMS,Electrical,temperature > PRE_EVENT_BASELINE * 1.1,PRE_EVENT_BASELINE_RATIO,1.1,ratio_to_baseline,,,,,UNLINKED_OPTIONAL_SIGNAL,No bound model input; excluded from active and validation scope
AL-0895,ECMS,ELECTRICAL,ECMS.csv,ECMS_SOE,Electrical,Main Transformer,Main Transformer Winding Temperature,A-L_UNLINKED_OPTIONAL,ECMS.TR.MAIN.WIND_TEMP,,temperature,H,Main Transformer Winding Temperature 권선온도 H 알람,EXCLUDED_UNTIL_INPUT_BOUND,ABSOLUTE_VALUE_PENDING,,,HIGH,5,0.02 ratio,3,MEDIUM,노랑,#FFD60A,FALSE,TRUE,TRUE,NONE,FALSE,TRUE,A-L,UNLINKED_CANDIDATE,EXCLUDED_MISSING_INPUT,EXCLUDED_UNTIL_INPUT_BOUND,,모델 입력 미연동으로 활성 실행·검증에서 제외. 입력·단위·절대 설정값 확보 후 복원 가능.,ECMS,Electrical,temperature > PRE_EVENT_BASELINE * 1.1,PRE_EVENT_BASELINE_RATIO,1.1,ratio_to_baseline,,,,,UNLINKED_OPTIONAL_SIGNAL,No bound model input; excluded from active and validation scope
AL-0881,ECMS,ELECTRICAL,ECMS.csv,ECMS_SOE,Electrical,UPS,UPS Output Frequency,A-L_UNLINKED_OPTIONAL,ECMS.UPS.OUT_FREQ,,frequency,H,UPS Output Frequency 출력주파수 H 알람,EXCLUDED_UNTIL_INPUT_BOUND,ABSOLUTE_VALUE_PENDING,,,HIGH,5,0.02 ratio,3,MEDIUM,노랑,#FFD60A,FALSE,TRUE,TRUE,NONE,FALSE,TRUE,A-L,UNLINKED_CANDIDATE,EXCLUDED_MISSING_INPUT,EXCLUDED_UNTIL_INPUT_BOUND,,모델 입력 미연동으로 활성 실행·검증에서 제외. 입력·단위·절대 설정값 확보 후 복원 가능.,ECMS,Electrical,frequency > PRE_EVENT_BASELINE * 1.05,PRE_EVENT_BASELINE_RATIO,1.05,ratio_to_baseline,,,,,UNLINKED_OPTIONAL_SIGNAL,No bound model input; excluded from active and validation scope
AL-0883,ECMS,ELECTRICAL,ECMS.csv,ECMS_SOE,Electrical,UPS,UPS Output Frequency,A-L_UNLINKED_OPTIONAL,ECMS.UPS.OUT_FREQ,,frequency,L,UPS Output Frequency 출력주파수 L 알람,EXCLUDED_UNTIL_INPUT_BOUND,ABSOLUTE_VALUE_PENDING,,,LOW,5,0.02 ratio,3,MEDIUM,노랑,#FFD60A,FALSE,TRUE,TRUE,NONE,FALSE,TRUE,A-L,UNLINKED_CANDIDATE,EXCLUDED_MISSING_INPUT,EXCLUDED_UNTIL_INPUT_BOUND,,모델 입력 미연동으로 활성 실행·검증에서 제외. 입력·단위·절대 설정값 확보 후 복원 가능.,ECMS,Electrical,frequency < PRE_EVENT_BASELINE * 0.95,PRE_EVENT_BASELINE_RATIO,0.95,ratio_to_baseline,,,,,UNLINKED_OPTIONAL_SIGNAL,No bound model input; excluded from active and validation scope
AL-0877,ECMS,ELECTRICAL,ECMS.csv,ECMS_SOE,Electrical,UPS,UPS Output Voltage,A-L_UNLINKED_OPTIONAL,ECMS.UPS.OUT_VOLT,,voltage,H,UPS Output Voltage 출력전압 H 알람,EXCLUDED_UNTIL_INPUT_BOUND,ABSOLUTE_VALUE_PENDING,,,HIGH,5,0.02 ratio,3,MEDIUM,노랑,#FFD60A,FALSE,TRUE,TRUE,NONE,FALSE,TRUE,A-L,UNLINKED_CANDIDATE,EXCLUDED_MISSING_INPUT,EXCLUDED_UNTIL_INPUT_BOUND,,모델 입력 미연동으로 활성 실행·검증에서 제외. 입력·단위·절대 설정값 확보 후 복원 가능.,ECMS,Electrical,voltage > PRE_EVENT_BASELINE * 1.05,PRE_EVENT_BASELINE_RATIO,1.05,ratio_to_baseline,,,,,UNLINKED_OPTIONAL_SIGNAL,No bound model input; excluded from active and validation scope
AL-0879,ECMS,ELECTRICAL,ECMS.csv,ECMS_SOE,Electrical,UPS,UPS Output Voltage,A-L_UNLINKED_OPTIONAL,ECMS.UPS.OUT_VOLT,,voltage,L,UPS Output Voltage 출력전압 L 알람,EXCLUDED_UNTIL_INPUT_BOUND,ABSOLUTE_VALUE_PENDING,,,LOW,5,0.02 ratio,3,MEDIUM,노랑,#FFD60A,FALSE,TRUE,TRUE,NONE,FALSE,TRUE,A-L,UNLINKED_CANDIDATE,EXCLUDED_MISSING_INPUT,EXCLUDED_UNTIL_INPUT_BOUND,,모델 입력 미연동으로 활성 실행·검증에서 제외. 입력·단위·절대 설정값 확보 후 복원 가능.,ECMS,Electrical,voltage < PRE_EVENT_BASELINE * 0.95,PRE_EVENT_BASELINE_RATIO,0.95,ratio_to_baseline,,,,,UNLINKED_OPTIONAL_SIGNAL,No bound model input; excluded from active and validation scope
AL-0666,DCS1,GT/ST,dcs1.csv,SIEMENS_GT_ST,GT/ST,GT/ST Communication,DCS1 Bad Quality,A-L_SCENARIO,,,COMM_STATUS,COMM,DCS1 태그 품질 Bad,quality_code != GOOD,BAD_QUALITY,0,quality_code,EVENT,0,clear after 3 good samples,4,COMM,보라,#AF52DE,FALSE,TRUE,TRUE,NONE,TRUE,TRUE,A-L,DEMO_SCENARIO_ASSUMED,SCENARIO_ONLY_UNVERIFIED,SCENARIO_SOURCE_REQUIRED,https://build.openmodelica.org/Documentation/ThermoSysPro.Examples.Book.PowerPlants.CombinedCyclePowerPlant.GasTurbineTrip.html,통신 감시용 A-L 규칙. 실제 게이트웨이/OPC/CSV 인터페이스 상태 태그에 연결 필요.,DCS1,Integration,quality_code != GOOD,BAD_QUALITY,0,quality_code,,,,,UNCHANGED_DISCRETE_OR_ABSOLUTE,"Boolean, time, count, quality, or existing absolute rule"
AL-0667,DCS1,GT/ST,dcs1.csv,SIEMENS_GT_ST,GT/ST,GT/ST Communication,DCS1 Duplicate Time,A-L_SCENARIO,,,COMM_STATUS,COMM,DCS1 중복 Timestamp 수신,duplicate_timestamp_count > 0,COUNT_LIMIT,0,count,EVENT,0,clear after 3 good samples,4,COMM,보라,#AF52DE,FALSE,TRUE,TRUE,NONE,TRUE,TRUE,A-L,DEMO_SCENARIO_ASSUMED,SCENARIO_ONLY_UNVERIFIED,SCENARIO_SOURCE_REQUIRED,https://build.openmodelica.org/Documentation/ThermoSysPro.Examples.Book.PowerPlants.CombinedCyclePowerPlant.GasTurbineTrip.html,통신 감시용 A-L 규칙. 실제 게이트웨이/OPC/CSV 인터페이스 상태 태그에 연결 필요.,DCS1,Integration,duplicate_timestamp_count > 0,COUNT_LIMIT,0,count,,,,,UNCHANGED_DISCRETE_OR_ABSOLUTE,"Boolean, time, count, quality, or existing absolute rule"
AL-0668,DCS1,GT/ST,dcs1.csv,SIEMENS_GT_ST,GT/ST,GT/ST Communication,DCS1 Gateway Disconnect,A-L_SCENARIO,,,COMM_STATUS,COMM,DCS1 Gateway 연결 끊김,gateway_connected == FALSE,BOOLEAN_EVENT,3,s,EVENT,0,clear after 3 good samples,4,COMM,보라,#AF52DE,FALSE,TRUE,TRUE,NONE,TRUE,TRUE,A-L,DEMO_SCENARIO_ASSUMED,SCENARIO_ONLY_UNVERIFIED,SCENARIO_SOURCE_REQUIRED,https://build.openmodelica.org/Documentation/ThermoSysPro.Examples.Book.PowerPlants.CombinedCyclePowerPlant.GasTurbineTrip.html,통신 감시용 A-L 규칙. 실제 게이트웨이/OPC/CSV 인터페이스 상태 태그에 연결 필요.,DCS1,Integration,gateway_connected == FALSE,BOOLEAN_EVENT,3,s,,,,,UNCHANGED_DISCRETE_OR_ABSOLUTE,"Boolean, time, count, quality, or existing absolute rule"
AL-0669,DCS1,GT/ST,dcs1.csv,SIEMENS_GT_ST,GT/ST,GT/ST Communication,DCS1 Heartbeat Loss,A-L_SCENARIO,,,COMM_STATUS,COMM,DCS1 통신 Heartbeat 상실,heartbeat_age_s > 5,TIMEOUT,5,s,EVENT,5,clear after 3 good samples,4,COMM,보라,#AF52DE,FALSE,TRUE,TRUE,NONE,TRUE,TRUE,A-L,DEMO_SCENARIO_ASSUMED,SCENARIO_ONLY_UNVERIFIED,SCENARIO_SOURCE_REQUIRED,https://build.openmodelica.org/Documentation/ThermoSysPro.Examples.Book.PowerPlants.CombinedCyclePowerPlant.GasTurbineTrip.html,통신 감시용 A-L 규칙. 실제 게이트웨이/OPC/CSV 인터페이스 상태 태그에 연결 필요.,DCS1,Integration,heartbeat_age_s > 5,TIMEOUT,5,s,,,,,UNCHANGED_DISCRETE_OR_ABSOLUTE,"Boolean, time, count, quality, or existing absolute rule"
AL-0670,DCS1,GT/ST,dcs1.csv,SIEMENS_GT_ST,GT/ST,GT/ST Communication,DCS1 Out of Order,A-L_SCENARIO,,,COMM_STATUS,COMM,DCS1 역순 Timestamp 수신,out_of_order_count > 0,COUNT_LIMIT,0,count,EVENT,0,clear after 3 good samples,4,COMM,보라,#AF52DE,FALSE,TRUE,TRUE,NONE,TRUE,TRUE,A-L,DEMO_SCENARIO_ASSUMED,SCENARIO_ONLY_UNVERIFIED,SCENARIO_SOURCE_REQUIRED,https://build.openmodelica.org/Documentation/ThermoSysPro.Examples.Book.PowerPlants.CombinedCyclePowerPlant.GasTurbineTrip.html,통신 감시용 A-L 규칙. 실제 게이트웨이/OPC/CSV 인터페이스 상태 태그에 연결 필요.,DCS1,Integration,out_of_order_count > 0,COUNT_LIMIT,0,count,,,,,UNCHANGED_DISCRETE_OR_ABSOLUTE,"Boolean, time, count, quality, or existing absolute rule"
AL-0671,DCS1,GT/ST,dcs1.csv,SIEMENS_GT_ST,GT/ST,GT/ST Communication,DCS1 Sample Gap,A-L_SCENARIO,,,COMM_STATUS,COMM,DCS1 샘플 구간 누락,sequence_gap_count > 0,COUNT_LIMIT,0,count,EVENT,0,clear after 3 good samples,4,COMM,보라,#AF52DE,FALSE,TRUE,TRUE,NONE,TRUE,TRUE,A-L,DEMO_SCENARIO_ASSUMED,SCENARIO_ONLY_UNVERIFIED,SCENARIO_SOURCE_REQUIRED,https://build.openmodelica.org/Documentation/ThermoSysPro.Examples.Book.PowerPlants.CombinedCyclePowerPlant.GasTurbineTrip.html,통신 감시용 A-L 규칙. 실제 게이트웨이/OPC/CSV 인터페이스 상태 태그에 연결 필요.,DCS1,Integration,sequence_gap_count > 0,COUNT_LIMIT,0,count,,,,,UNCHANGED_DISCRETE_OR_ABSOLUTE,"Boolean, time, count, quality, or existing absolute rule"
AL-0672,DCS1,GT/ST,dcs1.csv,SIEMENS_GT_ST,GT/ST,GT/ST Communication,DCS1 Stale Data,A-L_SCENARIO,,,COMM_STATUS,COMM,DCS1 수신 데이터 갱신 지연,sample_age_s > 10,TIMEOUT,10,s,EVENT,0,clear after 3 good samples,4,COMM,보라,#AF52DE,FALSE,TRUE,TRUE,NONE,TRUE,TRUE,A-L,DEMO_SCENARIO_ASSUMED,SCENARIO_ONLY_UNVERIFIED,SCENARIO_SOURCE_REQUIRED,https://build.openmodelica.org/Documentation/ThermoSysPro.Examples.Book.PowerPlants.CombinedCyclePowerPlant.GasTurbineTrip.html,통신 감시용 A-L 규칙. 실제 게이트웨이/OPC/CSV 인터페이스 상태 태그에 연결 필요.,DCS1,Integration,sample_age_s > 10,TIMEOUT,10,s,,,,,UNCHANGED_DISCRETE_OR_ABSOLUTE,"Boolean, time, count, quality, or existing absolute rule"
AL-0673,DCS1,GT/ST,dcs1.csv,SIEMENS_GT_ST,GT/ST,GT/ST Communication,DCS1 Tag Missing,A-L_SCENARIO,,,COMM_STATUS,COMM,DCS1 필수 태그 매핑 누락,required_tag_present == FALSE,BOOLEAN_EVENT,0,boolean,EVENT,0,clear after 3 good samples,4,COMM,보라,#AF52DE,FALSE,TRUE,TRUE,NONE,TRUE,TRUE,A-L,DEMO_SCENARIO_ASSUMED,SCENARIO_ONLY_UNVERIFIED,SCENARIO_SOURCE_REQUIRED,https://build.openmodelica.org/Documentation/ThermoSysPro.Examples.Book.PowerPlants.CombinedCyclePowerPlant.GasTurbineTrip.html,통신 감시용 A-L 규칙. 실제 게이트웨이/OPC/CSV 인터페이스 상태 태그에 연결 필요.,DCS1,Integration,required_tag_present == FALSE,BOOLEAN_EVENT,0,boolean,,,,,UNCHANGED_DISCRETE_OR_ABSOLUTE,"Boolean, time, count, quality, or existing absolute rule"
AL-0674,DCS1,GT/ST,dcs1.csv,SIEMENS_GT_ST,GT/ST,GT/ST Communication,DCS1 Time Sync,A-L_SCENARIO,,,COMM_STATUS,COMM,DCS1 시각 동기 편차 과다,abs(source_time-console_time) > 2,ABSOLUTE_LIMIT,2,s,EVENT,0,clear after 3 good samples,4,COMM,보라,#AF52DE,FALSE,TRUE,TRUE,NONE,TRUE,TRUE,A-L,DEMO_SCENARIO_ASSUMED,SCENARIO_ONLY_UNVERIFIED,SCENARIO_SOURCE_REQUIRED,https://build.openmodelica.org/Documentation/ThermoSysPro.Examples.Book.PowerPlants.CombinedCyclePowerPlant.GasTurbineTrip.html,통신 감시용 A-L 규칙. 실제 게이트웨이/OPC/CSV 인터페이스 상태 태그에 연결 필요.,DCS1,Integration,abs(source_time-console_time) > 2,ABSOLUTE_LIMIT,2,s,,,,,UNCHANGED_DISCRETE_OR_ABSOLUTE,"Boolean, time, count, quality, or existing absolute rule"
AL-0675,DCS2,HRSG/BOP,dcs2.csv,ABB_HRSG_BOP,HRSG/BOP,HRSG/BOP Communication,DCS2 Bad Quality,A-L_SCENARIO,,,COMM_STATUS,COMM,DCS2 태그 품질 Bad,quality_code != GOOD,BAD_QUALITY,0,quality_code,EVENT,0,clear after 3 good samples,4,COMM,보라,#AF52DE,FALSE,TRUE,TRUE,NONE,TRUE,TRUE,A-L,DEMO_SCENARIO_ASSUMED,SCENARIO_ONLY_UNVERIFIED,SCENARIO_SOURCE_REQUIRED,https://build.openmodelica.org/Documentation/ThermoSysPro.Examples.Book.PowerPlants.CombinedCyclePowerPlant.GasTurbineTrip.html,통신 감시용 A-L 규칙. 실제 게이트웨이/OPC/CSV 인터페이스 상태 태그에 연결 필요.,DCS2,Integration,quality_code != GOOD,BAD_QUALITY,0,quality_code,,,,,UNCHANGED_DISCRETE_OR_ABSOLUTE,"Boolean, time, count, quality, or existing absolute rule"
AL-0676,DCS2,HRSG/BOP,dcs2.csv,ABB_HRSG_BOP,HRSG/BOP,HRSG/BOP Communication,DCS2 Duplicate Time,A-L_SCENARIO,,,COMM_STATUS,COMM,DCS2 중복 Timestamp 수신,duplicate_timestamp_count > 0,COUNT_LIMIT,0,count,EVENT,0,clear after 3 good samples,4,COMM,보라,#AF52DE,FALSE,TRUE,TRUE,NONE,TRUE,TRUE,A-L,DEMO_SCENARIO_ASSUMED,SCENARIO_ONLY_UNVERIFIED,SCENARIO_SOURCE_REQUIRED,https://build.openmodelica.org/Documentation/ThermoSysPro.Examples.Book.PowerPlants.CombinedCyclePowerPlant.GasTurbineTrip.html,통신 감시용 A-L 규칙. 실제 게이트웨이/OPC/CSV 인터페이스 상태 태그에 연결 필요.,DCS2,Integration,duplicate_timestamp_count > 0,COUNT_LIMIT,0,count,,,,,UNCHANGED_DISCRETE_OR_ABSOLUTE,"Boolean, time, count, quality, or existing absolute rule"
AL-0677,DCS2,HRSG/BOP,dcs2.csv,ABB_HRSG_BOP,HRSG/BOP,HRSG/BOP Communication,DCS2 Gateway Disconnect,A-L_SCENARIO,,,COMM_STATUS,COMM,DCS2 Gateway 연결 끊김,gateway_connected == FALSE,BOOLEAN_EVENT,3,s,EVENT,0,clear after 3 good samples,4,COMM,보라,#AF52DE,FALSE,TRUE,TRUE,NONE,TRUE,TRUE,A-L,DEMO_SCENARIO_ASSUMED,SCENARIO_ONLY_UNVERIFIED,SCENARIO_SOURCE_REQUIRED,https://build.openmodelica.org/Documentation/ThermoSysPro.Examples.Book.PowerPlants.CombinedCyclePowerPlant.GasTurbineTrip.html,통신 감시용 A-L 규칙. 실제 게이트웨이/OPC/CSV 인터페이스 상태 태그에 연결 필요.,DCS2,Integration,gateway_connected == FALSE,BOOLEAN_EVENT,3,s,,,,,UNCHANGED_DISCRETE_OR_ABSOLUTE,"Boolean, time, count, quality, or existing absolute rule"
AL-0678,DCS2,HRSG/BOP,dcs2.csv,ABB_HRSG_BOP,HRSG/BOP,HRSG/BOP Communication,DCS2 Heartbeat Loss,A-L_SCENARIO,,,COMM_STATUS,COMM,DCS2 통신 Heartbeat 상실,heartbeat_age_s > 5,TIMEOUT,5,s,EVENT,5,clear after 3 good samples,4,COMM,보라,#AF52DE,FALSE,TRUE,TRUE,NONE,TRUE,TRUE,A-L,DEMO_SCENARIO_ASSUMED,SCENARIO_ONLY_UNVERIFIED,SCENARIO_SOURCE_REQUIRED,https://build.openmodelica.org/Documentation/ThermoSysPro.Examples.Book.PowerPlants.CombinedCyclePowerPlant.GasTurbineTrip.html,통신 감시용 A-L 규칙. 실제 게이트웨이/OPC/CSV 인터페이스 상태 태그에 연결 필요.,DCS2,Integration,heartbeat_age_s > 5,TIMEOUT,5,s,,,,,UNCHANGED_DISCRETE_OR_ABSOLUTE,"Boolean, time, count, quality, or existing absolute rule"
AL-0679,DCS2,HRSG/BOP,dcs2.csv,ABB_HRSG_BOP,HRSG/BOP,HRSG/BOP Communication,DCS2 Out of Order,A-L_SCENARIO,,,COMM_STATUS,COMM,DCS2 역순 Timestamp 수신,out_of_order_count > 0,COUNT_LIMIT,0,count,EVENT,0,clear after 3 good samples,4,COMM,보라,#AF52DE,FALSE,TRUE,TRUE,NONE,TRUE,TRUE,A-L,DEMO_SCENARIO_ASSUMED,SCENARIO_ONLY_UNVERIFIED,SCENARIO_SOURCE_REQUIRED,https://build.openmodelica.org/Documentation/ThermoSysPro.Examples.Book.PowerPlants.CombinedCyclePowerPlant.GasTurbineTrip.html,통신 감시용 A-L 규칙. 실제 게이트웨이/OPC/CSV 인터페이스 상태 태그에 연결 필요.,DCS2,Integration,out_of_order_count > 0,COUNT_LIMIT,0,count,,,,,UNCHANGED_DISCRETE_OR_ABSOLUTE,"Boolean, time, count, quality, or existing absolute rule"
AL-0680,DCS2,HRSG/BOP,dcs2.csv,ABB_HRSG_BOP,HRSG/BOP,HRSG/BOP Communication,DCS2 Sample Gap,A-L_SCENARIO,,,COMM_STATUS,COMM,DCS2 샘플 구간 누락,sequence_gap_count > 0,COUNT_LIMIT,0,count,EVENT,0,clear after 3 good samples,4,COMM,보라,#AF52DE,FALSE,TRUE,TRUE,NONE,TRUE,TRUE,A-L,DEMO_SCENARIO_ASSUMED,SCENARIO_ONLY_UNVERIFIED,SCENARIO_SOURCE_REQUIRED,https://build.openmodelica.org/Documentation/ThermoSysPro.Examples.Book.PowerPlants.CombinedCyclePowerPlant.GasTurbineTrip.html,통신 감시용 A-L 규칙. 실제 게이트웨이/OPC/CSV 인터페이스 상태 태그에 연결 필요.,DCS2,Integration,sequence_gap_count > 0,COUNT_LIMIT,0,count,,,,,UNCHANGED_DISCRETE_OR_ABSOLUTE,"Boolean, time, count, quality, or existing absolute rule"
AL-0681,DCS2,HRSG/BOP,dcs2.csv,ABB_HRSG_BOP,HRSG/BOP,HRSG/BOP Communication,DCS2 Stale Data,A-L_SCENARIO,,,COMM_STATUS,COMM,DCS2 수신 데이터 갱신 지연,sample_age_s > 10,TIMEOUT,10,s,EVENT,0,clear after 3 good samples,4,COMM,보라,#AF52DE,FALSE,TRUE,TRUE,NONE,TRUE,TRUE,A-L,DEMO_SCENARIO_ASSUMED,SCENARIO_ONLY_UNVERIFIED,SCENARIO_SOURCE_REQUIRED,https://build.openmodelica.org/Documentation/ThermoSysPro.Examples.Book.PowerPlants.CombinedCyclePowerPlant.GasTurbineTrip.html,통신 감시용 A-L 규칙. 실제 게이트웨이/OPC/CSV 인터페이스 상태 태그에 연결 필요.,DCS2,Integration,sample_age_s > 10,TIMEOUT,10,s,,,,,UNCHANGED_DISCRETE_OR_ABSOLUTE,"Boolean, time, count, quality, or existing absolute rule"
AL-0682,DCS2,HRSG/BOP,dcs2.csv,ABB_HRSG_BOP,HRSG/BOP,HRSG/BOP Communication,DCS2 Tag Missing,A-L_SCENARIO,,,COMM_STATUS,COMM,DCS2 필수 태그 매핑 누락,required_tag_present == FALSE,BOOLEAN_EVENT,0,boolean,EVENT,0,clear after 3 good samples,4,COMM,보라,#AF52DE,FALSE,TRUE,TRUE,NONE,TRUE,TRUE,A-L,DEMO_SCENARIO_ASSUMED,SCENARIO_ONLY_UNVERIFIED,SCENARIO_SOURCE_REQUIRED,https://build.openmodelica.org/Documentation/ThermoSysPro.Examples.Book.PowerPlants.CombinedCyclePowerPlant.GasTurbineTrip.html,통신 감시용 A-L 규칙. 실제 게이트웨이/OPC/CSV 인터페이스 상태 태그에 연결 필요.,DCS2,Integration,required_tag_present == FALSE,BOOLEAN_EVENT,0,boolean,,,,,UNCHANGED_DISCRETE_OR_ABSOLUTE,"Boolean, time, count, quality, or existing absolute rule"
AL-0683,DCS2,HRSG/BOP,dcs2.csv,ABB_HRSG_BOP,HRSG/BOP,HRSG/BOP Communication,DCS2 Time Sync,A-L_SCENARIO,,,COMM_STATUS,COMM,DCS2 시각 동기 편차 과다,abs(source_time-console_time) > 2,ABSOLUTE_LIMIT,2,s,EVENT,0,clear after 3 good samples,4,COMM,보라,#AF52DE,FALSE,TRUE,TRUE,NONE,TRUE,TRUE,A-L,DEMO_SCENARIO_ASSUMED,SCENARIO_ONLY_UNVERIFIED,SCENARIO_SOURCE_REQUIRED,https://build.openmodelica.org/Documentation/ThermoSysPro.Examples.Book.PowerPlants.CombinedCyclePowerPlant.GasTurbineTrip.html,통신 감시용 A-L 규칙. 실제 게이트웨이/OPC/CSV 인터페이스 상태 태그에 연결 필요.,DCS2,Integration,abs(source_time-console_time) > 2,ABSOLUTE_LIMIT,2,s,,,,,UNCHANGED_DISCRETE_OR_ABSOLUTE,"Boolean, time, count, quality, or existing absolute rule"
AL-0684,ECMS,ELECTRICAL,ECMS.csv,ECMS_SOE,Electrical,ECMS Communication,ECMS Bad Quality,A-L_SCENARIO,,,COMM_STATUS,COMM,ECMS 태그 품질 Bad,quality_code != GOOD,BAD_QUALITY,0,quality_code,EVENT,0,clear after 3 good samples,4,COMM,보라,#AF52DE,FALSE,TRUE,TRUE,NONE,TRUE,TRUE,A-L,DEMO_SCENARIO_ASSUMED,SCENARIO_ONLY_UNVERIFIED,SCENARIO_SOURCE_REQUIRED,https://build.openmodelica.org/Documentation/ThermoSysPro.Examples.Book.PowerPlants.CombinedCyclePowerPlant.GasTurbineTrip.html,통신 감시용 A-L 규칙. 실제 게이트웨이/OPC/CSV 인터페이스 상태 태그에 연결 필요.,ECMS,Integration,quality_code != GOOD,BAD_QUALITY,0,quality_code,,,,,UNCHANGED_DISCRETE_OR_ABSOLUTE,"Boolean, time, count, quality, or existing absolute rule"
AL-0685,ECMS,ELECTRICAL,ECMS.csv,ECMS_SOE,Electrical,ECMS Communication,ECMS Duplicate Time,A-L_SCENARIO,,,COMM_STATUS,COMM,ECMS 중복 Timestamp 수신,duplicate_timestamp_count > 0,COUNT_LIMIT,0,count,EVENT,0,clear after 3 good samples,4,COMM,보라,#AF52DE,FALSE,TRUE,TRUE,NONE,TRUE,TRUE,A-L,DEMO_SCENARIO_ASSUMED,SCENARIO_ONLY_UNVERIFIED,SCENARIO_SOURCE_REQUIRED,https://build.openmodelica.org/Documentation/ThermoSysPro.Examples.Book.PowerPlants.CombinedCyclePowerPlant.GasTurbineTrip.html,통신 감시용 A-L 규칙. 실제 게이트웨이/OPC/CSV 인터페이스 상태 태그에 연결 필요.,ECMS,Integration,duplicate_timestamp_count > 0,COUNT_LIMIT,0,count,,,,,UNCHANGED_DISCRETE_OR_ABSOLUTE,"Boolean, time, count, quality, or existing absolute rule"
AL-0686,ECMS,ELECTRICAL,ECMS.csv,ECMS_SOE,Electrical,ECMS Communication,ECMS Gateway Disconnect,A-L_SCENARIO,,,COMM_STATUS,COMM,ECMS Gateway 연결 끊김,gateway_connected == FALSE,BOOLEAN_EVENT,3,s,EVENT,0,clear after 3 good samples,4,COMM,보라,#AF52DE,FALSE,TRUE,TRUE,NONE,TRUE,TRUE,A-L,DEMO_SCENARIO_ASSUMED,SCENARIO_ONLY_UNVERIFIED,SCENARIO_SOURCE_REQUIRED,https://build.openmodelica.org/Documentation/ThermoSysPro.Examples.Book.PowerPlants.CombinedCyclePowerPlant.GasTurbineTrip.html,통신 감시용 A-L 규칙. 실제 게이트웨이/OPC/CSV 인터페이스 상태 태그에 연결 필요.,ECMS,Integration,gateway_connected == FALSE,BOOLEAN_EVENT,3,s,,,,,UNCHANGED_DISCRETE_OR_ABSOLUTE,"Boolean, time, count, quality, or existing absolute rule"
AL-0687,ECMS,ELECTRICAL,ECMS.csv,ECMS_SOE,Electrical,ECMS Communication,ECMS Heartbeat Loss,A-L_SCENARIO,,,COMM_STATUS,COMM,ECMS 통신 Heartbeat 상실,heartbeat_age_s > 5,TIMEOUT,5,s,EVENT,5,clear after 3 good samples,4,COMM,보라,#AF52DE,FALSE,TRUE,TRUE,NONE,TRUE,TRUE,A-L,DEMO_SCENARIO_ASSUMED,SCENARIO_ONLY_UNVERIFIED,SCENARIO_SOURCE_REQUIRED,https://build.openmodelica.org/Documentation/ThermoSysPro.Examples.Book.PowerPlants.CombinedCyclePowerPlant.GasTurbineTrip.html,통신 감시용 A-L 규칙. 실제 게이트웨이/OPC/CSV 인터페이스 상태 태그에 연결 필요.,ECMS,Integration,heartbeat_age_s > 5,TIMEOUT,5,s,,,,,UNCHANGED_DISCRETE_OR_ABSOLUTE,"Boolean, time, count, quality, or existing absolute rule"
AL-0688,ECMS,ELECTRICAL,ECMS.csv,ECMS_SOE,Electrical,ECMS Communication,ECMS Out of Order,A-L_SCENARIO,,,COMM_STATUS,COMM,ECMS 역순 Timestamp 수신,out_of_order_count > 0,COUNT_LIMIT,0,count,EVENT,0,clear after 3 good samples,4,COMM,보라,#AF52DE,FALSE,TRUE,TRUE,NONE,TRUE,TRUE,A-L,DEMO_SCENARIO_ASSUMED,SCENARIO_ONLY_UNVERIFIED,SCENARIO_SOURCE_REQUIRED,https://build.openmodelica.org/Documentation/ThermoSysPro.Examples.Book.PowerPlants.CombinedCyclePowerPlant.GasTurbineTrip.html,통신 감시용 A-L 규칙. 실제 게이트웨이/OPC/CSV 인터페이스 상태 태그에 연결 필요.,ECMS,Integration,out_of_order_count > 0,COUNT_LIMIT,0,count,,,,,UNCHANGED_DISCRETE_OR_ABSOLUTE,"Boolean, time, count, quality, or existing absolute rule"
AL-0689,ECMS,ELECTRICAL,ECMS.csv,ECMS_SOE,Electrical,ECMS Communication,ECMS Sample Gap,A-L_SCENARIO,,,COMM_STATUS,COMM,ECMS 샘플 구간 누락,sequence_gap_count > 0,COUNT_LIMIT,0,count,EVENT,0,clear after 3 good samples,4,COMM,보라,#AF52DE,FALSE,TRUE,TRUE,NONE,TRUE,TRUE,A-L,DEMO_SCENARIO_ASSUMED,SCENARIO_ONLY_UNVERIFIED,SCENARIO_SOURCE_REQUIRED,https://build.openmodelica.org/Documentation/ThermoSysPro.Examples.Book.PowerPlants.CombinedCyclePowerPlant.GasTurbineTrip.html,통신 감시용 A-L 규칙. 실제 게이트웨이/OPC/CSV 인터페이스 상태 태그에 연결 필요.,ECMS,Integration,sequence_gap_count > 0,COUNT_LIMIT,0,count,,,,,UNCHANGED_DISCRETE_OR_ABSOLUTE,"Boolean, time, count, quality, or existing absolute rule"
AL-0690,ECMS,ELECTRICAL,ECMS.csv,ECMS_SOE,Electrical,ECMS Communication,ECMS Stale Data,A-L_SCENARIO,,,COMM_STATUS,COMM,ECMS 수신 데이터 갱신 지연,sample_age_s > 10,TIMEOUT,10,s,EVENT,0,clear after 3 good samples,4,COMM,보라,#AF52DE,FALSE,TRUE,TRUE,NONE,TRUE,TRUE,A-L,DEMO_SCENARIO_ASSUMED,SCENARIO_ONLY_UNVERIFIED,SCENARIO_SOURCE_REQUIRED,https://build.openmodelica.org/Documentation/ThermoSysPro.Examples.Book.PowerPlants.CombinedCyclePowerPlant.GasTurbineTrip.html,통신 감시용 A-L 규칙. 실제 게이트웨이/OPC/CSV 인터페이스 상태 태그에 연결 필요.,ECMS,Integration,sample_age_s > 10,TIMEOUT,10,s,,,,,UNCHANGED_DISCRETE_OR_ABSOLUTE,"Boolean, time, count, quality, or existing absolute rule"
AL-0691,ECMS,ELECTRICAL,ECMS.csv,ECMS_SOE,Electrical,ECMS Communication,ECMS Tag Missing,A-L_SCENARIO,,,COMM_STATUS,COMM,ECMS 필수 태그 매핑 누락,required_tag_present == FALSE,BOOLEAN_EVENT,0,boolean,EVENT,0,clear after 3 good samples,4,COMM,보라,#AF52DE,FALSE,TRUE,TRUE,NONE,TRUE,TRUE,A-L,DEMO_SCENARIO_ASSUMED,SCENARIO_ONLY_UNVERIFIED,SCENARIO_SOURCE_REQUIRED,https://build.openmodelica.org/Documentation/ThermoSysPro.Examples.Book.PowerPlants.CombinedCyclePowerPlant.GasTurbineTrip.html,통신 감시용 A-L 규칙. 실제 게이트웨이/OPC/CSV 인터페이스 상태 태그에 연결 필요.,ECMS,Integration,required_tag_present == FALSE,BOOLEAN_EVENT,0,boolean,,,,,UNCHANGED_DISCRETE_OR_ABSOLUTE,"Boolean, time, count, quality, or existing absolute rule"
AL-0692,ECMS,ELECTRICAL,ECMS.csv,ECMS_SOE,Electrical,ECMS Communication,ECMS Time Sync,A-L_SCENARIO,,,COMM_STATUS,COMM,ECMS 시각 동기 편차 과다,abs(source_time-console_time) > 2,ABSOLUTE_LIMIT,2,s,EVENT,0,clear after 3 good samples,4,COMM,보라,#AF52DE,FALSE,TRUE,TRUE,NONE,TRUE,TRUE,A-L,DEMO_SCENARIO_ASSUMED,SCENARIO_ONLY_UNVERIFIED,SCENARIO_SOURCE_REQUIRED,https://build.openmodelica.org/Documentation/ThermoSysPro.Examples.Book.PowerPlants.CombinedCyclePowerPlant.GasTurbineTrip.html,통신 감시용 A-L 규칙. 실제 게이트웨이/OPC/CSV 인터페이스 상태 태그에 연결 필요.,ECMS,Integration,abs(source_time-console_time) > 2,ABSOLUTE_LIMIT,2,s,,,,,UNCHANGED_DISCRETE_OR_ABSOLUTE,"Boolean, time, count, quality, or existing absolute rule"
AL-0694,DCS1,GT,dcs1.csv,SIEMENS_GT_ST,GT,GT Control,Gas Turbine,A-L_SCENARIO,,,OPERATOR_EVENT,OPERATION,GT Trip 명령,GT_TRIP_CMD rising_edge,BOOLEAN_EVENT,,,EVENT,0,N/A,5,OPERATION,파랑,#0A84FF,FALSE,FALSE,FALSE,NONE,TRUE,TRUE,A-L,DEMO_SCENARIO_ASSUMED,SCENARIO_ONLY_UNVERIFIED,SCENARIO_SOURCE_REQUIRED,https://build.openmodelica.org/Documentation/ThermoSysPro.Examples.Book.PowerPlants.CombinedCyclePowerPlant.GasTurbineTrip.html,시연용 A-L 이벤트 정의. 실제 DCS/ECMS 태그가 확보되면 1:1 매핑 필요.,DCS1,Gas Turbine,GT_TRIP_CMD rising_edge,BOOLEAN_EVENT,,,,,,,UNCHANGED_DISCRETE_OR_ABSOLUTE,"Boolean, time, count, quality, or existing absolute rule"
AL-0695,DCS1,GT,dcs1.csv,SIEMENS_GT_ST,GT,GT Control,Gas Turbine,A-L_SCENARIO,,,OPERATOR_EVENT,OPERATION,GT 기동 명령,GT_START_CMD rising_edge,BOOLEAN_EVENT,,,EVENT,0,N/A,5,OPERATION,파랑,#0A84FF,FALSE,FALSE,FALSE,NONE,TRUE,TRUE,A-L,DEMO_SCENARIO_ASSUMED,SCENARIO_ONLY_UNVERIFIED,SCENARIO_SOURCE_REQUIRED,https://build.openmodelica.org/Documentation/ThermoSysPro.Examples.Book.PowerPlants.CombinedCyclePowerPlant.GasTurbineTrip.html,시연용 A-L 이벤트 정의. 실제 DCS/ECMS 태그가 확보되면 1:1 매핑 필요.,DCS1,Gas Turbine,GT_START_CMD rising_edge,BOOLEAN_EVENT,,,,,,,UNCHANGED_DISCRETE_OR_ABSOLUTE,"Boolean, time, count, quality, or existing absolute rule"
AL-0696,DCS1,GT,dcs1.csv,SIEMENS_GT_ST,GT,Load Control,Gas Turbine,A-L_SCENARIO,,,OPERATOR_EVENT,OPERATION,GT 부하 감소 명령,GT_LOAD_LOWER_CMD rising_edge,BOOLEAN_EVENT,,,EVENT,0,N/A,5,OPERATION,파랑,#0A84FF,FALSE,FALSE,FALSE,NONE,TRUE,TRUE,A-L,DEMO_SCENARIO_ASSUMED,SCENARIO_ONLY_UNVERIFIED,SCENARIO_SOURCE_REQUIRED,https://build.openmodelica.org/Documentation/ThermoSysPro.Examples.Book.PowerPlants.CombinedCyclePowerPlant.GasTurbineTrip.html,시연용 A-L 이벤트 정의. 실제 DCS/ECMS 태그가 확보되면 1:1 매핑 필요.,DCS1,Gas Turbine,GT_LOAD_LOWER_CMD rising_edge,BOOLEAN_EVENT,,,,,,,UNCHANGED_DISCRETE_OR_ABSOLUTE,"Boolean, time, count, quality, or existing absolute rule"
AL-0697,DCS1,GT,dcs1.csv,SIEMENS_GT_ST,GT,Load Control,Gas Turbine,A-L_SCENARIO,,,OPERATOR_EVENT,OPERATION,GT 부하 증가 명령,GT_LOAD_RAISE_CMD rising_edge,BOOLEAN_EVENT,,,EVENT,0,N/A,5,OPERATION,파랑,#0A84FF,FALSE,FALSE,FALSE,NONE,TRUE,TRUE,A-L,DEMO_SCENARIO_ASSUMED,SCENARIO_ONLY_UNVERIFIED,SCENARIO_SOURCE_REQUIRED,https://build.openmodelica.org/Documentation/ThermoSysPro.Examples.Book.PowerPlants.CombinedCyclePowerPlant.GasTurbineTrip.html,시연용 A-L 이벤트 정의. 실제 DCS/ECMS 태그가 확보되면 1:1 매핑 필요.,DCS1,Gas Turbine,GT_LOAD_RAISE_CMD rising_edge,BOOLEAN_EVENT,,,,,,,UNCHANGED_DISCRETE_OR_ABSOLUTE,"Boolean, time, count, quality, or existing absolute rule"
AL-0698,DCS1,GT,dcs1.csv,SIEMENS_GT_ST,GT,GT Control,Gas Turbine,A-L_SCENARIO,,,OPERATOR_EVENT,OPERATION,GT 자동/수동 모드 변경,GT_MODE changed,BOOLEAN_EVENT,,,EVENT,0,N/A,5,OPERATION,파랑,#0A84FF,FALSE,FALSE,FALSE,NONE,TRUE,TRUE,A-L,DEMO_SCENARIO_ASSUMED,SCENARIO_ONLY_UNVERIFIED,SCENARIO_SOURCE_REQUIRED,https://build.openmodelica.org/Documentation/ThermoSysPro.Examples.Book.PowerPlants.CombinedCyclePowerPlant.GasTurbineTrip.html,시연용 A-L 이벤트 정의. 실제 DCS/ECMS 태그가 확보되면 1:1 매핑 필요.,DCS1,Gas Turbine,GT_MODE changed,BOOLEAN_EVENT,,,,,,,UNCHANGED_DISCRETE_OR_ABSOLUTE,"Boolean, time, count, quality, or existing absolute rule"
AL-0699,DCS1,GT,dcs1.csv,SIEMENS_GT_ST,GT,GT Control,Gas Turbine,A-L_SCENARIO,,,OPERATOR_EVENT,OPERATION,GT 정지 명령,GT_STOP_CMD rising_edge,BOOLEAN_EVENT,,,EVENT,0,N/A,5,OPERATION,파랑,#0A84FF,FALSE,FALSE,FALSE,NONE,TRUE,TRUE,A-L,DEMO_SCENARIO_ASSUMED,SCENARIO_ONLY_UNVERIFIED,SCENARIO_SOURCE_REQUIRED,https://build.openmodelica.org/Documentation/ThermoSysPro.Examples.Book.PowerPlants.CombinedCyclePowerPlant.GasTurbineTrip.html,시연용 A-L 이벤트 정의. 실제 DCS/ECMS 태그가 확보되면 1:1 매핑 필요.,DCS1,Gas Turbine,GT_STOP_CMD rising_edge,BOOLEAN_EVENT,,,,,,,UNCHANGED_DISCRETE_OR_ABSOLUTE,"Boolean, time, count, quality, or existing absolute rule"
AL-0693,DCS1,GT/ST,dcs1.csv,SIEMENS_GT_ST,GT/ST,GT/ST Common / Operator Console,DCS1 Console,A-L_SCENARIO,,,OPERATOR_EVENT,OPERATION,DCS1 알람 일괄 확인,DCS1_ACK_ALL rising_edge,BOOLEAN_EVENT,,,EVENT,0,N/A,5,OPERATION,파랑,#0A84FF,FALSE,FALSE,FALSE,NONE,TRUE,TRUE,A-L,DEMO_SCENARIO_ASSUMED,SCENARIO_ONLY_UNVERIFIED,SCENARIO_SOURCE_REQUIRED,https://build.openmodelica.org/Documentation/ThermoSysPro.Examples.Book.PowerPlants.CombinedCyclePowerPlant.GasTurbineTrip.html,시연용 A-L 이벤트 정의. 실제 DCS/ECMS 태그가 확보되면 1:1 매핑 필요.,DCS1,Alarm Management,DCS1_ACK_ALL rising_edge,BOOLEAN_EVENT,,,,,,,UNCHANGED_DISCRETE_OR_ABSOLUTE,"Boolean, time, count, quality, or existing absolute rule"
AL-0703,DCS1,ST,dcs1.csv,SIEMENS_GT_ST,ST,Bypass Control,HP Bypass Valve,A-L_SCENARIO,,,OPERATOR_EVENT,OPERATION,HP Bypass 밸브 닫힘 명령,HP_BYPASS_CLOSE_CMD rising_edge,BOOLEAN_EVENT,,,EVENT,0,N/A,5,OPERATION,파랑,#0A84FF,FALSE,FALSE,FALSE,NONE,TRUE,TRUE,A-L,DEMO_SCENARIO_ASSUMED,SCENARIO_ONLY_UNVERIFIED,SCENARIO_SOURCE_REQUIRED,https://build.openmodelica.org/Documentation/ThermoSysPro.Examples.Book.PowerPlants.CombinedCyclePowerPlant.GasTurbineTrip.html,시연용 A-L 이벤트 정의. 실제 DCS/ECMS 태그가 확보되면 1:1 매핑 필요.,DCS1,Steam Turbine,HP_BYPASS_CLOSE_CMD rising_edge,BOOLEAN_EVENT,,,,,,,UNCHANGED_DISCRETE_OR_ABSOLUTE,"Boolean, time, count, quality, or existing absolute rule"
AL-0704,DCS1,ST,dcs1.csv,SIEMENS_GT_ST,ST,Bypass Control,HP Bypass Valve,A-L_SCENARIO,,,OPERATOR_EVENT,OPERATION,HP Bypass 밸브 열림 명령,HP_BYPASS_OPEN_CMD rising_edge,BOOLEAN_EVENT,,,EVENT,0,N/A,5,OPERATION,파랑,#0A84FF,FALSE,FALSE,FALSE,NONE,TRUE,TRUE,A-L,DEMO_SCENARIO_ASSUMED,SCENARIO_ONLY_UNVERIFIED,SCENARIO_SOURCE_REQUIRED,https://build.openmodelica.org/Documentation/ThermoSysPro.Examples.Book.PowerPlants.CombinedCyclePowerPlant.GasTurbineTrip.html,시연용 A-L 이벤트 정의. 실제 DCS/ECMS 태그가 확보되면 1:1 매핑 필요.,DCS1,Steam Turbine,HP_BYPASS_OPEN_CMD rising_edge,BOOLEAN_EVENT,,,,,,,UNCHANGED_DISCRETE_OR_ABSOLUTE,"Boolean, time, count, quality, or existing absolute rule"
AL-0705,DCS1,ST,dcs1.csv,SIEMENS_GT_ST,ST,ST Control,Steam Turbine,A-L_SCENARIO,,,OPERATOR_EVENT,OPERATION,ST Trip 명령,ST_TRIP_CMD rising_edge,BOOLEAN_EVENT,,,EVENT,0,N/A,5,OPERATION,파랑,#0A84FF,FALSE,FALSE,FALSE,NONE,TRUE,TRUE,A-L,DEMO_SCENARIO_ASSUMED,SCENARIO_ONLY_UNVERIFIED,SCENARIO_SOURCE_REQUIRED,https://build.openmodelica.org/Documentation/ThermoSysPro.Examples.Book.PowerPlants.CombinedCyclePowerPlant.GasTurbineTrip.html,시연용 A-L 이벤트 정의. 실제 DCS/ECMS 태그가 확보되면 1:1 매핑 필요.,DCS1,Steam Turbine,ST_TRIP_CMD rising_edge,BOOLEAN_EVENT,,,,,,,UNCHANGED_DISCRETE_OR_ABSOLUTE,"Boolean, time, count, quality, or existing absolute rule"
AL-0706,DCS1,ST,dcs1.csv,SIEMENS_GT_ST,ST,ST Control,Steam Turbine,A-L_SCENARIO,,,OPERATOR_EVENT,OPERATION,ST 기동 명령,ST_START_CMD rising_edge,BOOLEAN_EVENT,,,EVENT,0,N/A,5,OPERATION,파랑,#0A84FF,FALSE,FALSE,FALSE,NONE,TRUE,TRUE,A-L,DEMO_SCENARIO_ASSUMED,SCENARIO_ONLY_UNVERIFIED,SCENARIO_SOURCE_REQUIRED,https://build.openmodelica.org/Documentation/ThermoSysPro.Examples.Book.PowerPlants.CombinedCyclePowerPlant.GasTurbineTrip.html,시연용 A-L 이벤트 정의. 실제 DCS/ECMS 태그가 확보되면 1:1 매핑 필요.,DCS1,Steam Turbine,ST_START_CMD rising_edge,BOOLEAN_EVENT,,,,,,,UNCHANGED_DISCRETE_OR_ABSOLUTE,"Boolean, time, count, quality, or existing absolute rule"
AL-0707,DCS1,ST,dcs1.csv,SIEMENS_GT_ST,ST,ST Control,Steam Turbine,A-L_SCENARIO,,,OPERATOR_EVENT,OPERATION,ST 자동/수동 모드 변경,ST_MODE changed,BOOLEAN_EVENT,,,EVENT,0,N/A,5,OPERATION,파랑,#0A84FF,FALSE,FALSE,FALSE,NONE,TRUE,TRUE,A-L,DEMO_SCENARIO_ASSUMED,SCENARIO_ONLY_UNVERIFIED,SCENARIO_SOURCE_REQUIRED,https://build.openmodelica.org/Documentation/ThermoSysPro.Examples.Book.PowerPlants.CombinedCyclePowerPlant.GasTurbineTrip.html,시연용 A-L 이벤트 정의. 실제 DCS/ECMS 태그가 확보되면 1:1 매핑 필요.,DCS1,Steam Turbine,ST_MODE changed,BOOLEAN_EVENT,,,,,,,UNCHANGED_DISCRETE_OR_ABSOLUTE,"Boolean, time, count, quality, or existing absolute rule"
AL-0708,DCS1,ST,dcs1.csv,SIEMENS_GT_ST,ST,ST Control,Steam Turbine,A-L_SCENARIO,,,OPERATOR_EVENT,OPERATION,ST 정지 명령,ST_STOP_CMD rising_edge,BOOLEAN_EVENT,,,EVENT,0,N/A,5,OPERATION,파랑,#0A84FF,FALSE,FALSE,FALSE,NONE,TRUE,TRUE,A-L,DEMO_SCENARIO_ASSUMED,SCENARIO_ONLY_UNVERIFIED,SCENARIO_SOURCE_REQUIRED,https://build.openmodelica.org/Documentation/ThermoSysPro.Examples.Book.PowerPlants.CombinedCyclePowerPlant.GasTurbineTrip.html,시연용 A-L 이벤트 정의. 실제 DCS/ECMS 태그가 확보되면 1:1 매핑 필요.,DCS1,Steam Turbine,ST_STOP_CMD rising_edge,BOOLEAN_EVENT,,,,,,,UNCHANGED_DISCRETE_OR_ABSOLUTE,"Boolean, time, count, quality, or existing absolute rule"
AL-0710,DCS2,BOP,dcs2.csv,ABB_HRSG_BOP,BOP,Condensate / Pump Control,CEP,A-L_SCENARIO,,,OPERATOR_EVENT,OPERATION,CEP 기동 명령,CEP_START_CMD rising_edge,BOOLEAN_EVENT,,,EVENT,0,N/A,5,OPERATION,파랑,#0A84FF,FALSE,FALSE,FALSE,NONE,TRUE,TRUE,A-L,DEMO_SCENARIO_ASSUMED,SCENARIO_ONLY_UNVERIFIED,SCENARIO_SOURCE_REQUIRED,https://build.openmodelica.org/Documentation/ThermoSysPro.Examples.Book.PowerPlants.CombinedCyclePowerPlant.GasTurbineTrip.html,시연용 A-L 이벤트 정의. 실제 DCS/ECMS 태그가 확보되면 1:1 매핑 필요.,DCS2,Condensate,CEP_START_CMD rising_edge,BOOLEAN_EVENT,,,,,,,UNCHANGED_DISCRETE_OR_ABSOLUTE,"Boolean, time, count, quality, or existing absolute rule"
AL-0711,DCS2,BOP,dcs2.csv,ABB_HRSG_BOP,BOP,Condensate / Pump Control,CEP,A-L_SCENARIO,,,OPERATOR_EVENT,OPERATION,CEP 정지 명령,CEP_STOP_CMD rising_edge,BOOLEAN_EVENT,,,EVENT,0,N/A,5,OPERATION,파랑,#0A84FF,FALSE,FALSE,FALSE,NONE,TRUE,TRUE,A-L,DEMO_SCENARIO_ASSUMED,SCENARIO_ONLY_UNVERIFIED,SCENARIO_SOURCE_REQUIRED,https://build.openmodelica.org/Documentation/ThermoSysPro.Examples.Book.PowerPlants.CombinedCyclePowerPlant.GasTurbineTrip.html,시연용 A-L 이벤트 정의. 실제 DCS/ECMS 태그가 확보되면 1:1 매핑 필요.,DCS2,Condensate,CEP_STOP_CMD rising_edge,BOOLEAN_EVENT,,,,,,,UNCHANGED_DISCRETE_OR_ABSOLUTE,"Boolean, time, count, quality, or existing absolute rule"
AL-0709,DCS2,BOP,dcs2.csv,ABB_HRSG_BOP,BOP,Alarm Management / Operator Console,DCS2 Console,A-L_SCENARIO,,,OPERATOR_EVENT,OPERATION,DCS2 알람 일괄 확인,DCS2_ACK_ALL rising_edge,BOOLEAN_EVENT,,,EVENT,0,N/A,5,OPERATION,파랑,#0A84FF,FALSE,FALSE,FALSE,NONE,TRUE,TRUE,A-L,DEMO_SCENARIO_ASSUMED,SCENARIO_ONLY_UNVERIFIED,SCENARIO_SOURCE_REQUIRED,https://build.openmodelica.org/Documentation/ThermoSysPro.Examples.Book.PowerPlants.CombinedCyclePowerPlant.GasTurbineTrip.html,시연용 A-L 이벤트 정의. 실제 DCS/ECMS 태그가 확보되면 1:1 매핑 필요.,DCS2,Alarm Management,DCS2_ACK_ALL rising_edge,BOOLEAN_EVENT,,,,,,,UNCHANGED_DISCRETE_OR_ABSOLUTE,"Boolean, time, count, quality, or existing absolute rule"
AL-0712,DCS2,BOP,dcs2.csv,ABB_HRSG_BOP,BOP,Feedwater / Pump Control,HP BFP,A-L_SCENARIO,,,OPERATOR_EVENT,OPERATION,HP BFP 기동 명령,HP_BFP_START_CMD rising_edge,BOOLEAN_EVENT,,,EVENT,0,N/A,5,OPERATION,파랑,#0A84FF,FALSE,FALSE,FALSE,NONE,TRUE,TRUE,A-L,DEMO_SCENARIO_ASSUMED,SCENARIO_ONLY_UNVERIFIED,SCENARIO_SOURCE_REQUIRED,https://build.openmodelica.org/Documentation/ThermoSysPro.Examples.Book.PowerPlants.CombinedCyclePowerPlant.GasTurbineTrip.html,시연용 A-L 이벤트 정의. 실제 DCS/ECMS 태그가 확보되면 1:1 매핑 필요.,DCS2,Feedwater,HP_BFP_START_CMD rising_edge,BOOLEAN_EVENT,,,,,,,UNCHANGED_DISCRETE_OR_ABSOLUTE,"Boolean, time, count, quality, or existing absolute rule"
AL-0713,DCS2,BOP,dcs2.csv,ABB_HRSG_BOP,BOP,Feedwater / Pump Control,HP BFP,A-L_SCENARIO,,,OPERATOR_EVENT,OPERATION,HP BFP 정지 명령,HP_BFP_STOP_CMD rising_edge,BOOLEAN_EVENT,,,EVENT,0,N/A,5,OPERATION,파랑,#0A84FF,FALSE,FALSE,FALSE,NONE,TRUE,TRUE,A-L,DEMO_SCENARIO_ASSUMED,SCENARIO_ONLY_UNVERIFIED,SCENARIO_SOURCE_REQUIRED,https://build.openmodelica.org/Documentation/ThermoSysPro.Examples.Book.PowerPlants.CombinedCyclePowerPlant.GasTurbineTrip.html,시연용 A-L 이벤트 정의. 실제 DCS/ECMS 태그가 확보되면 1:1 매핑 필요.,DCS2,Feedwater,HP_BFP_STOP_CMD rising_edge,BOOLEAN_EVENT,,,,,,,UNCHANGED_DISCRETE_OR_ABSOLUTE,"Boolean, time, count, quality, or existing absolute rule"
AL-0714,DCS2,BOP,dcs2.csv,ABB_HRSG_BOP,BOP,Feedwater / Pump Control,IP BFP,A-L_SCENARIO,,,OPERATOR_EVENT,OPERATION,IP BFP 기동 명령,IP_BFP_START_CMD rising_edge,BOOLEAN_EVENT,,,EVENT,0,N/A,5,OPERATION,파랑,#0A84FF,FALSE,FALSE,FALSE,NONE,TRUE,TRUE,A-L,DEMO_SCENARIO_ASSUMED,SCENARIO_ONLY_UNVERIFIED,SCENARIO_SOURCE_REQUIRED,https://build.openmodelica.org/Documentation/ThermoSysPro.Examples.Book.PowerPlants.CombinedCyclePowerPlant.GasTurbineTrip.html,시연용 A-L 이벤트 정의. 실제 DCS/ECMS 태그가 확보되면 1:1 매핑 필요.,DCS2,Feedwater,IP_BFP_START_CMD rising_edge,BOOLEAN_EVENT,,,,,,,UNCHANGED_DISCRETE_OR_ABSOLUTE,"Boolean, time, count, quality, or existing absolute rule"
AL-0715,DCS2,BOP,dcs2.csv,ABB_HRSG_BOP,BOP,Feedwater / Pump Control,IP BFP,A-L_SCENARIO,,,OPERATOR_EVENT,OPERATION,IP BFP 정지 명령,IP_BFP_STOP_CMD rising_edge,BOOLEAN_EVENT,,,EVENT,0,N/A,5,OPERATION,파랑,#0A84FF,FALSE,FALSE,FALSE,NONE,TRUE,TRUE,A-L,DEMO_SCENARIO_ASSUMED,SCENARIO_ONLY_UNVERIFIED,SCENARIO_SOURCE_REQUIRED,https://build.openmodelica.org/Documentation/ThermoSysPro.Examples.Book.PowerPlants.CombinedCyclePowerPlant.GasTurbineTrip.html,시연용 A-L 이벤트 정의. 실제 DCS/ECMS 태그가 확보되면 1:1 매핑 필요.,DCS2,Feedwater,IP_BFP_STOP_CMD rising_edge,BOOLEAN_EVENT,,,,,,,UNCHANGED_DISCRETE_OR_ABSOLUTE,"Boolean, time, count, quality, or existing absolute rule"
AL-0716,DCS2,HRSG,dcs2.csv,ABB_HRSG_BOP,HRSG,Drum Level Control,HP Drum LC,A-L_SCENARIO,,,OPERATOR_EVENT,OPERATION,HP Drum 레벨제어 Auto/Manual 변경,HP_DRUM_LC_MODE changed,BOOLEAN_EVENT,,,EVENT,0,N/A,5,OPERATION,파랑,#0A84FF,FALSE,FALSE,FALSE,NONE,TRUE,TRUE,A-L,DEMO_SCENARIO_ASSUMED,SCENARIO_ONLY_UNVERIFIED,SCENARIO_SOURCE_REQUIRED,https://build.openmodelica.org/Documentation/ThermoSysPro.Examples.Book.PowerPlants.CombinedCyclePowerPlant.GasTurbineTrip.html,시연용 A-L 이벤트 정의. 실제 DCS/ECMS 태그가 확보되면 1:1 매핑 필요.,DCS2,HRSG,HP_DRUM_LC_MODE changed,BOOLEAN_EVENT,,,,,,,UNCHANGED_DISCRETE_OR_ABSOLUTE,"Boolean, time, count, quality, or existing absolute rule"
AL-0717,DCS2,HRSG,dcs2.csv,ABB_HRSG_BOP,HRSG,Feedwater Valve,HP Feed Valve,A-L_SCENARIO,,,OPERATOR_EVENT,OPERATION,HP 급수밸브 닫힘 명령,HP_FEED_VLV_CLOSE_CMD rising_edge,BOOLEAN_EVENT,,,EVENT,0,N/A,5,OPERATION,파랑,#0A84FF,FALSE,FALSE,FALSE,NONE,TRUE,TRUE,A-L,DEMO_SCENARIO_ASSUMED,SCENARIO_ONLY_UNVERIFIED,SCENARIO_SOURCE_REQUIRED,https://build.openmodelica.org/Documentation/ThermoSysPro.Examples.Book.PowerPlants.CombinedCyclePowerPlant.GasTurbineTrip.html,시연용 A-L 이벤트 정의. 실제 DCS/ECMS 태그가 확보되면 1:1 매핑 필요.,DCS2,HRSG,HP_FEED_VLV_CLOSE_CMD rising_edge,BOOLEAN_EVENT,,,,,,,UNCHANGED_DISCRETE_OR_ABSOLUTE,"Boolean, time, count, quality, or existing absolute rule"
AL-0718,DCS2,HRSG,dcs2.csv,ABB_HRSG_BOP,HRSG,Feedwater Valve,HP Feed Valve,A-L_SCENARIO,,,OPERATOR_EVENT,OPERATION,HP 급수밸브 열림 명령,HP_FEED_VLV_OPEN_CMD rising_edge,BOOLEAN_EVENT,,,EVENT,0,N/A,5,OPERATION,파랑,#0A84FF,FALSE,FALSE,FALSE,NONE,TRUE,TRUE,A-L,DEMO_SCENARIO_ASSUMED,SCENARIO_ONLY_UNVERIFIED,SCENARIO_SOURCE_REQUIRED,https://build.openmodelica.org/Documentation/ThermoSysPro.Examples.Book.PowerPlants.CombinedCyclePowerPlant.GasTurbineTrip.html,시연용 A-L 이벤트 정의. 실제 DCS/ECMS 태그가 확보되면 1:1 매핑 필요.,DCS2,HRSG,HP_FEED_VLV_OPEN_CMD rising_edge,BOOLEAN_EVENT,,,,,,,UNCHANGED_DISCRETE_OR_ABSOLUTE,"Boolean, time, count, quality, or existing absolute rule"
AL-0719,DCS2,HRSG,dcs2.csv,ABB_HRSG_BOP,HRSG,Steam Valve,HP Steam Valve,A-L_SCENARIO,,,OPERATOR_EVENT,OPERATION,HP 주증기밸브 닫힘 명령,HP_STEAM_VLV_CLOSE_CMD rising_edge,BOOLEAN_EVENT,,,EVENT,0,N/A,5,OPERATION,파랑,#0A84FF,FALSE,FALSE,FALSE,NONE,TRUE,TRUE,A-L,DEMO_SCENARIO_ASSUMED,SCENARIO_ONLY_UNVERIFIED,SCENARIO_SOURCE_REQUIRED,https://build.openmodelica.org/Documentation/ThermoSysPro.Examples.Book.PowerPlants.CombinedCyclePowerPlant.GasTurbineTrip.html,시연용 A-L 이벤트 정의. 실제 DCS/ECMS 태그가 확보되면 1:1 매핑 필요.,DCS2,HRSG,HP_STEAM_VLV_CLOSE_CMD rising_edge,BOOLEAN_EVENT,,,,,,,UNCHANGED_DISCRETE_OR_ABSOLUTE,"Boolean, time, count, quality, or existing absolute rule"
AL-0720,DCS2,HRSG,dcs2.csv,ABB_HRSG_BOP,HRSG,Steam Valve,HP Steam Valve,A-L_SCENARIO,,,OPERATOR_EVENT,OPERATION,HP 주증기밸브 열림 명령,HP_STEAM_VLV_OPEN_CMD rising_edge,BOOLEAN_EVENT,,,EVENT,0,N/A,5,OPERATION,파랑,#0A84FF,FALSE,FALSE,FALSE,NONE,TRUE,TRUE,A-L,DEMO_SCENARIO_ASSUMED,SCENARIO_ONLY_UNVERIFIED,SCENARIO_SOURCE_REQUIRED,https://build.openmodelica.org/Documentation/ThermoSysPro.Examples.Book.PowerPlants.CombinedCyclePowerPlant.GasTurbineTrip.html,시연용 A-L 이벤트 정의. 실제 DCS/ECMS 태그가 확보되면 1:1 매핑 필요.,DCS2,HRSG,HP_STEAM_VLV_OPEN_CMD rising_edge,BOOLEAN_EVENT,,,,,,,UNCHANGED_DISCRETE_OR_ABSOLUTE,"Boolean, time, count, quality, or existing absolute rule"
AL-0721,DCS2,HRSG,dcs2.csv,ABB_HRSG_BOP,HRSG,Drum Level Control,IP Drum LC,A-L_SCENARIO,,,OPERATOR_EVENT,OPERATION,IP Drum 레벨제어 Auto/Manual 변경,IP_DRUM_LC_MODE changed,BOOLEAN_EVENT,,,EVENT,0,N/A,5,OPERATION,파랑,#0A84FF,FALSE,FALSE,FALSE,NONE,TRUE,TRUE,A-L,DEMO_SCENARIO_ASSUMED,SCENARIO_ONLY_UNVERIFIED,SCENARIO_SOURCE_REQUIRED,https://build.openmodelica.org/Documentation/ThermoSysPro.Examples.Book.PowerPlants.CombinedCyclePowerPlant.GasTurbineTrip.html,시연용 A-L 이벤트 정의. 실제 DCS/ECMS 태그가 확보되면 1:1 매핑 필요.,DCS2,HRSG,IP_DRUM_LC_MODE changed,BOOLEAN_EVENT,,,,,,,UNCHANGED_DISCRETE_OR_ABSOLUTE,"Boolean, time, count, quality, or existing absolute rule"
AL-0722,DCS2,HRSG,dcs2.csv,ABB_HRSG_BOP,HRSG,Feedwater Valve,IP Feed Valve,A-L_SCENARIO,,,OPERATOR_EVENT,OPERATION,IP 급수밸브 닫힘 명령,IP_FEED_VLV_CLOSE_CMD rising_edge,BOOLEAN_EVENT,,,EVENT,0,N/A,5,OPERATION,파랑,#0A84FF,FALSE,FALSE,FALSE,NONE,TRUE,TRUE,A-L,DEMO_SCENARIO_ASSUMED,SCENARIO_ONLY_UNVERIFIED,SCENARIO_SOURCE_REQUIRED,https://build.openmodelica.org/Documentation/ThermoSysPro.Examples.Book.PowerPlants.CombinedCyclePowerPlant.GasTurbineTrip.html,시연용 A-L 이벤트 정의. 실제 DCS/ECMS 태그가 확보되면 1:1 매핑 필요.,DCS2,HRSG,IP_FEED_VLV_CLOSE_CMD rising_edge,BOOLEAN_EVENT,,,,,,,UNCHANGED_DISCRETE_OR_ABSOLUTE,"Boolean, time, count, quality, or existing absolute rule"
AL-0723,DCS2,HRSG,dcs2.csv,ABB_HRSG_BOP,HRSG,Feedwater Valve,IP Feed Valve,A-L_SCENARIO,,,OPERATOR_EVENT,OPERATION,IP 급수밸브 열림 명령,IP_FEED_VLV_OPEN_CMD rising_edge,BOOLEAN_EVENT,,,EVENT,0,N/A,5,OPERATION,파랑,#0A84FF,FALSE,FALSE,FALSE,NONE,TRUE,TRUE,A-L,DEMO_SCENARIO_ASSUMED,SCENARIO_ONLY_UNVERIFIED,SCENARIO_SOURCE_REQUIRED,https://build.openmodelica.org/Documentation/ThermoSysPro.Examples.Book.PowerPlants.CombinedCyclePowerPlant.GasTurbineTrip.html,시연용 A-L 이벤트 정의. 실제 DCS/ECMS 태그가 확보되면 1:1 매핑 필요.,DCS2,HRSG,IP_FEED_VLV_OPEN_CMD rising_edge,BOOLEAN_EVENT,,,,,,,UNCHANGED_DISCRETE_OR_ABSOLUTE,"Boolean, time, count, quality, or existing absolute rule"
AL-0724,DCS2,HRSG,dcs2.csv,ABB_HRSG_BOP,HRSG,Steam Valve,IP Steam Valve,A-L_SCENARIO,,,OPERATOR_EVENT,OPERATION,IP 증기밸브 닫힘 명령,IP_STEAM_VLV_CLOSE_CMD rising_edge,BOOLEAN_EVENT,,,EVENT,0,N/A,5,OPERATION,파랑,#0A84FF,FALSE,FALSE,FALSE,NONE,TRUE,TRUE,A-L,DEMO_SCENARIO_ASSUMED,SCENARIO_ONLY_UNVERIFIED,SCENARIO_SOURCE_REQUIRED,https://build.openmodelica.org/Documentation/ThermoSysPro.Examples.Book.PowerPlants.CombinedCyclePowerPlant.GasTurbineTrip.html,시연용 A-L 이벤트 정의. 실제 DCS/ECMS 태그가 확보되면 1:1 매핑 필요.,DCS2,HRSG,IP_STEAM_VLV_CLOSE_CMD rising_edge,BOOLEAN_EVENT,,,,,,,UNCHANGED_DISCRETE_OR_ABSOLUTE,"Boolean, time, count, quality, or existing absolute rule"
AL-0725,DCS2,HRSG,dcs2.csv,ABB_HRSG_BOP,HRSG,Steam Valve,IP Steam Valve,A-L_SCENARIO,,,OPERATOR_EVENT,OPERATION,IP 증기밸브 열림 명령,IP_STEAM_VLV_OPEN_CMD rising_edge,BOOLEAN_EVENT,,,EVENT,0,N/A,5,OPERATION,파랑,#0A84FF,FALSE,FALSE,FALSE,NONE,TRUE,TRUE,A-L,DEMO_SCENARIO_ASSUMED,SCENARIO_ONLY_UNVERIFIED,SCENARIO_SOURCE_REQUIRED,https://build.openmodelica.org/Documentation/ThermoSysPro.Examples.Book.PowerPlants.CombinedCyclePowerPlant.GasTurbineTrip.html,시연용 A-L 이벤트 정의. 실제 DCS/ECMS 태그가 확보되면 1:1 매핑 필요.,DCS2,HRSG,IP_STEAM_VLV_OPEN_CMD rising_edge,BOOLEAN_EVENT,,,,,,,UNCHANGED_DISCRETE_OR_ABSOLUTE,"Boolean, time, count, quality, or existing absolute rule"
AL-0726,DCS2,HRSG,dcs2.csv,ABB_HRSG_BOP,HRSG,Drum Level Control,LP Drum LC,A-L_SCENARIO,,,OPERATOR_EVENT,OPERATION,LP Drum 레벨제어 Auto/Manual 변경,LP_DRUM_LC_MODE changed,BOOLEAN_EVENT,,,EVENT,0,N/A,5,OPERATION,파랑,#0A84FF,FALSE,FALSE,FALSE,NONE,TRUE,TRUE,A-L,DEMO_SCENARIO_ASSUMED,SCENARIO_ONLY_UNVERIFIED,SCENARIO_SOURCE_REQUIRED,https://build.openmodelica.org/Documentation/ThermoSysPro.Examples.Book.PowerPlants.CombinedCyclePowerPlant.GasTurbineTrip.html,시연용 A-L 이벤트 정의. 실제 DCS/ECMS 태그가 확보되면 1:1 매핑 필요.,DCS2,HRSG,LP_DRUM_LC_MODE changed,BOOLEAN_EVENT,,,,,,,UNCHANGED_DISCRETE_OR_ABSOLUTE,"Boolean, time, count, quality, or existing absolute rule"
AL-0727,DCS2,HRSG,dcs2.csv,ABB_HRSG_BOP,HRSG,Feedwater Valve,LP Feed Valve,A-L_SCENARIO,,,OPERATOR_EVENT,OPERATION,LP 급수밸브 닫힘 명령,LP_FEED_VLV_CLOSE_CMD rising_edge,BOOLEAN_EVENT,,,EVENT,0,N/A,5,OPERATION,파랑,#0A84FF,FALSE,FALSE,FALSE,NONE,TRUE,TRUE,A-L,DEMO_SCENARIO_ASSUMED,SCENARIO_ONLY_UNVERIFIED,SCENARIO_SOURCE_REQUIRED,https://build.openmodelica.org/Documentation/ThermoSysPro.Examples.Book.PowerPlants.CombinedCyclePowerPlant.GasTurbineTrip.html,시연용 A-L 이벤트 정의. 실제 DCS/ECMS 태그가 확보되면 1:1 매핑 필요.,DCS2,HRSG,LP_FEED_VLV_CLOSE_CMD rising_edge,BOOLEAN_EVENT,,,,,,,UNCHANGED_DISCRETE_OR_ABSOLUTE,"Boolean, time, count, quality, or existing absolute rule"
AL-0728,DCS2,HRSG,dcs2.csv,ABB_HRSG_BOP,HRSG,Feedwater Valve,LP Feed Valve,A-L_SCENARIO,,,OPERATOR_EVENT,OPERATION,LP 급수밸브 열림 명령,LP_FEED_VLV_OPEN_CMD rising_edge,BOOLEAN_EVENT,,,EVENT,0,N/A,5,OPERATION,파랑,#0A84FF,FALSE,FALSE,FALSE,NONE,TRUE,TRUE,A-L,DEMO_SCENARIO_ASSUMED,SCENARIO_ONLY_UNVERIFIED,SCENARIO_SOURCE_REQUIRED,https://build.openmodelica.org/Documentation/ThermoSysPro.Examples.Book.PowerPlants.CombinedCyclePowerPlant.GasTurbineTrip.html,시연용 A-L 이벤트 정의. 실제 DCS/ECMS 태그가 확보되면 1:1 매핑 필요.,DCS2,HRSG,LP_FEED_VLV_OPEN_CMD rising_edge,BOOLEAN_EVENT,,,,,,,UNCHANGED_DISCRETE_OR_ABSOLUTE,"Boolean, time, count, quality, or existing absolute rule"
AL-0729,DCS2,HRSG,dcs2.csv,ABB_HRSG_BOP,HRSG,Steam Valve,LP Steam Valve,A-L_SCENARIO,,,OPERATOR_EVENT,OPERATION,LP 증기밸브 닫힘 명령,LP_STEAM_VLV_CLOSE_CMD rising_edge,BOOLEAN_EVENT,,,EVENT,0,N/A,5,OPERATION,파랑,#0A84FF,FALSE,FALSE,FALSE,NONE,TRUE,TRUE,A-L,DEMO_SCENARIO_ASSUMED,SCENARIO_ONLY_UNVERIFIED,SCENARIO_SOURCE_REQUIRED,https://build.openmodelica.org/Documentation/ThermoSysPro.Examples.Book.PowerPlants.CombinedCyclePowerPlant.GasTurbineTrip.html,시연용 A-L 이벤트 정의. 실제 DCS/ECMS 태그가 확보되면 1:1 매핑 필요.,DCS2,HRSG,LP_STEAM_VLV_CLOSE_CMD rising_edge,BOOLEAN_EVENT,,,,,,,UNCHANGED_DISCRETE_OR_ABSOLUTE,"Boolean, time, count, quality, or existing absolute rule"
AL-0730,DCS2,HRSG,dcs2.csv,ABB_HRSG_BOP,HRSG,Steam Valve,LP Steam Valve,A-L_SCENARIO,,,OPERATOR_EVENT,OPERATION,LP 증기밸브 열림 명령,LP_STEAM_VLV_OPEN_CMD rising_edge,BOOLEAN_EVENT,,,EVENT,0,N/A,5,OPERATION,파랑,#0A84FF,FALSE,FALSE,FALSE,NONE,TRUE,TRUE,A-L,DEMO_SCENARIO_ASSUMED,SCENARIO_ONLY_UNVERIFIED,SCENARIO_SOURCE_REQUIRED,https://build.openmodelica.org/Documentation/ThermoSysPro.Examples.Book.PowerPlants.CombinedCyclePowerPlant.GasTurbineTrip.html,시연용 A-L 이벤트 정의. 실제 DCS/ECMS 태그가 확보되면 1:1 매핑 필요.,DCS2,HRSG,LP_STEAM_VLV_OPEN_CMD rising_edge,BOOLEAN_EVENT,,,,,,,UNCHANGED_DISCRETE_OR_ABSOLUTE,"Boolean, time, count, quality, or existing absolute rule"
AL-0731,ECMS,ELECTRICAL,ECMS.csv,ECMS_SOE,Electrical,Operator Console,ECMS Console,A-L_SCENARIO,,,OPERATOR_EVENT,OPERATION,ECMS 알람 일괄 확인,ECMS_ACK_ALL rising_edge,BOOLEAN_EVENT,,,EVENT,0,N/A,5,OPERATION,파랑,#0A84FF,FALSE,FALSE,FALSE,NONE,TRUE,TRUE,A-L,DEMO_SCENARIO_ASSUMED,SCENARIO_ONLY_UNVERIFIED,SCENARIO_SOURCE_REQUIRED,https://build.openmodelica.org/Documentation/ThermoSysPro.Examples.Book.PowerPlants.CombinedCyclePowerPlant.GasTurbineTrip.html,시연용 A-L 이벤트 정의. 실제 DCS/ECMS 태그가 확보되면 1:1 매핑 필요.,ECMS,Alarm Management,ECMS_ACK_ALL rising_edge,BOOLEAN_EVENT,,,,,,,UNCHANGED_DISCRETE_OR_ABSOLUTE,"Boolean, time, count, quality, or existing absolute rule"
AL-0732,ECMS,ELECTRICAL,ECMS.csv,ECMS_SOE,Electrical,Emergency Power,EDG,A-L_SCENARIO,,,OPERATOR_EVENT,OPERATION,비상디젤발전기 기동 명령,EDG_START_CMD rising_edge,BOOLEAN_EVENT,,,EVENT,0,N/A,5,OPERATION,파랑,#0A84FF,FALSE,FALSE,FALSE,NONE,TRUE,TRUE,A-L,DEMO_SCENARIO_ASSUMED,SCENARIO_ONLY_UNVERIFIED,SCENARIO_SOURCE_REQUIRED,https://build.openmodelica.org/Documentation/ThermoSysPro.Examples.Book.PowerPlants.CombinedCyclePowerPlant.GasTurbineTrip.html,시연용 A-L 이벤트 정의. 실제 DCS/ECMS 태그가 확보되면 1:1 매핑 필요.,ECMS,Electrical,EDG_START_CMD rising_edge,BOOLEAN_EVENT,,,,,,,UNCHANGED_DISCRETE_OR_ABSOLUTE,"Boolean, time, count, quality, or existing absolute rule"
AL-0733,ECMS,ELECTRICAL,ECMS.csv,ECMS_SOE,Electrical,Emergency Power,EDG,A-L_SCENARIO,,,OPERATOR_EVENT,OPERATION,비상디젤발전기 정지 명령,EDG_STOP_CMD rising_edge,BOOLEAN_EVENT,,,EVENT,0,N/A,5,OPERATION,파랑,#0A84FF,FALSE,FALSE,FALSE,NONE,TRUE,TRUE,A-L,DEMO_SCENARIO_ASSUMED,SCENARIO_ONLY_UNVERIFIED,SCENARIO_SOURCE_REQUIRED,https://build.openmodelica.org/Documentation/ThermoSysPro.Examples.Book.PowerPlants.CombinedCyclePowerPlant.GasTurbineTrip.html,시연용 A-L 이벤트 정의. 실제 DCS/ECMS 태그가 확보되면 1:1 매핑 필요.,ECMS,Electrical,EDG_STOP_CMD rising_edge,BOOLEAN_EVENT,,,,,,,UNCHANGED_DISCRETE_OR_ABSOLUTE,"Boolean, time, count, quality, or existing absolute rule"
AL-0700,ECMS,ELECTRICAL,ECMS.csv,ECMS_SOE,Electrical,Generator / Generator Control,Generator,A-L_SCENARIO,,,OPERATOR_EVENT,OPERATION,발전기 차단기 개방 명령,GEN_CB_OPEN_CMD rising_edge,BOOLEAN_EVENT,,,EVENT,0,N/A,5,OPERATION,파랑,#0A84FF,FALSE,FALSE,FALSE,NONE,TRUE,TRUE,A-L,DEMO_SCENARIO_ASSUMED,SCENARIO_ONLY_UNVERIFIED,SCENARIO_SOURCE_REQUIRED,https://build.openmodelica.org/Documentation/ThermoSysPro.Examples.Book.PowerPlants.CombinedCyclePowerPlant.GasTurbineTrip.html,시연용 A-L 이벤트 정의. 실제 DCS/ECMS 태그가 확보되면 1:1 매핑 필요.,DCS1,Generator,GEN_CB_OPEN_CMD rising_edge,BOOLEAN_EVENT,,,,,,,UNCHANGED_DISCRETE_OR_ABSOLUTE,"Boolean, time, count, quality, or existing absolute rule"
AL-0701,ECMS,ELECTRICAL,ECMS.csv,ECMS_SOE,Electrical,Generator / Generator Control,Generator,A-L_SCENARIO,,,OPERATOR_EVENT,OPERATION,발전기 차단기 투입 명령,GEN_CB_CLOSE_CMD rising_edge,BOOLEAN_EVENT,,,EVENT,0,N/A,5,OPERATION,파랑,#0A84FF,FALSE,FALSE,FALSE,NONE,TRUE,TRUE,A-L,DEMO_SCENARIO_ASSUMED,SCENARIO_ONLY_UNVERIFIED,SCENARIO_SOURCE_REQUIRED,https://build.openmodelica.org/Documentation/ThermoSysPro.Examples.Book.PowerPlants.CombinedCyclePowerPlant.GasTurbineTrip.html,시연용 A-L 이벤트 정의. 실제 DCS/ECMS 태그가 확보되면 1:1 매핑 필요.,DCS1,Generator,GEN_CB_CLOSE_CMD rising_edge,BOOLEAN_EVENT,,,,,,,UNCHANGED_DISCRETE_OR_ABSOLUTE,"Boolean, time, count, quality, or existing absolute rule"
AL-0702,ECMS,ELECTRICAL,ECMS.csv,ECMS_SOE,Electrical,Generator / Synchronizing,Generator,A-L_SCENARIO,,,OPERATOR_EVENT,OPERATION,자동 동기투입 명령,AUTO_SYNC_CMD rising_edge,BOOLEAN_EVENT,,,EVENT,0,N/A,5,OPERATION,파랑,#0A84FF,FALSE,FALSE,FALSE,NONE,TRUE,TRUE,A-L,DEMO_SCENARIO_ASSUMED,SCENARIO_ONLY_UNVERIFIED,SCENARIO_SOURCE_REQUIRED,https://build.openmodelica.org/Documentation/ThermoSysPro.Examples.Book.PowerPlants.CombinedCyclePowerPlant.GasTurbineTrip.html,시연용 A-L 이벤트 정의. 실제 DCS/ECMS 태그가 확보되면 1:1 매핑 필요.,DCS1,Generator,AUTO_SYNC_CMD rising_edge,BOOLEAN_EVENT,,,,,,,UNCHANGED_DISCRETE_OR_ABSOLUTE,"Boolean, time, count, quality, or existing absolute rule"
AL-0734,ECMS,ELECTRICAL,ECMS.csv,ECMS_SOE,Electrical,Generator Breaker,Generator CB,A-L_SCENARIO,,,OPERATOR_EVENT,OPERATION,발전기 차단기 개방 조작,GEN_CB_OPEN_CMD rising_edge,BOOLEAN_EVENT,,,EVENT,0,N/A,5,OPERATION,파랑,#0A84FF,FALSE,FALSE,FALSE,NONE,TRUE,TRUE,A-L,DEMO_SCENARIO_ASSUMED,SCENARIO_ONLY_UNVERIFIED,SCENARIO_SOURCE_REQUIRED,https://build.openmodelica.org/Documentation/ThermoSysPro.Examples.Book.PowerPlants.CombinedCyclePowerPlant.GasTurbineTrip.html,시연용 A-L 이벤트 정의. 실제 DCS/ECMS 태그가 확보되면 1:1 매핑 필요.,ECMS,Electrical,GEN_CB_OPEN_CMD rising_edge,BOOLEAN_EVENT,,,,,,,UNCHANGED_DISCRETE_OR_ABSOLUTE,"Boolean, time, count, quality, or existing absolute rule"
AL-0735,ECMS,ELECTRICAL,ECMS.csv,ECMS_SOE,Electrical,Generator Breaker,Generator CB,A-L_SCENARIO,,,OPERATOR_EVENT,OPERATION,발전기 차단기 투입 조작,GEN_CB_CLOSE_CMD rising_edge,BOOLEAN_EVENT,,,EVENT,0,N/A,5,OPERATION,파랑,#0A84FF,FALSE,FALSE,FALSE,NONE,TRUE,TRUE,A-L,DEMO_SCENARIO_ASSUMED,SCENARIO_ONLY_UNVERIFIED,SCENARIO_SOURCE_REQUIRED,https://build.openmodelica.org/Documentation/ThermoSysPro.Examples.Book.PowerPlants.CombinedCyclePowerPlant.GasTurbineTrip.html,시연용 A-L 이벤트 정의. 실제 DCS/ECMS 태그가 확보되면 1:1 매핑 필요.,ECMS,Electrical,GEN_CB_CLOSE_CMD rising_edge,BOOLEAN_EVENT,,,,,,,UNCHANGED_DISCRETE_OR_ABSOLUTE,"Boolean, time, count, quality, or existing absolute rule"
AL-0736,ECMS,ELECTRICAL,ECMS.csv,ECMS_SOE,Electrical,Bus Transfer,Station Bus,A-L_SCENARIO,,,OPERATOR_EVENT,OPERATION,상용/예비 전원 절체 명령,BUS_TRANSFER_CMD rising_edge,BOOLEAN_EVENT,,,EVENT,0,N/A,5,OPERATION,파랑,#0A84FF,FALSE,FALSE,FALSE,NONE,TRUE,TRUE,A-L,DEMO_SCENARIO_ASSUMED,SCENARIO_ONLY_UNVERIFIED,SCENARIO_SOURCE_REQUIRED,https://build.openmodelica.org/Documentation/ThermoSysPro.Examples.Book.PowerPlants.CombinedCyclePowerPlant.GasTurbineTrip.html,시연용 A-L 이벤트 정의. 실제 DCS/ECMS 태그가 확보되면 1:1 매핑 필요.,ECMS,Electrical,BUS_TRANSFER_CMD rising_edge,BOOLEAN_EVENT,,,,,,,UNCHANGED_DISCRETE_OR_ABSOLUTE,"Boolean, time, count, quality, or existing absolute rule"
AL-0737,ECMS,ELECTRICAL,ECMS.csv,ECMS_SOE,Electrical,UPS,UPS Bypass,A-L_SCENARIO,,,OPERATOR_EVENT,OPERATION,UPS Bypass 투입,UPS_BYPASS_ON_CMD rising_edge,BOOLEAN_EVENT,,,EVENT,0,N/A,5,OPERATION,파랑,#0A84FF,FALSE,FALSE,FALSE,NONE,TRUE,TRUE,A-L,DEMO_SCENARIO_ASSUMED,SCENARIO_ONLY_UNVERIFIED,SCENARIO_SOURCE_REQUIRED,https://build.openmodelica.org/Documentation/ThermoSysPro.Examples.Book.PowerPlants.CombinedCyclePowerPlant.GasTurbineTrip.html,시연용 A-L 이벤트 정의. 실제 DCS/ECMS 태그가 확보되면 1:1 매핑 필요.,ECMS,Electrical,UPS_BYPASS_ON_CMD rising_edge,BOOLEAN_EVENT,,,,,,,UNCHANGED_DISCRETE_OR_ABSOLUTE,"Boolean, time, count, quality, or existing absolute rule"
AL-0738,ECMS,ELECTRICAL,ECMS.csv,ECMS_SOE,Electrical,UPS,UPS Bypass,A-L_SCENARIO,,,OPERATOR_EVENT,OPERATION,UPS Bypass 해제,UPS_BYPASS_OFF_CMD rising_edge,BOOLEAN_EVENT,,,EVENT,0,N/A,5,OPERATION,파랑,#0A84FF,FALSE,FALSE,FALSE,NONE,TRUE,TRUE,A-L,DEMO_SCENARIO_ASSUMED,SCENARIO_ONLY_UNVERIFIED,SCENARIO_SOURCE_REQUIRED,https://build.openmodelica.org/Documentation/ThermoSysPro.Examples.Book.PowerPlants.CombinedCyclePowerPlant.GasTurbineTrip.html,시연용 A-L 이벤트 정의. 실제 DCS/ECMS 태그가 확보되면 1:1 매핑 필요.,ECMS,Electrical,UPS_BYPASS_OFF_CMD rising_edge,BOOLEAN_EVENT,,,,,,,UNCHANGED_DISCRETE_OR_ABSOLUTE,"Boolean, time, count, quality, or existing absolute rule"
